Catalogue,Artist,Title,format,"No of Items","Slip case",Sticker,Package,Booklet,"Vinyl Weight","Vinyl RPMs","Vinyl Colour",mp3,Notes,Manufacturer,"Sticker Manufacturer",ID
CDVILE118,"THE GREAT DECEIVER","A VENOM WELL DESIGNED",CD,0,0,0,,,,,,0,,,,1
CDVILEB129,KATATONIA,"THE BLACK SESSIONS",2CD+DVD,0,0,0,,,,,,0,,,,2
CDVILEB130,"MY DYING BRIDE","ANTI-DILUVIAN CHRONICLES",3CD,0,0,0,,,,,,0,,,,3
CDVILEB243,DARKTHRONE,"FROSTLAND TAPES",3CD,0,0,0,,,,,,0,,,,4
CDVILEB304,OPETH,"THE ROUNDHOUSE TAPES",2CD+DVD,0,0,1,,,,,,0,,CSV,"NULEAF (stickers)",5
CDVILED128,KATATONIA,"THE GREAT COLD DISTANCE",CD,1,0,1,"Super jewel",16pp,,,,0,,SP,"ANGLIA (stickers)",6
CDVILED150,"MY DYING BRIDE","A LINE OF DEATHLESS KINGS",CD,0,0,0,,,,,,0,,,,7
CDVILED226,OPHTHALAMIA,"VIA DOLOROSA",CD,1,0,1,"Super jewel",,,,,0,,SP,,8
CDVILED244X,"PARADISE LOST",GOTHIC,CD+DVD,1,0,1,"Super jewel",8pp,,,,0,"very expensive stickers 2000 at 20p",OPTIMAL,OPTIMAL,9
CDVILED251,"MADDER MORTEM",DEADLANDS,CD,1,0,1,"Super jewel",24pp,,,,0,,SP,"ANGLIA (stickers)",10
CDVILED257,OPETH,"STILL LIFE (JEWEL CASE)",CD,1,0,1,Jewel,12pp,,,,0,,OPTIMAL,,11
CDVILED259X,"AT THE GATES","WITH FEAR I KISS THE BURNING DARKNESS / GRONINGEN 1993",CD+DVD,2,0,1,"Super jewel",16pp,,,,0,,OPTIMAL,"ANGLIA (stickers)",12
CDVILED260X,"MY DYING BRIDE","THE ANGEL AND THE DARK RIVER / FOR DARKEST EYES",CD+DVD,2,0,1,"Super jewel",12pp,,,,0,,OPTIMAL,"ANGLIA (stickers)",13
CDVILED262,KATATONIA,"LIVE CONSTERNATION",CD+DVD,0,0,0,,,,,,0,,,,14
CDVILED264X,KATATONIA,"THE GREAT COLD DISTANCE",CD+DVD,2,0,1,"Super jewel",16pp,,,,0,,SP,SP,15
CDVILED265,OPETH,"THE ROUNDHOUSE TAPES",2CD,0,0,0,,,,,,0,,,,16
CDVILED285,DARKTHRONE,"DARK THRONES & BLACK FLAGS",CD,0,0,0,,,,,,0,,,,17
CDVILED288,NOVEMBRE,"THE BLUE",CD,1,0,0,Jewel,16pp,,,,0,,SP,,18
CDVILED289,"MY DYING BRIDE","A LINE OF DEATHLESS KINGS",CD,1,0,0,Jewel,16pp,,,,0,,OPTIMAL,,19
CDVILED293X,"NAPALM DEATH","PUNISHMENT IN CAPITALS",CD+DVD,0,0,0,,,,,,0,,VDC,,20
CDVILED297X,AUTOPSY,"DARK CRUSADES",CD+DVD,0,0,0,,,,,,0,,VDC,,21
CDVILED319X,BEHEMOTH,DEMIGOD,CD+DVD,1,0,0,,,,,,0,,TAKT,,22
CDVILED330X,CANDLEMASS,"EPICUS DOOMICUS METALLICUS - 25TH ANNIVERSARY",2CD,2,0,1,"Media book",,,,,0,,TAKT,,23
CDVILED341X,DARKTHRONE,"FROSTLAND TAPES",2CD,2,0,1,Jewel,16pp,,,,0,,SP,SP,24
CDVILED349,"BARREN EARTH","THE CURSE OF THE RED RIVER",CD,0,0,0,,,,,,0,,,,25
CDVILED95,AKERCOCKE,"THE GOAT OF MENDES",CD,1,0,0,Digipack6,16pp,,,,0,,SP,,26
CDVILEF168X,DARKTHRONE,"F.O.A.D. (SPECIAL EDITION)",CD,1,0,1,Clambox,,,,,0,"Poster + Postcards",,,27
CDVILEF173,"AURA NOIR","HADES RISE",CD,0,0,0,,,,,,0,,VDC,,28
CDVILEF235,"PORCUPINE TREE","NIL RECURRING",CD,0,0,0,,,,,,0,,SP,,29
CDVILEF242,BLOODBATH,"THE FATHOMLESS MASTERY",CD,1,0,1,"Super jewel",16pp,,,,0,"5 colour label",SP,,30
CDVILEF245X,"MY DYING BRIDE","FOR LIES I SIRE (SPECIAL `GUITAR PACK` EDITION)",CD,0,0,0,,,,,,0,,OPTIMAL,,31
CDVILEF256,ANATHEMA,"THE SILENT ENIGMA",CD+DVD,2,0,1,"Super jewel",12pp,,,,0,,OPTIMAL,,32
CDVILEF271X,KATATONIA,"NIGHT IS THE NEW DAY (SPECIAL EDITION)",CD,1,0,1,"Media book",20pp,,,,0,,"CHINA TRADING","CHINA TRADING",33
CDVILEF276X,DARKTHRONE,"CIRCLE THE WAGONS ( SPECIAL EDITION )",CD,0,0,1,,,,,,0,,CSV,"ANGLIA (stickers)",34
CDVILEF317,AUTOPSY,"MACABRE ETERNAL ( LIMITED EDITION MEDIA BOOK )",CD,1,0,1,"Media book",,,,,0,,TAKT,,35
CDVILEF324,"MY DYING BRIDE",EVINTA,2CD,2,1,1,Jewel,16pp,,,,0,,TAKT,,36
DVDVILE10,CANDLEMASS,"20 YEAR ANNIVERSARY PARTY",DVD,0,0,0,,,,,,0,,,,37
DVDVILE11,OPETH,"THE ROUNDHOUSE TAPES",DVD,1,0,1,,8pp,,,,0,"hideously expensive stickers",OPTIMAL,OPTIMAL,38
DVDVILE12,GALLHAMMER,"RUIN OF A CHURCH",DVD,0,0,0,,,,,,0,,,,39
DVDVILE13,BLOODBATH,"BLOODBATH OVER BLOODSTOCK",DVD,0,0,1,,16pp,,,,0,,TAKT,,40
DVDVILE6,"MY DYING BRIDE",SINAMORATA,DVD,0,0,0,,,,,,0,,VDC,,41
DVDVILE7,"NOCTURNO CULTO","THE MISANTHROPE",CD+DVD,0,0,0,,,,,,0,,,,42
DVDVILE8,"CRADLE OF FILTH","HEAVY LEFT HANDED AND CANDID",DVD,0,0,0,,,,,,0,,,,43
EBVILE001,"MY DYING BRIDE","EVINTA (3 DISC SET)",3CD,3,0,0,,,,,,0,,OPTIMAL,,44
EBVILE002,"CRADLE OF FILTH","CRADLE EARBOOK 3XCD",2CD+DVD,0,0,0,,,,,,0,,,,45
EBVILE002-L,"CRADLE OF FILTH","CRADLE BOXSET LARGE",2CD+DVD,0,0,0,,,,,,0,,,,46
EBVILE002-M,"CRADLE OF FILTH","CRADLE BOXSET MEDIUM",2CD+DVD,0,0,0,,,,,,0,,,,47
EBVILE002-S,"CRADLE OF FILTH","CRADLE BOXSET SMALL",2CD+DVD,0,0,0,,,,,,0,,,,48
EBVILE002-XL,"CRADLE OF FILTH","CRADLE BOXSET XL",2CD+DVD,0,0,0,,,,,,0,,,,49
KSCOPE102,"PORCUPINE TREE","LIGHTBULB SUN",CD+DVD,2,0,1,"Media book",20pp,,,,0,,"CHINA TRADING","CHINA TRADING",50
KSCOPE111X,NO-MAN,FLOWERMOUTH,CD,1,0,0,"Super jewel",,,,,0,,SP,,51
KSCOPE113,"STEVEN WILSON","INSURGENTES ( LIMITED EDITION )",CD+DVD,0,0,0,,,,,,0,,OPTIMAL,,52
KSCOPE128,"PORCUPINE TREE","STUPID DREAM ( 2 DISC SET )",CD+DVD,2,0,1,"Media book",16pp,,,,0,,"CHINA TRADING","CHINA TRADING",53
KSCOPE129M,NO-MAN,SPEAK,CD,1,0,1,"Super jewel",8pp,,,,0,,SP,,54
KSCOPE134,"PORCUPINE TREE",RECORDINGS,CD,1,0,1,"Media book",,,,,0,,TAKT,,55
KSCOPE149,NO-MAN,"WILD OPERA",2CD,2,0,0,"Media book",,,,,0,,TAKT,,56
KSCOPE153,"THE PINEAPPLE THIEF","SOMEONE HERE IS MISSING (SPECIAL)",CD,1,0,0,"Media book",,,,,0,,TAKT,,57
KSCOPE154,ANATHEMA,"WE`RE HERE BECAUSE WE`RE HERE",CD+DVD,0,0,0,,,,,,0,,TAKT,,58
KSCOPE167,BLACKFIELD,"WELCOME TO MY DNA (SPECIAL)",CD,1,0,1,"Media book",,,,,0,,TAKT,,59
KSCOPE169,ULVER,"WARS OF THE ROSES ( LTD EDITION MEDIA BOOK )",CD,1,0,1,"Media book",,,,,0,,TAKT,,60
KSCOPE176,"STEVEN WILSON","GRACE FOR DROWNING ( 2 CD MEDIA BOOK )",2CD,0,0,0,,,,,,0,,TAKT,,61
KSCOPE501X,"PORCUPINE TREE","ARRIVING SOMEWHERE ( 2 DVD SET )",2DVD,1,0,1,"Super jewel",4pp,,,,0,,OPTIMAL,,62
KSCOPE505,NO-MAN,"MIXTAPED ( 2 DVD SET )",2DVD,1,0,1,"Super jewel",4pp,,,,0,,OPTIMAL,"ANGLIA (stickers)",63
KSCOPE506,"PORCUPINE TREE","ANESTHETIZE ( BLU-RAY & DVD SET )","Blu-ray + DVD",0,0,0,,,,,,0,,TAKT,,64
KSCOPE507,"PORCUPINE TREE",ANESTHETIZE,DVD,0,0,0,,,,,,0,,VDC,,65
KSCOPE508,"STEVEN WILSON","INSURGENTES - MOVIE ( 2 DVD SET )",2DVD,2,0,1,,Other,,,,0,,TAKT,,66
KSCOPE510,"STEVEN WILSON","GRACE FOR DROWNING (DELUXE)",CDBox,5,0,0,,,,,,0,"3 CDs 1 Bluray",CSV,,67
KSCOPE511,"STEVEN WILSON","GRACE FOR DROWNING ( BLU-RAY )",Blu-ray,0,0,1,,16pp,,,,0,,CSV,"ANGLIA (stickers)",68
KSCOPE801,"PORCUPINE TREE","ON THE SUNDAY OF LIFE",2LP,0,0,0,,,,,,0,,,,69
KSCOPE802,"PORCUPINE TREE","UP THE DOWNSTAIR",2LP,0,0,0,,,,,,0,,CSV,,70
KSCOPE805,"PORCUPINE TREE",SIGNIFY,2LP,2,0,0,Gatefold,,,,,0,,CSV,,72
KSCOPE808,"STEVEN WILSON","INSURGENTES VINYL",2LP,0,0,0,,,,,,0,,,,73
KSCOPE809,"STEVEN WILSON","NSRGNTS RMX",LP,0,0,0,,,,,,0,,,,74
KSCOPE812,ANATHEMA,"WE`RE HERE BECAUSE WE`RE HERE",2LP,2,0,0,Gatefold,,,,,0,,OPTIMAL,,75
KSCOPE813,"PORCUPINE TREE",RECORDINGS,2LP,2,0,0,Gatefold,,,,,0,,CSV,,76
KSCOPE814,"LUNATIC SOUL","LUNATIC SOUL II",2LP,2,0,0,Gatefold,,,,,0,,OPTIMAL,,77
KSCOPE815,BLACKFIELD,BLACKFIELD,2LP,2,0,0,Gatefold,,,,,0,,CSV,,78
KSCOPE817,BLACKFIELD,"WELCOME TO MY DNA",LP,1,0,1,Single,,,,,0,"previously was a gatefold",CSV,,79
KSCOPE818,"STEVEN WILSON","GRACE FOR DROWNING",2LP,2,0,0,Gatefold,,,,,0,,CSV,,80
KSCOPE819,ULVER,"WARS OF THE ROSES",LP,1,0,0,Gatefold,,,,,0,,CSV,,81
KSCOPE820,ANATHEMA,"FALLING DEEPER",LP,1,0,0,,,,,,0,,OPTIMAL,,82
KSCOPE821,"LUNATIC SOUL",IMPRESSIONS,LP,1,0,0,,,,,,0,,OPTIMAL,,83
KSCOPEVOL1,KSCOPE,"VOLUME 1",CD,0,0,0,,,,,,0,,,,84
LOTSCOPE001,"STEVEN WILSON",OCEANSIZE,CD,0,0,0,,,,,,0,,OPTIMAL,,85
MDQCD001,"THE MILLION DOLLAR QUARTET","MILLION DOLLAR QUARTET",CD,0,0,0,,,,,,0,,VDC,,86
SBLUECD041,"VARIOUS BLUES","THE EARLY BLUES ROOTS OF LED ZEPPELIN (JEWELCASE)",CD,1,0,0,Jewel,12pp,,,,0,,,,87
SBLUECD054,"PETER GREEN WITH NIGEL WATSON","HOT FOOT POWDER",CD,1,0,0,Digipack4,12pp,,,,0,,OPTIMAL,,88
SBLUECD075,"VARIOUS BLUES","THE ROOTS OF AMY WINEHOUSE",CD,1,0,0,Digipack4,12pp,,,,0,,OPTIMAL,,89
SBLUECD076,"VARIOUS BLUES","THE ROOTS OF CAPTAIN BEEFHEART",CD,1,0,0,Digipack4,12pp,,,,0,,OPTIMAL,,90
SBLUECD077,"VARIOUS BLUES","THE ROOTS OF ELVIS COSTELLO",CD,1,0,0,Digipack4,12pp,,,,0,,OPTIMAL,,91
SBLUECD078,"VARIOUS BLUES","THE ROOTS OF KINGS OF LEON",CD,1,0,0,Digipack4,12pp,,,,0,,OPTIMAL,,92
SBLUECD079,"VARIOUS BLUES","THE ROOTS OF NICK DRAKE & SANDY DENNY",CD,1,0,0,Digipack4,12pp,,,,0,,OPTIMAL,,93
SBLUECD080,"VARIOUS BLUES","THE ROOTS OF PAUL WELLER",CD,1,0,0,Digipack4,12pp,,,,0,,OPTIMAL,,94
SBLUECD081,"VARIOUS BLUES","THE ROOTS OF FRANK ZAPPA",CD,1,0,0,Digipack4,12pp,,,,0,,OPTIMAL,,95
SBLUECD082,"VARIOUS BLUES","THE ROOTS OF AC / DC",CD,1,0,0,Digipack4,12pp,,,,0,,OPTIMAL,,96
SBLUECD083,"B B KING","BB BOOGIE",CD,1,0,0,Digipack4,12pp,,,,0,,OPTIMAL,,97
SBLUECD501X,"PETER GREEN","ME & THE DEVIL",3CD,3,0,0,Clambox,24pp,,,,0,,"CHINA TRADING",,98
SBLUECD703X,"DJANGO REINHARDT","RHYTHM & SWING ( 7 CD BOX SET )",7CD,7,0,1,Clambox,,,,,0,,"CHINA TRADING","CHINA TRADING",99
SBLUECD705X,"VARIOUS ARTISTS","THE CARIBOU & DOWNBEAT 78`S STORY",2CD,2,0,0,Clambox,24pp,,,,0,,"CHINA TRADING",,100
SDPCD113,"THE PRETTY THINGS","SAVAGE EYE",CD,1,0,0,Digipack4,16pp,,,,0,"Gold Limited Edition",,,101
SDPCD116,"THE PRETTY THINGS","CROSS TALK",CD,1,0,0,Digipack4,20pp,,,,0,"Gold Limited Edition",,,102
SDPCD126,"STEVE HACKETT","GENESIS REVISITED",CD,1,0,0,"Super jewel",16pp,,,,0,,SP,,103
SDPCD161,"STEVE EARLE / TOWNES VAN ZANDT / GUY CLARK","LIVE AT THE BLUEBIRD",CD,1,0,0,"Super jewel",4pp,,,,0,,SP,,104
SDPCD184,MARILLION,"TALES FROM THE ENGINE ROOM",CD,0,0,0,,,,,,0,,,,105
SDPCD185,PENDRAGON,"THE MASQUERADE OVERTURE",CD,1,0,0,"Super jewel",12pp,,,,0,,SP,,106
SDPCD186,PENDRAGON,"THE WORLD",CD,1,0,0,"Super jewel",12pp,,,,0,,SP,,107
SDPCD206,"CARL PERKINS & FRIENDS","BLUE SUEDE SHOES",CD,1,0,0,Digipack6,8pp,,,,0,,SP,,108
SDVD001,"JAZZ ON A SUMMER`S DAY","JAZZ ON A SUMMER`S DAY",CD+DVD,1,0,0,Amaray,4pp,,,,0,,VDC,VDC,109
SDVD506,"HOWARD MARKS","MR NICE (HOWARD`S CUT)",DVD,0,0,0,,,,,,0,,,,110
SDVD513,"TANGERINE DREAM","INFERNO MOVIE ( 1 DVD SET )",DVD,1,0,0,,4pp,,,,0,,VDC,,111
SDVD514,"CARL PERKINS & FRIENDS","BLUE SUEDE SHOES",DVD,1,0,0,,4pp,,,,0,"clear case",SP,,112
SDVD518,"ELVIS PRESLEY","FROM THE BEGINNING TO THE END",DVD,0,0,0,,,,,,0,,,,113
SDVD540,"PINK FLOYD","LONDON 1966/67",DVD,0,0,0,,,,,,0,,,,114
SDVD541,W.A.S.P.,"THE STING",DVD,1,0,0,Amaray,,,,,0,amaray,SP,,115
SDVD542,"MARTIN SCORSESE","FEEL LIKE GOING HOME",DVD,0,0,0,,,,,,0,,,,116
SDVD543,"WIM WENDERS","SOUL OF A MAN",DVD,0,0,0,,,,,,0,,,,117
SDVD544,"B B KING & OTHERS","THE ROAD TO MEMPHIS - A FILM BY RICHARD PEARCE & ROBERT KENNER",DVD,1,0,1,Amaray,4pp,,,,0,,OPTIMAL,OPTIMAL,118
SDVD545,"CHARLES BURNETT","WARMING BY THE DEVILS FIRE",DVD,0,0,0,,,,,,0,,,,119
SDVD546,"MARC LEVIN","GODFATHERS & SONS",DVD,0,0,0,,,,,,0,,,,120
SDVD547,"MIKE FIGGIS","RED WHITE & BLUES",DVD,0,0,0,,,,,,0,,,,121
SDVD548,"CLINT EASTWOOD","PIANO BLUES",DVD,0,0,0,,,,,,0,,,,122
SDVD551,"WOODY GUTHRIE","THIS MACHINE KILLS FASCISTS",DVD,0,0,0,,,,,,0,,,,123
SMACD924X,"PINK FLOYD","LONDON 1966/67 ( CD )",CD,1,0,0,Digipack6,6pp,,,,0,,OPTIMAL,,124
SMACD955X,"OZRIC TENTACLES","JURASSIC SHIFT",CD+DVD,1,0,0,Digibook,,,,,0,,OPTIMAL,,125
SMACD963,"PRETTY THINGS","S.F. SORROW / LIVE AT ABBEY ROAD",CD+DVD,2,0,1,,,,,,0,"Limited edition of 5000","CHINA TRADING",,126
SMACD970,PENDRAGON,"PASSION - SPECIAL EDITION",CD+DVD,0,0,0,,,,,,0,,TAKT,,128
SMACD972,MARILLION,MARBLES,2CD,2,0,1,"Media book",,,,,0,,TAKT,,129
SMACD973,MARILLION,"SOMEWHERE ELSE",CD,1,0,1,"Media book",,,,,0,,TAKT,,130
SMACD974,W.A.S.P.,"THE HEADLESS CHILDREN",2CD,2,0,1,"Media book",,,,,0,,TAKT,,131
SMACD975,W.A.S.P.,"INSIDE THE ELECTRIC CIRCUS / LIVE IN THE RAW",2CD,2,0,1,"Media book",,,,,0,,TAKT,,132
SMACD976,MARILLION,MARILLION.COM,CD,1,0,1,"Media book",,,,,0,,TAKT,,133
SMADVD049,"PINK FLOYD","LONDON 1966/67",DVD,1,0,0,,6pp,,,,0,Digi,CSV,,134
SMADVD056,UFO,"TOO HOT TO HANDLE - DVD",DVD,1,0,0,,,,,,0,,OPTIMAL,,135
SMALP968,"PINK FLOYD","LONDON 1966/1967",LP,1,0,0,Gatefold,,,,,0,,OPTIMAL,,136
SMALP970,PENDRAGON,PASSION,2LP,2,0,0,Gatefold,,,,,0,,OPTIMAL,,137
SMALP972,MARILLION,MARBLES,2LP,2,0,0,Gatefold,,,,,0,,OPTIMAL,,138
SMALP973,MARILLION,"SOMEWHERE ELSE",2LP,1,0,0,,,,,,0,,OPTIMAL,,139
SMDCD102X,"JIM CROCE","THE DEFINITIVE COLLECTION",2CD,2,0,0,Jewel,8pp,,,,0,,VDC,,140
SMDCD103X,"VAN MORRISON","NEW YORK SESSIONS",2CD,2,0,0,Jewel,8pp,,,,0,,TAKT,,141
SMDCD105X,"CURTIS MAYFIELD","THE ULTIMATE COLLECTION",2CD,2,0,0,Jewel,8pp,,,,0,,TAKT,,142
SMDCD108X,"BOB MARLEY","BUSTIN` OUT OF TRENCHTOWN",2CD,2,0,0,Jewel,8pp,,,,0,,VDC,,143
SMDCD140,"BAD MANNERS","VIVA LA SKA REVOLUTION",2CD,2,0,0,Jewel,8pp,,,,0,,VDC,,144
SMDCD145,W.A.S.P.,"THE CRIMSON IDOL ( 2 CD SET - JEWEL CASE )",2CD,2,0,0,Jewel,12pp,,,,0,,VDC,,145
SMDCD146,"SPEAR OF DESTINY","THE BEST OF S.O.D.",2CD,2,0,0,Jewel,8pp,,,,0,,,,146
SMDCD162,"DINAH WASHINGTON","SMOKE GETS IN YOUR EYES",2CD,2,0,0,Jewel,8pp,,,,0,,VDC,,147
SMDCD176,"CARL PERKINS","ESSENTIAL SUN COLLECTION",2CD,2,0,0,Jewel,8pp,,,,0,,VDC,,148
SMDCD178,"THE VENTURES","STARS ON GUITARS",2CD,2,0,0,Jewel,8pp,,,,0,,VDC,,149
SMDCD180,"JERRY LEE LEWIS","ESSENTIAL SUN COLLECTION",2CD,2,0,0,Jewel,8pp,,,,0,,VDC,,150
SMDCD181,"ROY ORBISON","ESSENTIAL SUN COLLECTION",2CD,2,0,0,Jewel,8pp,,,,0,,,,151
SMDCD183,"SMALL FACES","THE DEFINITIVE COLLECTION",2CD,2,0,0,Jewel,8pp,,,,0,,VDC,,152
SMDCD184,"THE YARDBIRDS","THE ULTIMATE COLLECTION",2CD,2,0,0,Jewel,8pp,,,,0,,VDC,,153
SMDCD185,"JOHNNY WINTER","TEXAS BLUES",2CD,2,0,0,Jewel,8pp,,,,0,,VDC,,154
SMDCD187,"JOHN LEE HOOKER","THIS IS HIP - BEST OF",2CD,2,0,0,Jewel,8pp,,,,0,,VDC,,155
SMDCD189,GONG,"OTHER SIDE OF THE SKY",2CD,2,0,0,Jewel,8pp,,,,0,,VDC,,156
SMDCD190,"13TH FLOOR ELEVATORS","HIS EYE IS ON THE PYRAMID",2CD,2,0,0,Jewel,8pp,,,,0,,VDC,,157
SMDCD197,"DEL SHANNON","THE DEFINITIVE COLLECTION",2CD,2,0,0,Jewel,8pp,,,,0,,VDC,,158
SMDCD203,"THE NICE","THE IMMEDIATE COLLECTION",2CD,2,0,0,Jewel,8pp,,,,0,,,,159
SMDCD212,"HUMBLE PIE","NATURAL BORN BUGIE",2CD,2,0,0,Jewel,8pp,,,,0,,VDC,,160
SMDCD213,"JOHNNY CASH","ESSENTIAL SUN COLLECTION",2CD,2,0,0,Jewel,8pp,,,,0,,VDC,,161
SMDCD225,"CELIA CRUZ","CUBAN QUEEN",2CD,2,0,0,Jewel,8pp,,,,0,,VDC,,162
SMDCD231,"ELMORE JAMES","ROLLIN` AND TUMBLIN`",2CD,2,0,0,Jewel,8pp,,,,0,,VDC,,163
SMDCD232,"JIMMY REED","BIG BOSS MAN",2CD,2,0,0,Jewel,8pp,,,,0,,VDC,,164
SMDCD233,"JOHN MAYALL","BLUES POWER",2CD,2,0,0,Jewel,8pp,,,,0,,VDC,,165
SMDCD274,"FLEETWOOD MAC","BOSTON BLUES",2CD,2,0,0,Jewel,8pp,,,,0,,VDC,,166
SMDCD278,"NINA SIMONE",MISUNDERSTOOD,2CD,2,0,0,Jewel,8pp,,,,0,,VDC,,167
SMDCD285,"SLY & ROBBIE","REGGAE STYLEE",2CD,2,0,0,Jewel,8pp,,,,0,,VDC,,168
SMDCD286,DILLINGER,"NATTY BSC",2CD,2,0,0,Jewel,8pp,,,,0,,,,169
SMDCD287,FUNKADELIC,"FUNK GETS STRONGER",2CD,2,0,0,Jewel,8pp,,,,0,,SP,,170
SMDCD289,"BOBBY WOMACK","POETRY IN MOTION",2CD,2,0,0,Jewel,8pp,,,,0,,VDC,,171
SMDCD291,MAGMA,SPIRITUAL,2CD,2,0,0,Jewel,8pp,,,,0,,VDC,,172
SMDCD293,"BUDDY HOLLY","FOREVER 22",2CD,2,0,0,Jewel,8pp,,,,0,,,,173
SMDCD301X,"DEAN MARTIN","RELAX?..IT`S DEAN MARTIN",2CD,2,0,0,Jewel,8pp,,,,0,,VDC,,174
SMDCD307,"DJANGO REINHARDT",DJANGOLOGY,2CD,2,0,0,Jewel,8pp,,,,0,,VDC,,175
SMDCD311,"WOODY GUTHRIE","RAMBLIN` ROUND",2CD,2,0,0,Jewel,8pp,,,,0,,VDC,,176
SMDCD313,"EDITH PIAF","SONGS OF A SPARROW",2CD,2,0,0,Jewel,8pp,,,,0,,VDC,,177
SMDCD343,"THE PRETTY THINGS","RHYTHM & BLUES YEARS",2CD,2,0,0,Jewel,8pp,,,,0,,VDC,,178
SMDCD344,"THE PRETTY THINGS","THE PSYCHEDELIC YEARS",2CD,2,0,0,Jewel,8pp,,,,0,,VDC,,179
SMDCD360,"SINATRA/MARTIN/DAVIS JNR","RATPACK FROM VEGAS",2CD,2,0,0,Jewel,8pp,,,,0,,VDC,,180
SMDCD366,GONG,"FROM HERE TO ETERNITEA",2CD,2,0,0,Jewel,8pp,,,,0,,VDC,,181
SMDCD370,ELP,"THE SHOW THAT NEVER ENDS",2CD,2,0,0,Jewel,8pp,,,,0,,VDC,,182
SMDCD373,"THE STRANGLERS","LIES & DECEPTION",2CD,2,0,0,Jewel,8pp,,,,0,,,,183
SMDCD374,THUNDER,"SYMPHONY AND STAGE",2CD,2,0,0,Jewel,8pp,,,,0,,VDC,,184
SMDCD375,YES,YESTODAY,2CD,2,0,0,Jewel,8pp,,,,0,,,,185
SMDCD381,"HANK WILLIAMS","LONG GONE DADDY",2CD,2,0,0,Jewel,8pp,,,,0,,VDC,,186
SMDCD382,"STEVE HACKETT","GENESIS FILES",2CD,2,0,0,Jewel,8pp,,,,0,,VDC,,187
SMDCD386,"URIAH HEEP","BETWEEN TWO WORLDS",2CD,2,0,0,"Super jewel",8pp,,,,0,"Why a SJ",SP,,188
SMDCD388,"BARCLAY JAMES HARVEST","BRAVE NEW WORLD",2CD,2,0,0,Jewel,8pp,,,,0,,VDC,,189
SMDCD391,W.A.S.P.,"WASP / THE LAST COMMAND",2CD,2,0,0,Jewel,8pp,,,,0,,VDC,,190
SMDCD396,"JIMMIE RODGERS","STANDING ON THE CORNER",2CD,2,0,0,Jewel,8pp,,,,0,,,,191
SMDCD410,PRINCE,"ONE MAN JAM",2CD,2,0,0,Jewel,8pp,,,,0,,VDC,,192
SMDCD416,"THE PRETTY THINGS","EMOTIONS & SINGLES A`S & B`S",2CD,2,0,0,Jewel,8pp,,,,0,,VDC,,193
SMDCD421,W.A.S.P.,"INSIDE THE ELECTRIC CIRCUS / HEADLESS CHILDREN",2CD,2,0,0,Jewel,8pp,,,,0,,VDC,,194
SMDCD438,"DEMIS ROUSSOS","FOREVER DEMIS",2CD,2,0,0,Jewel,8pp,,,,0,,VDC,,195
SMDCD439,"THE HERD",UNDERWORLD,2CD,2,0,0,Jewel,8pp,,,,0,,VDC,,196
SMDCD441,"JOHN MARTYN","SOLID AIR (CLASSICS RE-VISITED)",2CD,2,0,0,Jewel,8pp,,,,0,,VDC,,197
SMDCD455,"GENTLE GIANT","WAY OF LIFE",2CD,2,0,0,Jewel,8pp,,,,0,,VDC,,198
SMDCD456,"THE SOFT MACHINE","KINGS OF CANTERBURY",2CD,2,0,0,Jewel,8pp,,,,0,,OPTIMAL,,199
SMDCD461,"STEVE HACKETT","GUITAR NOIR",2CD,2,0,0,Jewel,8pp,,,,0,,VDC,,200
SMDCD475,"DEEP PURPLE & FRIENDS","PURPLE & OTHER COLOURS",2CD,2,0,0,Jewel,8pp,,,,0,,VDC,,201
SMDCD476,"YES & FRIENDS","YES & FRIENDS",2CD,2,0,0,Jewel,8pp,,,,0,,,,202
SMDCD478,MAN,"MAN ALIVE",2CD,2,0,0,Jewel,8pp,,,,0,,,,203
SMDCD481,"MAGNA CARTA","AGES AND SEASONS",2CD,2,0,0,Jewel,,,,,0,,VDC,,204
SMDCD483,"WISHBONE ASH",WARRIORS,2CD,2,0,0,Jewel,8pp,,,,0,,VDC,,205
SMDCD484,"FAIRPORT CONVENTION","ACROSS THE DECADES",2CD,2,0,0,Jewel,8pp,,,,0,,VDC,,206
SMDCD485,"ALBION BAND","NO SURRENDER",2CD,2,0,0,Jewel,,,,,0,,,,207
SMDCD491,W.A.S.P.,"THE STING / HELLDORADO",2CD,2,0,0,Jewel,8pp,,,,0,,VDC,,208
SMDCD500,"ROBIN TROWER","DREAMING THE BLUES",2CD,2,0,0,Jewel,8pp,,,,0,,VDC,,209
SMDCD508,"ERIC BURDON","IT`S MY LIFE",2CD,2,0,0,Jewel,8pp,,,,0,,VDC,,210
SMDCD512,"JAMES LAST","WITH STRINGS ATTACHED",2CD,2,0,0,Jewel,8pp,,,,0,,VDC,,211
SMDCD513,TESTAMENT,"DAYS OF DARKNESS",2CD,2,0,0,Jewel,8pp,,,,0,,VDC,,212
SMDCD514,OVERKILL,UNHOLY,2CD,2,0,0,Jewel,8pp,,,,0,,VDC,,213
SMDCD515,MOUNTAIN,ERUPTION,2CD,2,0,0,Jewel,8pp,,,,0,,VDC,,214
SMDCD517,"ATOMIC ROOSTER","TOMORROW NIGHT",2CD,2,0,0,Jewel,,,,,0,,,,215
SMDCD518,"MOTT THE HOOPLE","WALKIN` WITH THE HOOPLE",2CD,2,0,0,Jewel,8pp,,,,0,,VDC,,216
SMDCD528,"THE SKATALITES","IN THE MOOD FOR SKA",2CD,2,0,0,Jewel,8pp,,,,0,,VDC,,217
SMDCD534,"DEAN MARTIN","THAT`S AMORE",2CD,2,0,0,Jewel,8pp,,,,0,,VDC,,218
SMDCD537,"VERA LYNN","A STAR FELL OUT OF HEAVEN",CD,2,0,0,Jewel,,,,,0,,,,219
SMDCD538,"ALBERT COLLINS","DEEP FREEZE",2CD,2,0,0,Jewel,8pp,,,,0,,VDC,,220
SMDCD540,"IAN GILLAN","SECOND SIGHT",2CD,2,0,0,Jewel,,,,,0,,,,221
SMDCD541,"BOBBY DARIN","FEELING GOOD?A CLASSIC COLLECTION",2CD,2,0,0,Jewel,,,,,0,,VDC,,222
SMDCD542,"JIMMY BUFFETT","NOW YER SQUAWKIN`",2CD,2,0,0,Jewel,,,,,0,,,,223
SMDCD543,"KENNY ROGERS","ALWAYS & FOREVER",2CD,2,0,0,Jewel,8pp,,,,0,,VDC,,224
SMDCD556,FAMILY,"IN THEIR OWN TIME",2CD,2,0,0,Jewel,8pp,,,,0,,VDC,,225
SMDCD557,"ROGER CHAPMAN","CHAPPO / LIVE IN HAMBURG",2CD,2,0,0,Jewel,8pp,,,,0,,VDC,,226
SMDCD558,"COLIN BLUNSTONE","GREATEST HITS & LIGHT INSIDE",2CD,2,0,0,Jewel,8pp,,,,0,,VDC,,227
SMDCD559,"JOHN MARTYN","LIVE AT LEEDS & MORE",2CD,2,0,0,Jewel,8pp,,,,0,,VDC,,228
SMDCD583,"TWISTED SISTER","LIVE AT HAMMERSMITH",2CD,2,0,0,Jewel,8pp,,,,0,,VDC,,229
SMDCD584,"ALICE COOPER","BRUTAL PLANET / DRAGON TOWN",2CD,2,0,0,Jewel,8pp,,,,0,,VDC,,230
SMDCD585,"ELO PART 2","ONE NIGHT IN AUSTRALIA",2CD,2,0,0,Jewel,8pp,,,,0,,VDC,,231
SMDCD586,DIO,"MAGICA / KILLING THE DRAGON",2CD,2,0,0,Jewel,8pp,,,,0,,VDC,,232
SMDCD587,"GEORGE THOROGOOD","HARD STUFF / RIDE TILL I DIE",2CD,2,0,0,Jewel,8pp,,,,0,,VDC,,233
SMDCD588,"DEEP PURPLE","IN CONCERT / LIVE MONTREAUX 96",2CD,2,0,0,Jewel,8pp,,,,0,,VDC,,234
SMDCD589,"STEVE MILLER BAND","THE SESSIONS",2CD,2,0,0,Jewel,8pp,,,,0,,VDC,,235
SMDCD590,"THE BEACH BOYS","LIVE AT KNEBWORTH",2CD,2,0,0,Jewel,8pp,,,,0,,VDC,,236
SMDCD591,CROWBAR,"EQUILIBRIUM / ODD FELLOWS REST",2CD,2,0,0,Jewel,8pp,,,,0,,VDC,,237
SMDCD593,"PETER GREEN","REACHING THE COLD 100 / TIME TRADERS",2CD,2,0,0,Jewel,8pp,,,,0,,VDC,,238
SMDCD594,"JAMES BROWN","ORIGINAL FUNK SOUL BROTHER",2CD,2,0,0,Jewel,8pp,,,,0,,VDC,,239
SMDCD597,"ELVIS PRESLEY","MEMPHIS DYNAMITE",2CD,2,0,0,Jewel,8pp,,,,0,,VDC,,240
SMDCD598,"FAIRPORT CONVENTION","FESTIVAL - CROPREDY 2002",2CD,2,0,0,Jewel,8pp,,,,0,,,,241
SMDCD599,"WISHBONE ASH","PAST & PRESENT",2CD,2,0,0,Jewel,,,,,0,,VDC,,242
SMDCD600,"SNOOP DOGG","DOGGY STYLE HITS",2CD,2,0,0,Jewel,8pp,,,,0,,VDC,,243
SMDCD601,USHER,"USHER & FRIENDS",2CD,0,0,0,,,,,,0,restickered,,,244
SMDCD603,"PETER GREEN","THE SUPERNATURAL - NOT ISSUED",2CD,0,0,0,,,,,,0,"restickered-Think about",,,245
SNAB900CD,"BOB MARLEY & THE WAILERS","TRENCH TOWN ROCK (RE-ISSUE)",4CD,0,0,0,,,,,,0,,VDC,"ANGLIA (stickers)",246
SNAB904CD,"JERRY LEE LEWIS","SUN ESSENTIALS",4CD,0,0,0,,,,,,0,,VDC,,247
SNAD503CD,"SAMMY DAVIS JNR","HERE`S SAMMY DAVIS JNR",2CD,0,0,0,,,,,,0,,,,248
SNAD507CD,"CURTIS MAYFIELD","SUPER FLY",2CD,0,0,0,,,,,,0,,,,249
SNAD512CD,"ART ENSEMBLE OF CHICAGO","LIVE IN PARIS",2CD,0,0,0,,,,,,0,,VDC,,250
SNAD513CD,"DON CHERRY","ORIENT / BLUE LAKE",2CD,0,0,0,,,,,,0,,VDC,,251
SNAD530CD,"SUN RECORDS","THE SAM PHILLIPS STORY",2CD,0,0,0,,,,,,0,,,,252
SNAD533CD,"SUN RA","SOLAR MYTH VOL 1 & 2",2CD,0,0,0,,,,,,0,,VDC,,253
SNAD534CD,"ARCHIE SHEPP","BLAS? LIVE",2CD,2,0,0,Jewel,8pp,,,,0,,VDC,,254
SNAD535CD,"SUN RECORDS","THE ESSENTIAL SUN RECORDS",2CD,0,0,0,,,,,,0,,,,255
SNAD539CD,"JIMI HENDRIX",EXPERIENCE,2CD,0,0,0,,,,,,0,,,,256
SNAD542CD,"JOHN LEE HOOKER","THE CREAM",2CD,2,0,0,Jewel,8pp,,,,0,"5 Colour Label",SP,,257
SNAD545CD,"SAMMY DAVIS JNR","WHERE IS LOVE ?",2CD,0,0,0,,,,,,0,,,,258
SNAD551CD,"THE MILLION DOLLAR QUARTET","50TH ANNIVERSARY EDITION",2CD,2,1,1,Jewel,12pp,,,,0,,VDC,,259
SNAD552CD,"CURTIS MAYFIELD","THE VERY BEST OF CURTIS",2CD,2,1,0,Jewel,,,,,0,,VDC,,260
SNAD555CD,"JEFFERSON AIRPLANE","LAST FLIGHT",2CD,0,0,0,,,,,,0,,VDC,,261
SNAD556CD,"QUICKSILVER MESSENGER SERVICE","AT THE KABUKI THEATRE",2CD,0,0,0,,,,,,0,,VDC,,262
SNAD557CD,"TOWNES VAN ZANDT","LEGEND - BEST OF",2CD,2,0,1,Jewel,12pp,,,,0,,VDC,,263
SNAD559CD,"DING DONG PRESENTS","VOL 1 - RABBIT ACTION & ROCK-A-BILLY BLUES",2CD,2,0,0,Jewel,8pp,,,,0,,OPTIMAL,,264
SNAD560CD,"DING DONG PRESENTS","VOL 2 - ROCK BOP BOOGIE & R & R PILLS",2CD,0,0,0,,,,,,0,,OPTIMAL,,265
SNAD661CD,"VARIOUS SOUL","SEHORN SOUL FARM",2CD,2,1,1,"Super jewel",12pp,,,,0,,OPTIMAL,"ANGLIA (stickers)",266
SNAD663CD,"GREGORY ISAACS","LOVE IS OVERDUE",2CD,2,1,1,Jewel,12pp,,,,0,"5-colour label and slipcase",SP,SP,267
SNAF833CD,"GIL SCOTT-HERON & BRIAN JACKSON","WINTER IN AMERICA",CD,1,0,1,Jewel,12pp,,,,0,"5 colour label",SP,,268
SNAJ720CD,"JIMI HENDRIX",EXPERIENCE,3CD,0,0,0,,,,,,0,,,,269
SNAJ722CD,"ELMORE JAMES","DUST MY BROOM",3CD,3,0,0,Clambox,24pp,,,,0,,"CHINA TRADING",,270
SNAJ723CD,"VEE JAY RECORDS","THE VEE JAY BOX SET",3CD,0,0,0,,,,,,0,,VDC,,271
SNAJ726CD,FUNKADELIC,"UNDER A GROOVE",3CD,3,0,0,Clambox,36pp,,,,0,,"CHINA TRADING",,272
SNAJ728CD,"JIMMY REED","The Essential Boss Man",3CD,3,0,0,Clambox,24pp,,,,0,,"CHINA TRADING",,273
SNAJ729CD,"TOWNES VAN ZANDT","TEXAS TROUBADOUR",4CD,4,0,1,Clambox,36pp,,,,0,,"CHINA TRADING","CHINA TRADING",274
SNAJ730CD,"FIRE & FURY","THE FIRE & FURY STORY",3CD,0,0,0,,,,,,0,,,,275
SNAJ732CD,CURTOM,"THE CURTOM STORY",3CD,0,0,0,,,,,,0,,,,276
SNAJ734CD,"VARIOUS ARTISTS","THE SOUND STAGE SEVEN STORY",3CD,0,0,0,,,,,,0,,,,277
SNAJ735CD,"INTERNATIONAL ARTISTS RECORDS","NEVER EVER LAND",3CD,3,0,0,Clambox,Other,,,,0,,"CHINA TRADING",,278
SNAJ736CD,"THE YARDBIRDS","YARDBIRDS STORY",4CD,4,0,0,Clambox,Other,,,,0,,"CHINA TRADING",,279
SNAJ737CD,"JERRY LEE LEWIS","SUN ESSENTIALS",4CD,4,0,0,Clambox,36pp,,,,0,,"CHINA TRADING",,280
SNAJ738CDX,"NINA SIMONE","NINA SIMONE STORY",3CD,0,0,0,,,,,,0,,,,281
SNAJ739CDX,"JIMI HENDRIX","THE LAST EXPERIENCE",3CD,0,0,0,,,,,,0,,OPTIMAL,,282
SNAJ740CD,"CURTIS MAYFIELD","SOUL LEGACY",4CD,4,0,0,Clambox,Other,,,,0,,"CHINA TRADING",,283
SNAJ741CDX,"JOHNNY CASH","THE COMPLETE SUN MASTERS",3CD,3,0,1,Clambox,36pp,,,,0,,"CHINA TRADING","CHINA TRADING",284
SNAJ742CD,"JEFFERSON AIRPLANE","FLIGHT BOX",3CD,3,0,0,Clambox,20pp,,,,0,,"CHINA TRADING",,285
SNAJ743CD,"SUN RECORDS","SUN ROCKABILLY MELTDOWN",3CD,3,0,0,Clambox,Other,,,,0,,"CHINA TRADING",,286
SNAJ744CD,"CHARLIE RICH","THE COMPLETE SUN MASTERS",3CD,3,0,0,Clambox,36pp,,,,0,,"CHINA TRADING",,287
SNAJ745CD,"BOB MARLEY & THE WAILERS","TRENCH TOWN ROCK",4CD,4,0,0,Clambox,36pp,,,,0,,"CHINA TRADING",,288
SNAJ748CD,"13TH FLOOR ELEVATORS","THE ALBUMS COLLECTION",4CD,4,0,0,Clambox,16pp,,,,0,,"CHINA TRADING",,289
SNAM950CD,"THE GOLDEN DAWN","POWER PLANT ( SUPER JEWEL CASE )",CD,1,0,1,"Super jewel",16pp,,,,0,,EURODISC,,290
SNAM951CD,"13TH FLOOR ELEVATORS","SINGLES COLLECTION ( SUPER JEWEL CASE )",CD,1,0,1,"Super jewel",16pp,,,,0,,EURODISC,,291
SNAM952CD,"MILLER SISTERS","GOT YOU ON MY MIND ( SUPER JEWEL CASE )",CD,1,0,0,Jewel,12pp,,,,0,,OPTIMAL,,292
SNAM953CD,"BUBBLE PUPPY","A GATHERING OF PROMISES ( SUPER JEWEL CASE )",CD,1,0,1,"Super jewel",16pp,,,,0,"5 colour label",SP,SP,293
SNAP001CD,FUNKADELIC,"THE BEST OF..",CD,1,0,0,Digipack4,4pp,,,,0,,VDC,VDC,294
SNAP002CD,"THE METERS","THE VERY BEST OF THE METERS",CD,1,0,0,Digipack4,8pp,,,,0,,OPTIMAL,,295
SNAP003CD,"MACEO AND ALL THE KING`S MEN","DOING THEIR OWN THING",CD,1,0,0,"Super jewel",8pp,,,,0,"another manuf as well ?",SP,,296
SNAP004CD,"JIMI HENDRIX",EXPERIENCE,CD,1,0,0,Jewel,12pp,,,,0,,VDC,,297
SNAP008CD,MAGMA,LIVE,CD,1,0,0,Jewel,4pp,,,,0,"Booklets At Delga",SP,,298
SNAP009CD,GONG,"CAMEMBERT ELECTRIQUE",CD,1,0,0,"Super jewel",8pp,,,,0,,SP,,299
SNAP015CD,GONG,"ANGEL`S EGG",CD,1,0,0,Jewel,8pp,,,,0,,VDC,,300
SNAP025CD,GONG,"FLYING TEAPOT",CD,1,0,0,Digipack4,8pp,,,,0,,OPTIMAL,,301
SNAP026CD,"THE MILLION DOLLAR QUARTET","THE COMPLETE SESSION",CD,1,0,0,Digipack4,12pp,,,,0,"Jewel Version At Optimal",VDC,,302
SNAP066CD,"ART ENSEMBLE OF CHICAGO","JACKSON IN YOUR HOUSE / MESSAGE FROM..",CD,1,0,0,Jewel,8pp,,,,0,,VDC,VDC,303
SNAP067CD,"DON CHERRY","MU?FIRST PART & SECOND PART",CD,1,0,0,Jewel,8pp,,,,0,,VDC,,304
SNAP101CD,GONG,"PLANET GONG - FLOATING ANARCHY 1977",CD,1,0,0,Jewel,4pp,,,,0,,VDC,VDC,305
SNAP130CD,"JOHN LEE HOOKER","I`M JOHN LEE HOOKER",CD,1,0,0,Jewel,8pp,,,,0,,VDC,,306
SNAP131CD,"JIMMY REED","I`M JIMMY REED",CD,1,0,0,Jewel,8pp,,,,0,,VDC,VDC,307
SNAP132CD,"13TH FLOOR ELEVATORS","EASTER EVERYWHERE",CD,1,0,0,"Super jewel",12pp,,,,0,,SP,SP,308
SNAP136CD,"LIGHTNIN` HOPKINS","LIGHTNIN` STRIKES",CD,0,0,0,,,,,,0,,VDC,,309
SNAP139CD,DILLINGER,COCAINE,CD,0,0,0,,,,,,0,,,,310
SNAP145CD,"JOHN LEE HOOKER",TRAVELLIN`,CD,1,0,0,"Super jewel",8pp,,,,0,,SP,,311
SNAP146CD,"JIMMY REED","ROCKIN` WITH REED",CD,1,0,0,"Super jewel",8pp,,,,0,,SP,,312
SNAP147CD,LOVE,"LIVE IN L.A.",CD,1,0,0,"Super jewel",12pp,,,,0,"5 colour label",SP,,313
SNAP148CD,GONG,YOU,CD,1,0,0,Jewel,8pp,,,,0,,VDC,,314
SNAP149CD,"SMALL FACES","THE SMALL FACES",CD,1,0,0,"Super jewel",8pp,,,,0,"5 colour label",SP,,315
SNAP160CD,MAGMA,"USU WUDU",CD,1,0,0,Jewel,8pp,,,,0,,VDC,,316
SNAP162CD,"ARCHIE SHEPP","YASMIN / POEM FOR MALCOLM",CD,0,0,0,,,,,,0,,,,317
SNAP164CD,"THE NICE","ARS LONGA VITA BREVIS",CD,1,0,1,Jewel,8pp,,,,0,,SP,SP,318
SNAP191CD,"JAZZ ON A SUMMER`S DAY","JAZZ ON A SUMMER`S DAY O.S.T.",CD,0,0,0,,,,,,0,,VDC,,319
SNAP199CD,GONG,"MAGICK BROTHER",CD,1,0,0,,,,,,0,,SP,,320
SNAP200CD,MAGMA,ATTAHK,CD,1,0,0,"Super jewel",8pp,,,,0,,SP,,321
SNAP201CD,"13TH FLOOR ELEVATORS","BULL OF THE WOODS",CD,0,0,0,,,,,,0,,VDC,,322
SNAP209CD,"THE YARDBIRDS","THE VERY BEST OF..",CD,1,0,0,Jewel,12pp,,,,0,"5 colour label",SP,,323
SNAP210CD,"DINAH WASHINGTON","THE VERY BEST OF DINAH WASHINGTON",CD,1,0,0,Digipack4,8pp,,,,0,,VDC,,324
SNAP211CD,"13TH FLOOR ELEVATORS","THE VERY BEST OF THE 13TH FLOOR ELEVATORS",CD,1,0,0,Digipack4,8pp,,,,0,,OPTIMAL,,325
SNAP212CD,"NEVILLE BROTHERS","THE VERY BEST OF THE NEVILLE BROTHERS",CD,0,0,0,,,,,,0,,,,326
SNAP214CD,FUNKADELIC,"ONE NATION UNDER A GROOVE",CD,1,0,0,"Super jewel",8pp,,,,0,"5 colour label-jewel july ?",SP,,327
SNAP215CD,FUNKADELIC,"THE ELECTRIC SPANKING OF WAR BABIES",CD,0,0,0,,,,,,0,,OPTIMAL,,328
SNAP216CD,"NINA SIMONE","NINA SIMONE",CD,1,0,0,Jewel,8pp,,,,0,,OPTIMAL,,329
SNAP217CD,"BOBBY WOMACK","CHECK IT OUT",CD,0,0,0,,,,,,0,,VDC,,330
SNAP226CD,"BETTY EVERETT","THE VERY BEST OF THE VEE JAY YEARS",CD,1,0,0,Jewel,8pp,,,,0,,CSV,,331
SNAP228CD,"GENE CHANDLER","THE VERY BEST OF THE VEE JAY YEARS",CD,0,0,0,,,,,,0,,VDC,,332
SNAP231CD,"BOBBY WOMACK","ACROSS 110TH STREET O.S.T.",CD,0,0,0,,,,,,0,,VDC,,333
SNAP233CD,"CURTIS MAYFIELD",CURTIS,CD,1,0,0,Digipack4,8pp,,,,0,,OPTIMAL,,334
SNAP235CD,"LEE DORSEY","HOLY COW - THE VERY BEST OF LEE DORSEY",CD,0,0,0,,,,,,0,,VDC,,335
SNAP236CD,"CURTIS MAYFIELD",ROOTS,CD,1,0,0,Jewel,8pp,,,,0,,VDC,,336
SNAP239CD,"LEROY HUTSON","LUCKY FELLOW - THE VERY BEST OF LEROY HUTSON",CD,0,0,0,,,,,,0,,VDC,,337
SNAP243CD,"THE SHANGRI-LA`S","THE VERY BEST OF THE SHANGRI-LA`S",CD,0,0,0,,,,,,0,,VDC,,338
SNAP244CD,"CURTIS MAYFIELD","THERE`S NO PLACE LIKE AMERICA TODAY",CD,1,0,0,Jewel,8pp,,,,0,,VDC,,339
SNAP245CD,"STAPLE SINGERS","LET`S DO IT AGAIN O.S.T.",CD,1,0,0,Jewel,8pp,,,,0,,VDC,,340
SNAP249CD,"SAMMY DAVIS JNR","THE VERY BEST OF SAMMY DAVIS JNR",CD,0,0,0,,,,,,0,,,,341
SNAP250CD,GONG,"THE VERY BEST OF GONG",CD,1,0,0,"Super jewel",8pp,,,,0,,SP,,342
SNAP251CD,"THE IMPRESSIONS","THE VERY BEST OF THE IMPRESSIONS",CD,0,0,0,,,,,,0,,,,343
SNAP253CD,"JAMES BROWN","LIVE AT STUDIO 54",CD,0,0,0,,,,,,0,,,,344
SNAP254CD,"CURTIS MAYFIELD","BACK TO THE WORLD",CD,1,0,0,Jewel,8pp,,,,0,,VDC,,345
SNAP255CD,"THE LAST POETS","THE VERY BEST OF THE LAST POETS",CD,0,0,0,,,,,,0,,SP,,346
SNAP258CD,"CURTIS MAYFIELD","SUPER FLY",CD,1,0,0,Digipack4,8pp,,,,0,,OPTIMAL,,347
SNAP260CD,"ELMORE JAMES","THE FINAL SESSIONS - NEW YORK 1963",CD,0,0,0,,,,,,0,,,,348
SNAP263CD,"MAVIS STAPLES","A PIECE OF THE ACTION",CD,1,0,0,Jewel,8pp,,,,0,"5 colour label",SP,,349
SNAP266CD,"THE DELLS","THE VERY BEST OF THE DELLS",CD,0,0,0,,,,,,0,,,,350
SNAP267CD,"ORIGINAL BLIND BOYS OF ALABAMA","JUST A CLOSER WALK WITH THEE",CD,0,0,0,,,,,,0,,,,351
SNAP268CD,"RED BIRD RECORDS","GO GIRLS - RED BIRD",CD,0,0,0,,,,,,0,,SP,,352
SNAP272CD,"THE YARDBIRDS","FIVE LIVE",CD,1,0,0,"Super jewel",8pp,,,,0,,SP,,353
SNAP273CD,FUNKADELIC,"UNCLE JAM WANTS YOU",CD,1,0,0,Digipack4,8pp,,,,0,,VDC,,354
SNAP274CD,"CURTIS MAYFIELD","CURTIS LIVE",CD,0,0,0,,,,,,0,,VDC,,355
SNAP276CD,"JOHNNY CASH","WITH HIS HOT & BLUE.. / SINGS THE SONGS",CD,0,0,0,,,,,,0,,,,356
SNAP277CD,"RED CRAYOLA","THE PARABLE OF ARABLE LAND / GOD BLESS THE RED KRAYOLA AND ALL WHO SAIL IN HER",CD,0,0,0,,,,,,0,,VDC,,357
SNAP278CD,"CURTIS MAYFIELD","GOT TO FIND A WAY & SWEET EXORCIST",CD,1,0,0,Digipack4,12pp,,,,0,,SP,,358
SNAP280CD,"CURTIS MAYFIELD","NEVER SAY YOU CAN`T SURVIVE / GIVE, GET, TAKE & HAVE",CD,1,0,0,Digipack4,8pp,,,,0,,SP,,359
SNAP281CD,"THE IMPRESSIONS","THIS IS MY COUNTRY / YOUNG MOD`S?",CD,1,0,0,Digipack4,12pp,,,,0,,VDC,,360
SNAP282CD,"STAPLE SINGERS","THE BEST OF THE VEE-JAY YEARS",CD,0,0,0,,,,,,0,,,,361
SNAP283CD,"JEFFERSON AIRPLANE","AT GOLDEN GATE PARK",CD,1,0,0,Digipack4,8pp,,,,0,,SP,,362
SNAP284CD,"JOHNNY CASH","GREATEST HITS & NOW HERE`S?",CD,0,0,0,,,,,,0,,,,363
SNAP285CD,"JOHNNY CASH","ALL ABOARD BLUE TRAIN / ORIGINAL SUN..",CD,1,0,0,Digipack4,12pp,,,,0,"5 colour label",SP,,364
SNAP286CD,"JERRY LEE LEWIS","JERRY LEE LEWIS & GREATEST!",CD,0,0,0,,,,,,0,,VDC,,365
SNAP287CD,"CURTIS MAYFIELD","SHORT EYES / DO IT ALL NIGHT",CD,1,0,0,"Super jewel",8pp,,,,0,"5 colour label",SP,,366
SNAP288CD,"NINA SIMONE","SINGS BILLIE HOLIDAY / THE GOSPEL?",CD,0,0,0,,,,,,0,,CSV,,367
SNAP289CD,"SMALL FACES","OGDENS' NUTGONE FLAKE",CD,1,0,0,Jewel,12pp,,,,0,,VDC,,368
SNAP290CD,"HUMBLE PIE","TOWN AND COUNTRY",CD,0,0,0,,,,,,0,,VDC,,369
SNAP291CD,"CARL PERKINS","THE DANCE ALBUM OF CARL PERKINS",CD,0,0,0,,,,,,0,,VDC,,370
SNAP292CD,"CURTIS MAYFIELD","HONESTY / LOVE IS THE PLACE",CD,0,0,0,,,,,,0,,,,371
SNAP293CD,"JEFFERSON AIRPLANE","AT THE FAMILY DOG BALLROOM",CD,0,0,0,,,,,,0,,OPTIMAL,,372
SNAP295CD,"CURTIS MAYFIELD","WE COME IN PEACE / TAKE IT TO THE STREETS",CD,1,0,0,"Super jewel",12pp,,,,0,"5 colour label",SP,,373
SNAP296CD,"ROY ORBISON","AT THE ROCKHOUSE",CD,0,0,0,,,,,,0,,SP,,374
SNAP297CD,"QUICKSILVER MESSENGER SERVICE","CASTLES IN THE SAND",CD,1,0,0,"Super jewel",8pp,,,,0,"5 colour label",SP,,375
SNAP298CD,"ALBERT KING","ALBERT & NEW ORLEANS HEAT",CD,1,0,0,"Super jewel",8pp,,,,0,,SP,,376
SNAP299CD,"THE SPANIELS","THE VERY BEST OF THE SPANIELS",CD,1,0,0,"Super jewel",12pp,,,,0,"5 colour label",SP,,377
SNAP300CD,"NINA SIMONE","LIVE AT BERKELEY / GIFTED & BLACK",CD,1,0,0,"Super jewel",12pp,,,,0,"5 colour label",SP,,378
SNAP301CD,"CURTIS MAYFIELD","LIVE IN EUROPE",CD,1,0,0,"Super jewel",12pp,,,,0,"5 colour label",SP,,379
SNAP302CD,FUNKADELIC,"HARDCORE JOLLIES",CD,1,0,0,Digibook,,,,,0,,SP,,380
SNAP805CDX,CURTOM,"CURTOM FUNK",CD,1,0,1,Jewel,,,,,0,,VDC,,381
SNAP806CDX,"THE JACKSON 5 FEAT MICHAEL JACKSON","THE FIRST RECORDINGS",CD,0,0,0,,,,,,0,,OPTIMAL,,382
SNAP807CDX,"VARIOUS ARTISTS","HAVE YOURSELF A SOULFUL CHRISTMAS",CD,1,0,0,Jewel,4pp,,,,0,,SP,,383
SNAX602CD,"THE GOLDEN DAWN","POWER PLANT",CD,0,0,0,,16pp,,,,0,"only one mb pressing","CHINA TRADING",,384
SNAX603CD,"BUBBLE PUPPY","A GATHERING OF PROMISES",CD,0,0,0,,16pp,,,,0,"only one mb pressing","CHINA TRADING",,385
SNAX608CD,"LOST & FOUND","EVERYBODY`S HERE",CD,0,0,0,,16pp,,,,0,"only one mb pressing","CHINA TRADING",,386
SNAX609CD,"ENDLE ST. CLOUD","THANK YOU VERY MUCH",CD,0,0,0,,16pp,,,,0,"only one mb pressing","CHINA TRADING",,387
SNAX614CD,"13TH FLOOR ELEVATORS","SINGLES COLLECTION",CD,1,0,1,"Media book",,,,,0,"only one mb pressing","CHINA TRADING","CHINA TRADING",388
SNAX615CD,"13TH FLOOR ELEVATORS","HEADSTONE - THE CONTACT SESSIONS",CD,1,0,1,"Media book",16pp,,,,0,"only one mb pressing","CHINA TRADING","CHINA TRADING",389
SNAX616CD,"13TH FLOOR ELEVATORS","THE PSYCHEDELIC SOUNDS OF THE 13TH FLOOR ELEVATORS",2CD,2,0,1,"Media book",16pp,,,,0,,"CHINA TRADING","CHINA TRADING",390
SNAX617CD,"13TH FLOOR ELEVATORS","EASTER EVERYWHERE",2CD,2,0,1,"Media book",16pp,,,,0,,"CHINA TRADING","CHINA TRADING",391
SNAX618CD,"13TH FLOOR ELEVATORS","BULL OF THE WOODS",2CD,2,0,1,"Media book",16pp,,,,0,"only one mb pressing","CHINA TRADING","CHINA TRADING",392
SNAX619CD,"DAVE ALLEN","COLOUR BLIND",CD,1,0,1,"Media book",16pp,,,,0,"only one mb pressing","CHINA TRADING","CHINA TRADING",393
SNAX620CD,"INTERNATIONAL ARTISTS RECORDS","EPITAPH FOR A LEGEND",2CD,2,0,1,"Media book",Other,,,,0,,"CHINA TRADING","CHINA TRADING",394
SNAX621CD,"RED CRAYOLA","THE PARABLE OF ARABLE LAND",2CD,2,0,1,"Media book",12pp,,,,0,,"CHINA TRADING","CHINA TRADING",395
SNAX623CD,"BIG BROTHER & THE HOLDING COMPANY","BALL AND CHAIN",2CD,2,0,1,"Media book",24pp,,,,0,,"CHINA TRADING","CHINA TRADING",396
SNAX624CD,"ALLEN TOUSSAINT","EVERYTHING I DO GONH BE FUNKY",2CD,2,0,1,"Media book",12pp,,,,0,,"CHINA TRADING","CHINA TRADING",397
SNAX625CD,"THE SHANGRI-LAS",REMEMBER,2CD,2,0,1,"Media book",20pp,,,,0,,"CHINA TRADING","CHINA TRADING",398
SNAX626CD,"RED BIRD RECORDS","THE RED BIRD STORY",2CD,2,0,1,"Media book",20pp,,,,0,,"CHINA TRADING","CHINA TRADING",399
SNAX627CD,"THE METERS","HERE COMES THE METER MAN",2CD,2,0,1,"Media book",,,,,0,,TAKT,,400
SNAX628CD,"LEE DORSEY","SOUL MINE - THE GREATEST HITS",2CD,2,0,1,"Media book",,,,,0,,TAKT,,401
SNAX629CD,"VEE JAY RECORDS","VEE JAY RECORDS PRESENTS THE BLUES",2CD,2,0,1,"Media book",16pp,,,,0,,"CHINA TRADING","CHINA TRADING",402
SNAX630CD,"JIMMY REED","I`M JIMMY REED",2CD,2,0,1,"Media book",Other,,,,0,,"CHINA TRADING","CHINA TRADING",403
SNAX631CD,"RED KRAYOLA","GOD BLESS THE RED KRAYOLA ...",CD,2,0,1,"Media book",12pp,,,,0,,"CHINA TRADING","CHINA TRADING",404
SNAX632CD,"AARON NEVILLE","HERCULES - THE COMPLETE SINGLES",2CD,2,0,1,"Media book",12pp,,,,0,,"CHINA TRADING","CHINA TRADING",405
SNAX633CD,"THE TRASHMEN","SURFIN` BIRD",CD,1,0,1,"Media book",12pp,,,,0,,TAKT,TAKT,406
SNAX634CD,"ERNIE K DOE","HERE COMES THE GIRLS - BEST OF",2CD,2,0,1,"Media book",12pp,,,,0,,"CHINA TRADING","CHINA TRADING",407
SNAX635CD,"IRMA THOMAS","SOUL QUEEN OF NEW ORLEANS ( 2CD SET )",2CD,2,0,1,"Media book",12pp,,,,0,,"CHINA TRADING","CHINA TRADING",408
SROLLCD501,"VARIOUS ROCK N ROLL","REAL WILD CHILD",2CD,2,0,0,Jewel,4pp,,,,0,,OPTIMAL,,409
SROLLCD801,"THE EVERLY BROTHERS","WHEN WILL I BE LOVED ?",CD,1,0,0,Jewel,8pp,,,,0,,,,410
SROLLCD804X,"JERRY LEE LEWIS","WHOLE LOT OF SHAKIN`",CD,1,0,0,Jewel,8pp,,,,0,,SP,,411
SROLLCD805X,"CARL PERKINS","BOPPIN` BLUE SUEDE SHOES",CD,1,0,0,Jewel,12pp,,,,0,,SP,,412
SROLLCD806X,"BILLY LEE RILEY","RED HOT",CD,1,0,0,Jewel,8pp,,,,0,,SP,,413
SROLLCD808X,"SONNY BURGESS","THE ARKANSAS WILD MAN",CD,1,0,0,Jewel,12pp,,,,0,,SP,,414
SROLLCD810X,"WARREN SMITH","ROCKABILLY LEGEND",CD,1,0,0,Jewel,12pp,,,,0,,SP,,415
SROLLCD814X,"ELVIS PRESLEY / BILL HALEY / GENE VINCENT","COMPLETE ROCK N ROLL ( 3 CD BOX )",3CD,3,1,0,,,,,,0,"is 802/807/811",SP,,416
wrongisrcSROLLCD815X,"RAY SMITH","SHAKE AROUND",CD,1,0,0,Jewel,12pp,,,,0,,SP,,417
SROLLCD816X,"BARBARA PITTMAN","GETTING BETTER ALL THE TIME",CD,1,0,0,Jewel,12pp,,,,0,,SP,,418
SROLLCD817X,"CARL MANN","ROCKIN` MANN",CD,1,0,0,Jewel,12pp,,,,0,,SP,,419
SROLLCD818X,"SLEEPY LABEEF","A ROCKIN` DECADE",CD,1,0,0,Jewel,8pp,,,,0,,SP,,420
SROLLCD819X,"CRAZY CAVAN","CRAZY RHYTHM : A COMPILATION",CD,1,0,0,Jewel,12pp,,,,0,,SP,,421
SROLLCD820X,"VARIOUS ROCK N ROLL","AN INTRODUCTION TO COMPLETE ROCK N ROLL",CD,1,0,0,Jewel,8pp,,,,0,,,,422
SROLLCD821,"DEL SHANNON","THE HITS AND MORE",CD,1,0,0,Jewel,8pp,,,,0,,SP,,423
SROLLCD822,"LITTLE RICHARD","READY TEDDY",CD,1,0,0,Jewel,8pp,,,,0,,OPTIMAL,,424
SROLLCD823,"BUDDY HOLLY","ROCK ME BABY",CD,1,0,0,Jewel,8pp,,,,0,,OPTIMAL,,425
SROLLCD824,"LAVERN BAKER","BOB TING A LING",CD,1,0,0,Jewel,8pp,,,,0,,OPTIMAL,,426
SROLLCD825,"JANIS MARTIN","CRACKER JACK",CD,1,0,0,Jewel,12pp,,,,0,,OPTIMAL,,427
SROLLCD826,"COLLINS KIDS","HOY HOY",CD,1,0,0,Jewel,12pp,,,,0,,OPTIMAL,,428
SROLLCD827,"JACK SCOTT",LEROY,CD,1,0,0,Jewel,12pp,,,,0,,OPTIMAL,,429
SROLLCD828,"CHUCK BERRY","YOU CAN`T CATCH ME",CD,1,0,0,Jewel,8pp,,,,0,,OPTIMAL,,430
SROLLCD829,"BO DIDDLEY","WHO DO YOU LOVE ?",CD,1,0,0,Jewel,8pp,,,,0,,OPTIMAL,,431
SROLLCD830,"BRENDA LEE","SWEET NOTHIN`S",CD,1,0,0,Jewel,8pp,,,,0,,OPTIMAL,,432
SROLLCD831,"FRANKIE LYMAN & THE JETS","WHY DO FOOLS FALL IN LOVE ?",CD,1,0,0,Jewel,12pp,,,,0,,OPTIMAL,,433
SROLLCD833X,"MALCOLM YELVINGTON","ROCKING WITH MY BABY",CD,1,0,0,Jewel,12pp,,,,0,,OPTIMAL,,434
SROLLCD834X,"GENE SIMMONS","I DONE TOLD YOU",CD,1,0,0,Jewel,12pp,,,,0,,OPTIMAL,,435
SROLLCD835,"RICHIE VALENS","LA BAMBA",CD,1,0,0,Jewel,12pp,,,,0,,OPTIMAL,,436
SROLLCD836,"DUANE EDDY","MOVIN` `N` GROOVIN`",CD,1,0,0,Jewel,12pp,,,,0,,OPTIMAL,,437
VILELP103,KATATONIA,"VIVA EMPTINESS",LP,1,0,0,Gatefold,,,,,0,,OPTIMAL,,438
VILELP128,KATATONIA,"THE GREAT COLD DISTANCE",2LP,0,0,0,Gatefold,,,,,0,,,,439
VILELP168,DARKTHRONE,F.O.A.D.,LP,0,0,0,Gatefold,,,,,0,,,,440
VILELP169,GALLHAMMER,"ILL INNOCENCE",2LP,0,0,0,Gatefold,,,,,0,,,,441
VILELP178,DARKTHRONE,"NWOBHM (EP)",12``,0,0,0,Single,,,,,0,,,,442
VILELP192,BEHEMOTH,"ZOS KIA CULTUS",LP,0,0,0,,,,,,0,,,,443
VILELP194,"CARPATHIAN FOREST","MORBID FASCINATION OF DEATH",LP,1,0,0,,,180,33,Black,0,,OPTIMAL,,444
VILELP195,MAYHEM,"LIVE IN LEIPZIG",LP,0,0,0,,,,,,0,,,,445
VILELP201,CANDLEMASS,"EPICUS DOOMICUS METALLICUS",LP,0,0,0,,,,,,0,,,,446
VILELP202,CANDLEMASS,NIGHTFALL,LP,0,0,0,,,,,,0,,,,447
VILELP237,DARKTHRONE,"DARK THRONES & BLACK FLAGS",LP,0,0,0,Single,,180,33,Black,0,,CSV,,448
VILELP242,BLOODBATH,"THE FATHOMLESS MASTERY",LP,0,0,0,,,,,,0,,,,449
VILELP245,"MY DYING BRIDE","FOR LIES I SIRE",2LP,0,0,0,,,,,,0,,,,450
VILELP25,AUTOPSY,"MENTAL FUNERAL",LP,1,0,0,Gatefold,,140,33,Black,0,"Was red LP",OPTIMAL,,451
VILELP258,AUTOPSY,"FEAST OF THE GRAVEWORM",7``,0,0,0,,,,,,0,,,,452
VILELP267,AUTOPSY,"SEVERED SURVIVAL",LP,0,0,0,,,,,,0,,OPTIMAL,,453
VILELP268,OPETH,"THE ROUNDHOUSE TAPES",3LP,0,0,0,,,,,,0,,,,454
VILELP269,BLOODBATH,"UNBLESSING THE PURITY (EP)",LP,0,0,0,,,,,,0,,,,455
VILELP271,KATATONIA,"NIGHT IS THE NEW DAY",2LP,2,0,0,Gatefold,,,,,0,,OPTIMAL,,456
VILELP276,DARKTHRONE,"CIRCLE THE WAGONS",LP,0,0,0,,,,,,0,,,,457
VILELP28,DARKTHRONE,"A BLAZE IN THE NORTHERN SKY",LP,1,0,1,Single,,,,,0,,OPTIMAL,"NULEAF (stickers)",458
VILELP298,"PARADISE LOST","DRACONIAN TIMES",2LP,0,0,0,,,,,,0,,,,459
VILELP299,"CRADLE OF FILTH","CRUELTY & THE BEAST",2LP,2,0,0,Gatefold,,,,,0,,OPTIMAL,,460
VILELP300,"CRADLE OF FILTH","DARKLY DARKLY VENUS AVERSA",2LP,2,0,0,Gatefold,,,,,0,,OPTIMAL,,461
VILELP303,"PARADISE LOST",ICON,2LP,2,0,1,Gatefold,,,,,0,,OPTIMAL,"NULEAF (stickers)",462
VILELP305,ANATHEMA,"A NATURAL DISASTER",2LP,2,0,0,Gatefold,,,,,0,,OPTIMAL,,463
VILELP306,DARKTHRONE,PANZERFAUST,LP,0,0,0,,,,,,0,,,,464
VILELP313,ANATHEMA,"A FINE DAY TO EXIT",2LP,2,0,0,Gatefold,,,,,0,,OPTIMAL,,465
VILELP315,"CRADLE OF FILTH","DUSK AND HER EMBRACE",2LP,2,0,0,Gatefold,,,,,0,,OPTIMAL,,466
VILELP317,AUTOPSY,"MACABRE ETERNAL",2LP,2,0,0,Gatefold,,,,,0,,OPTIMAL,,467
VILELP329,DARKTHRONE,"TOTAL DEATH",LP,1,0,0,,,,,,0,,OPTIMAL,,468
VILELP33,AUTOPSY,"ACTS OF THE UNSPEAKABLE",LP,1,0,0,Gatefold,,,,,0,"Optimal June-made discs supplied to Csand V",OPTIMAL,,469
VILELP331,ANATHEMA,JUDGEMENT,2LP,2,0,0,Gatefold,,,,,0,,OPTIMAL,,470
VILELP333,"PARADISE LOST","ONE SECOND",2LP,2,0,0,Gatefold,,,,,0,,OPTIMAL,,471
VILELP334,"CRADLE OF FILTH",MIDIAN,2LP,2,0,0,Gatefold,,,,,0,,OPTIMAL,,472
VILELP336,"PARADISE LOST","SHADES OF GOD",LP,1,0,0,,,,,,0,,OPTIMAL,,473
VILELP337,DARKTHRONE,GOATLORD,LP,1,0,0,,,,,,0,,OPTIMAL,,474
VILELP339,"BARREN EARTH","THE DEVIL`S RESOLVE",LP,0,0,1,,,,,,0,,,"NULEAF (stickers)",475
VILELP35,DARKTHRONE,"UNDER A FUNERAL MOON",LP,0,0,0,,,,,,0,,,,476
VILELP350,DARKTHRONE,"RAVISHING GRIMNESS",LP,1,0,0,,,,,,0,,OPTIMAL,,477
VILELP351,KATATONIA,"FOR FUNERALS TO COME (EP)",LP,1,0,0,,,,,,0,,OPTIMAL,,478
VILELP353,ENSLAVED,YGGDRASSIL,LP,1,0,0,,,,,,0,,OPTIMAL,,479
VILELP355,"AURA NOIR","BLACK THRASH ATTACK",LP,1,0,0,,,,,,0,,OPTIMAL,,480
VILELP38,PENTAGRAM,RELENTLESS,LP,0,0,0,,,,,,0,,,,481
VILELP39,"MY DYING BRIDE","TURN LOOSE THE SWANS",2LP,0,0,0,,,,,,0,,,,482
VILELP43,DARKTHRONE,"TRANSILVANIAN HUNGER",LP,1,0,1,,,,,,0,,OPTIMAL,"NULEAF (stickers)",483
VILELP76,KATATONIA,"TONIGHT`S DECISION",2LP,0,0,0,,,,,,0,,OPTIMAL,,484
VILELP78,OPETH,"STILL LIFE",2LP,2,0,0,Gatefold,,140,33,Black,0,,OPTIMAL,,485
VILELP89,KATATONIA,"LAST FAIR DEAL GONE DOWN",2LP,0,0,0,,,,,,0,,,,486
CDVILED40,PENTAGRAM,"DAY OF RECKONING",CD,1,0,0,Jewel,12pp,,,,0,,OPTIMAL,,487
CDVILED125,AXEGRINDER,"RISE OF THE SERPENT MEN",CD,0,0,0,,,,,,0,,,,488
CDVILED26,"PARADISE LOST",GOTHIC,CD,1,0,0,Jewel,8pp,,,,0,OBI,VDC,,489
CDVILED56,PITCHSHIFTER,INDUSTRIAL,CD,0,0,0,,,,,,0,,,,490
CDVILED121,"VITAL REMAINS","LET US PRAY",CD,1,0,1,Jewel,,,,,0,OBI,SP,,491
CDVILED31,BAPHOMET,"THE DEAD SHALL INHERIT",CD,1,0,1,Digipack4,0pp,,,,0,,SP,"ANGLIA (stickers)",492
SDPCD150,"OZRIC TENTACLES",ARBORESCENCE,CD,0,0,0,,,,,,0,,,,493
SDPCD123,W.A.S.P.,"THE LAST COMMAND",CD,1,0,0,Digipack6,,,,,0,,OPTIMAL,,494
SDPCD151,"OZRIC TENTACLES","CURIOUS CORN",CD,1,0,0,Digipack6,,,,,0,,OPTIMAL,,495
SDPCD229,W.A.S.P.,"THE CRIMSON IDOL (2CD)",2CD,2,0,1,Digipack6,12pp,,,,0,,OPTIMAL,,496
CDVILED79,"MY DYING BRIDE","THE LIGHT AT THE END OF THE WORLD",CD,1,0,0,Digibook,,,,,0,,VDC,,497
SDPCD162,"OZRIC TENTACLES","FLOATING SEEDS REMIXED",CD,1,0,0,Digipack6,,,,,0,,,,498
SDPCD147,W.A.S.P.,HELLDORADO,CD,1,0,1,Jewel,4pp,,,,0,"Library has only digis",SP,,499
CDVILED81,"MY DYING BRIDE","MEISTERWERK 1",CD,0,0,0,,,,,,0,,,,500
SDPCD109,"PRETTY THINGS","S.F. SORROW",CD,1,0,1,"Super jewel",24pp,,,,0,,SP,SP,501
SDPCD114,"THE PRETTY THINGS","GET THE PICTURE?",CD,1,0,0,"Super jewel",16pp,,,,0,"includes unadvertised video content",SP,,502
SDPCD135,W.A.S.P.,"THE STING",CD,1,0,0,Digipack6,,,,,0,,OPTIMAL,,503
SDPCD153,"OZRIC TENTACLES","THE HIDDEN STEP",CD,1,0,0,"Super jewel",4pp,,,,0,,SP,,504
CDVILE87,KONG,"88 95",CD,0,0,0,,,,,,0,,,,505
CDVILED82,ANATHEMA,RESONANCE,CD,1,0,0,"Super jewel",4pp,,,,0,,OPTIMAL,,506
CDVILED84,AUTOPSY,"TORN FROM THE GRAVE",CD,1,0,0,"Super jewel",8pp,,,,0,"5 colour label",SP,,507
CDVILED85,"MY DYING BRIDE","MEISTERWERK 2",CD,0,0,0,,,,,,0,,,,508
CDVILED86,"AT THE GATES","SUICIDAL FINAL ART",CD,1,0,0,"Super jewel",6pp,,,,0,,SP,,509
CDVILED90,"MY DYING BRIDE","THE DREADFUL HOURS",CD,0,0,0,,,,,,0,,CSV,,510
SDPCD152,"OZRIC TENTACLES",PYRAMIDION,CD,0,0,0,,,,,,0,,,,511
SMDCD327,"PETER GREEN SPLINTER GROUP","SOHO - LIVE AT RONNIE SCOTT`S",2CD,2,0,0,Jewel,8pp,,,,0,,VDC,,512
CDVILE91,SOUNDISCIPLES,"AUDIO MANIFESTO",CD,0,0,0,,,,,,0,,,,513
CDVILED104,ASGAROTH,"RED SHIFT",CD,0,0,0,,,,,,0,,,,514
CDVILED105,"THE BLOOD DIVINE","RISE PANTHEON DREAMS",CD,0,0,0,,,,,,0,,,,515
CDVILED117,"MY DYING BRIDE","THE VOICE OF THE WRETCHED",CD,1,0,1,"Super jewel",4pp,,,,0,,SP,,516
CDVILED151,"NAPALM DEATH","ORDER OF THE LEECH",CD,1,0,0,Jewel,16pp,,,,0,,SP,,517
CDVILED92,THINE,"IN THERAPY",CD,0,0,0,,,,,,0,,,,518
CDVILED99,ANATHEMA,"RESONANCE 2",CD,1,0,0,"Super jewel",4pp,,,,0,,SP,,519
SDPCD154,"OZRIC TENTACLES","WATERFALL CITIES",CD,1,0,0,"Super jewel",4pp,,,,0,"5-colour label ",SP,,520
CDVILED156,"CRADLE OF FILTH","LIVE BAIT FOR THE DEAD",2CD,2,1,0,Jewel,16pp,,,,0,,CSV,,521
CDVILED100,CHARGER,"CONFESSIONS OF A MAN",CD,0,0,0,,,,,,0,,,,522
CDVILED12,AUTOPSY,"SEVERED SURVIVAL",CD,0,0,0,,,,,,0,,,,523
CDVILED22,DARKTHRONE,"SOULSIDE JOURNEY",CD,1,0,0,Jewel,,,,,0,OBI,OPTIMAL,,524
CDVILED25,AUTOPSY,"MENTAL FUNERAL",CD,1,0,1,Jewel,4pp,,,,0,,OPTIMAL,,525
CDVILED28,DARKTHRONE,"A BLAZE IN THE NORTHERN SKY",CD,1,0,0,Jewel,4pp,,,,0,,OPTIMAL,,526
CDVILED33,AUTOPSY,"ACTS OF THE UNSPEAKABLE",CD,1,0,0,Jewel,4pp,,,,0,,OPTIMAL,,527
CDVILED34,ANATHEMA,SERENADES,CD,1,0,0,Jewel,4pp,,,,0,"5 colour label",SP,,528
CDVILED35,DARKTHRONE,"UNDER A FUNERAL MOON",CD,1,0,0,Jewel,,,,,0,,OPTIMAL,,529
CDVILED353X,AUTOPSY,"MENTAL FUNERAL",CD+DVD,1,1,1,Jewel,12pp,,,,0,slipcase-glossuv,SP,,530
CDVILED39,"MY DYING BRIDE","TURN LOOSE THE SWANS",CD,1,0,0,Digipack4,4pp,,,,0,,OPTIMAL,,531
CDVILED43,DARKTHRONE,"TRANSILVANIAN HUNGER",CD,1,0,0,Jewel,,,,,0,,OPTIMAL,,532
CDVILED47,"AT THE GATES","TERMINAL SPIRIT DISEASE",CD,1,0,0,Digipack6,,,,,0,,OPTIMAL,,533
CDVILED49,AUTOPSY,SHITFUN,CD,1,0,0,Jewel,8pp,,,,0,,VDC,,534
CDVILED50,"MY DYING BRIDE","THE ANGEL AND THE DARK RIVER",CD,1,0,0,Digipack6,,,,,0,,OPTIMAL,,535
CDVILED52,ANATHEMA,"THE SILENT ENIGMA",CD,1,0,0,Digipack6,,,,,0,,CSV,,536
CDVILED64,ANATHEMA,ETERNITY,CD,1,0,0,Jewel,4pp,,,,0,"5 colour label",SP,,537
CDVILED65,"MY DYING BRIDE","LIKE GODS OF THE SUN",CD,1,0,1,Jewel,12pp,,,,0,,OPTIMAL,,538
CDVILED73,ANATHEMA,"ALTERNATIVE 4",CD,1,0,1,"Super jewel",8pp,,,,0,"in office have digis",VDC,VDC,539
CDVILED76,KATATONIA,"TONIGHT`S DECISION",CD,1,0,0,Jewel,0pp,,,,0,,VDC,,540
CDVILED96,"AT THE GATES","THE RED IN THE SKY IS OURS",CD,1,0,0,"Super jewel",,,,,0,"5 colour label",SP,,541
CDVILED97,"AT THE GATES","WITH FEAR I KISS THE BURNING DARKNESS",CD,0,0,1,,,,,,0,,OPTIMAL,OPTIMAL,542
SDPCD128,W.A.S.P.,"INSIDE THE ELECTRIC CIRCUS",CD,1,0,0,Digipack6,12pp,,,,0,,OPTIMAL,,543
SDPCD133,W.A.S.P.,"LIVE... IN THE RAW",CD,1,0,0,Digipack6,,,,,0,,OPTIMAL,,544
SDPCD134,W.A.S.P.,"THE HEADLESS CHILDREN",CD,1,0,0,Digipack6,,,,,0,,OPTIMAL,,545
SMACD962,"OZRIC TENTACLES",ERPLAND,CD+DVD,2,0,1,"Media book",12pp,,,,0,,"CHINA TRADING","CHINA TRADING",546
SDPCD122,"FLEETWOOD MAC","LIVE IN BOSTON VOL 1",CD,1,0,0,"Super jewel",12pp,,,,0,,SP,,547
SDPCD127,"FLEETWOOD MAC","LIVE IN BOSTON VOL 2",CD,1,0,0,"Super jewel",12pp,,,,0,,SP,,548
CDVILEF93,"BEYOND DAWN",FRYSH,CD,0,0,0,,,,,,0,,,,549
CDVILED261,DARKTHRONE,"F.O.A.D. (SPECIAL EDITION)",CD,1,0,0,Jewel,20pp,,,,0,,SP,,550
CDVILED127,"AURA NOIR","THE MERCILESS",CD,1,0,0,Jewel,8pp,,,,0,,SP,,551
CDVILED153,"CRADLE OF FILTH","BITTER SUITES TO SUCCUBI",CD,1,0,0,Digibook,,,,,0,,SP,,552
CDVILED32,"MY DYING BRIDE","AS THE FLOWER WITHERS",CD,1,0,0,Jewel,4pp,,,,0,,OPTIMAL,,553
CDVILED46,"MY DYING BRIDE",TRINITY,CD,1,0,0,"Super jewel",4pp,,,,0,,SP,,554
CDVILED74,"MY DYING BRIDE","34.788% COMPLETE",CD,1,0,0,Jewel,4pp,,,,0,OBI,VDC,,555
CDVILED83,DARKTHRONE,"PREPARING FOR WAR",CD,0,0,0,,,,,,0,,,,556
CDVILED89,KATATONIA,"LAST FAIR DEAL GONE DOWN",CD,1,0,0,Jewel,4pp,,,,0,"5 colour label",SP,,557
KSCOPE125M,BLACKFIELD,BLACKFIELD,CD,1,0,1,"Super jewel",12pp,,,,0,,SP,SP,558
SBLUECD001,"ROBERT JOHNSON","FROM FOUR TILL LATE",CD,1,0,0,Digipack4,12pp,,,,0,,OPTIMAL,,559
SBLUECD002,"SON HOUSE","DELTA BLUES",CD,1,0,0,Digipack4,12pp,,,,0,,OPTIMAL,,560
SBLUECD003,"MUDDY WATERS","FEEL LIKE GOING HOME",CD,1,0,0,Digipack4,12pp,,,,0,,OPTIMAL,,561
SBLUECD004,LEADBELLY,"TAKE THIS HAMMER",CD,1,0,0,Jewel,12pp,,,,0,,OPTIMAL,OPTIMAL,562
SBLUECD005,"CHARLEY PATTON","HANG IT ON THE WALL",CD,1,0,0,Digipack4,12pp,,,,0,,"CHINA TRADING",,563
SBLUECD006,"BIG BILL BROONZY","CAN`T BE SATISFIED",CD,1,0,0,Digipack4,12pp,,,,0,,OPTIMAL,,564
SBLUECD007,"SKIP JAMES","CYPRESS GROOVE BLUES",CD,1,0,0,Digipack4,12pp,,,,0,,OPTIMAL,,565
SBLUECD008,"BLIND WILLIE JOHNSON","SOUL OF A MAN",CD,1,0,0,Digipack4,12pp,,,,0,,OPTIMAL,,566
SBLUECD009,"T-BONE WALKER","MIDNIGHT BLUES",CD,1,0,0,Digipack4,12pp,,,,0,,OPTIMAL,,567
SBLUECD010,"MISSISSIPPI JOHN HURT","CANDY MAN BLUES",CD,1,0,0,Digipack4,12pp,,,,0,,OPTIMAL,,568
SBLUECD011,"BLIND WILLIE MCTELL","ATLANTA STRUT",CD,1,0,0,Digipack4,12pp,,,,0,,OPTIMAL,,569
SBLUECD012,"LEROY CARR","PRISON BOUND BLUES",CD,1,0,0,Digipack4,12pp,,,,0,,OPTIMAL,,570
SBLUECD013,"BLIND LEMON JEFFERSON","BLACK SNAKE MOAN",CD,1,0,0,Digipack4,12pp,,,,0,,OPTIMAL,,571
SBLUECD014,"LONNIE JOHNSON","PLAYING WITH THE STRINGS",CD,1,0,0,Digipack4,12pp,,,,0,,,,572
SBLUECD015,"MA RAINEY","DON`T FISH IN MY SEA",CD,1,0,0,Digipack4,12pp,,,,0,,OPTIMAL,,573
SBLUECD016,"ALBERT KING","THE FEELING",CD,1,0,0,Digipack4,12pp,,,,0,,OPTIMAL,,574
SBLUECD017,"HOWLIN` WOLF","COME BACK HOME",CD,1,0,0,Digipack4,12pp,,,,0,,OPTIMAL,,575
SBLUECD018,"JIMMY REED","THE SUN IS SHINING",CD,1,0,0,Jewel,12pp,,,,0,,OPTIMAL,OPTIMAL,576
SBLUECD019,"ELMORE JAMES","PERSON TO PERSON",CD,1,0,0,Digipack4,12pp,,,,0,,OPTIMAL,,577
SBLUECD020,"JOHN LEE HOOKER","DON`T LOOK BACK",CD,1,0,0,Jewel,12pp,,,,0,,OPTIMAL,OPTIMAL,578
SBLUECD021,"MEMPHIS SLIM","GRINDER MAN BLUES",CD,1,0,0,Digipack4,12pp,,,,0,,OPTIMAL,,579
SBLUECD022,"BUKKA WHITE","FIXIN` TO DIE",CD,1,0,0,Digipack4,12pp,,,,0,,"CHINA TRADING",,580
SBLUECD023,"LIGHTNIN` HOPKINS","SHORT HAIRED WOMAN",CD,1,0,0,Digipack4,12pp,,,,0,,OPTIMAL,,581
SBLUECD024,"BESSIE SMITH","CARELESS LOVE",CD,1,0,0,Digipack4,12pp,,,,0,,OPTIMAL,,582
SBLUECD025,"SONNY TERRY & BROWNIE MCGHEE","PAWNSHOP BLUES",CD,1,0,0,Digipack4,12pp,,,,0,,OPTIMAL,,583
SBLUECD027,"SONNY BOY WILLIAMSON","GOOD MORNING, LITTLE SCHOOLGIRL",CD,1,0,0,Digipack4,12pp,,,,0,,OPTIMAL,,584
SBLUECD028,"SLEEPY JOHN ESTES","SOMEDAY BABY BLUES",CD,1,0,0,Digipack4,12pp,,,,0,,OPTIMAL,,585
SBLUECD029,"BIG JOE WILLIAMS","BABY PLEASE DON`T GO",CD,1,0,0,Jewel,12pp,,,,0,,OPTIMAL,,586
SBLUECD030,"LOWELL FULSON","TRYING TO FIND MY BABY",CD,1,0,0,Jewel,12pp,,,,0,,OPTIMAL,,587
SBLUECD031,"CLARENCE GATEMOUTH BROWN","JUST GOT LUCKY",CD,1,0,0,Digipack4,12pp,,,,0,,OPTIMAL,,588
SBLUECD032,"ALBERT COLLINS","THAW OUT AT THE FILLMORE",CD,1,0,0,Digipack4,12pp,,,,0,,OPTIMAL,,589
SBLUECD033,"J.B. LENOIR","ALABAMA BLUES",CD,1,0,0,Digipack4,12pp,,,,0,,OPTIMAL,,590
SBLUECD039,"BLIND BOY FULLER","GET YOUR YA YA`S OUT",CD,1,0,0,Digipack4,12pp,,,,0,,OPTIMAL,,591
SBLUECD502X,"BLIND LEMON JEFFERSON","TEXAS BLUES",5CD,5,0,0,Clambox,Other,,,,0,,"CHINA TRADING",,592
SDPCD149,"OZRIC TENTACLES",STRANGEITUDE,CD,0,0,0,,,,,,0,,,,593
CDVILED110,"MY DYING BRIDE","SONGS OF DARKNESS, WORDS OF LIGHT",CD,1,0,0,Jewel,12pp,,,,0,,OPTIMAL,,594
CDVILED112,PENTAGRAM,"TURN TO STONE",CD,1,0,0,Digipack4,0pp,,,,0,,OPTIMAL,,595
CDVILED48,"VITAL REMAINS","INTO COLD DARKNESS",CD,1,0,0,Digipack6,,,,,0,,VDC,,596
CDVILED135,"MORTA SKULD","RE-SURFACE (THE BEST OF)",CD,1,0,0,,,,,,0,,,,597
SBLUECD034,"JIMMY WITHERSPOON","AIN`T NOBODY`S BUSINESS",CD,1,0,0,Digipack4,12pp,,,,0,,OPTIMAL,,598
SBLUECD035,"MISSISSIPPI FRED MCDOWELL","LONDON CALLING",CD,1,0,0,Digipack4,12pp,,,,0,,OPTIMAL,,599
CDVILE106,"SHIP OF FOOLS","LET`S GET THIS MOTHER OUTTA HERE",CD,0,0,0,,,,,,0,,,,600
CDVILE88,GGFH,"THE VERY BEAST OF...VOLUME 1",CD,0,0,0,,,,,,0,,,,601
CDVILED04,DOOM,"TOTAL DOOM",CD,1,0,0,Digipack6,,,,,0,,VDC,,602
CDVILED120,"THE GREAT DECEIVER","TERRA INCOGNITO",CD,0,0,0,,,,,,0,,,,603
CDVILED61,ISENGARD,VINTERSKUGGE,CD,1,0,0,Digipack6,,,,,0,,OPTIMAL,,604
CDVILED124,BANISHED,"DELIVER ME UNTO PAIN",CD,0,0,0,,,,,,0,,,,605
CDVILEB134,DARKTHRONE,"PREPARING FOR WAR (SPECIAL EDITION)",2CD+DVD,0,0,0,,,,,,0,,,,606
CDVILED126,"DEVIATED INSTINCT","WELCOME TO THE ORGY",CD,0,0,0,,,,,,0,,,,607
CDVILED132,DARKTHRONE,"THE CULT IS ALIVE",CD,1,0,1,Jewel,16pp,,,,0,,SP,"ANGLIA (stickers)",608
CDVILED148,DOMINION,"THRESHOLD: A RETROSPECTIVE",CD,0,0,0,,,,,,0,,,,609
CDVILED266,"MADDER MORTEM",DESIDERATA,CD,0,0,0,,,,,,0,,,,610
SMACD942,"SOLOMON BURKE",NASHVILLE,CD,0,0,0,,,,,,0,,,,611
CDVILEF136,OLD,"DOWN WITH THE NAILS",CD,0,0,0,,,,,,0,,,,612
CDVILEF146,"THE PROVENANCE","RED FLAGS",CD,0,0,0,,,,,,0,,,,613
CDVILED154,KATATONIA,"BRAVE MURDER DAY",CD,1,0,0,Digipack6,12pp,,,,0,"digi matt uv",SP,,614
CDVILED155,KATATONIA,"DISCOURAGED ONES",CD,1,0,0,Digipack6,16pp,,,,0,,SP,,615
SBLUECD036,"VARIOUS BLUES","THE EARLY BLUES ROOTS OF LED ZEPPELIN",CD,1,0,0,Digipack4,12pp,,,,0,"now china",OPTIMAL,,616
SBLUECD037,"VARIOUS BLUES","THE ROOTS OF RY COODER",CD,1,0,0,Digipack4,12pp,,,,0,,OPTIMAL,,617
SBLUECD038,"RAY CHARLES","BLUES BEFORE SUNRISE",CD,1,0,0,Digipack4,12pp,,,,0,,,,618
SBLUECD040,"LITTLE WALTER",JUKE,CD,1,0,0,Digipack4,12pp,,,,0,,OPTIMAL,,619
SBLUECD042,"VARIOUS BLUES","THE COUNTRY BLUES ROOTS OF ERIC CLAPTON",CD,1,0,0,Digipack4,12pp,,,,0,,OPTIMAL,,620
SBLUECD043,"VARIOUS BLUES","THE EARLY BLUES ROOTS OF BOB DYLAN",CD,1,0,0,Digipack4,12pp,,,,0,,OPTIMAL,,621
SBLUECD044,"VARIOUS BLUES","THE ROOTS OF ELVIS PRESLEY",CD,1,0,0,Jewel,12pp,,,,0,,OPTIMAL,OPTIMAL,622
SBLUECD045,"VARIOUS BLUES","THE ROOTS OF JOHNNY CASH",CD,1,0,0,Jewel,12pp,,,,0,,OPTIMAL,OPTIMAL,623
SBLUECD046,"VARIOUS BLUES","THE ROOTS OF FLEETWOOD MAC",CD,1,0,0,Jewel,12pp,,,,0,,"CHINA TRADING","CHINA TRADING",624
SBLUECD503X,"ROBERT JOHNSON","THE LAST OF GREAT MISSISSIPPI BLUES SINGERS",6CD,6,0,0,Clambox,Other,,,,0,,"CHINA TRADING",,625
SBLUECD504X,"BLIND WILLIE MCTELL","KING OF THE GEORGIA BLUES",6CD,6,0,0,Clambox,36pp,,,,0,,"CHINA TRADING",,626
SBLUECD505X,"CHARLEY PATTON","THE DEFINITIVE..",3CD,3,0,0,Clambox,20pp,,,,0,,"CHINA TRADING",,627
CDVILED161,"DIABOLICAL MASQUERADE",NIGHTWORK,CD,1,0,1,Digipack6,4pp,,,,0,,SP,,628
CDVILED286,GALLHAMMER,"THE DAWN OF GALLHAMMER",CD+DVD,2,0,1,,,,,,0,,SP,SP,629
KSCOPE126M,BLACKFIELD,"BLACKFIELD II",CD,1,0,1,"Super jewel",8pp,,,,0,"5 colour label",SP,SP,630
CDVILEF165,ABSCESS,HORRORHAMMER,CD,1,0,1,Jewel,12pp,,,,0,,SP,SP,631
CDVILED162,"DIABOLICAL MASQUERADE","DEATH`S DESIGN",CD,0,0,0,,,,,,0,,,,632
CDVILEF182,"NOCTURNO CULTO","THE MISANTHROPE",CD+DVD,0,0,0,,,,,,0,,,,633
CDVILED320X,BEHEMOTH,"ABYSSUS ABYSSUM INVOCAT",2CD,2,0,1,"Media book",,,,,0,,TAKT,,634
CDVILEF171,OBLITERATION,"PERPETUAL DECAY",CD,0,0,0,,,,,,0,,,,635
CDVILEF180X,"CRADLE OF FILTH","ELEVEN BURIAL MASSES",CD+DVD,2,0,1,Digibook,8pp,,,,0,,SP,,636
SMACD950,"LOVE WITH ARTHUR LEE","THE FOREVER CHANGES CONCERT",CD+DVD,0,0,0,,,,,,0,,"CHINA TRADING",,637
SMDCD574,"LOVE WITH ARTHUR LEE","THE FOREVER CHANGES CONCERT",2CD,2,0,0,Jewel,,,,,0,,,,638
CDVILED188,"CARPATHIAN FOREST","BLACK SHINING LEATHER",CD,1,0,0,Jewel,8pp,,,,0,,OPTIMAL,,639
CDVILED190,BEHEMOTH,THELEMA.6,CD,1,0,0,Jewel,16pp,,,,0,,OPTIMAL,,640
CDVILED195,MAYHEM,"LIVE IN LEIPZIG",CD,1,0,1,"Super jewel",4pp,,,,0,,OPTIMAL,"ANGLIA (stickers)",641
CDVILED175,KATATONIA,"DANCE OF DECEMBER SOULS",CD,1,0,1,Digipack6,12pp,,,,0,,OPTIMAL,,642
CDVILED191,"CARPATHIAN FOREST","STRANGE OLD BREW",CD,1,0,0,Digipack6,12pp,,,,0,,OPTIMAL,,643
CDVILED192,BEHEMOTH,"ZOS KIA CULTUS",CD,1,0,0,Digipack6,16pp,,,,0,,OPTIMAL,,644
CDVILED193,"KEEP OF KALESSIN","THROUGH TIMES OF WAR",CD,1,0,1,"Super jewel",4pp,,,,0,,OPTIMAL,,645
CDVILED189,MAYHEM,"MEDIOLANUM CAPTA EST (non-USA)",CD,1,0,0,Digipack6,0pp,,,,0,,OPTIMAL,,646
CDVILED194,"CARPATHIAN FOREST","MORBID FASCINATION OF DEATH",CD,1,0,0,Jewel,16pp,,,,0,,OPTIMAL,,647
CDVILED198,"KEEP OF KALESSIN","AGNEN : A JOURNEY THROUGH THE DARK",CD,1,0,1,"Super jewel",8pp,,,,0,"5 colour label",SP,,648
KSCOPE132M,"RICHARD BARBIERI","THINGS BURIED",CD,0,0,1,,,,,,0,,SP,SP,649
CDVILED159,"DIABOLICAL MASQUERADE","RAVENDUSK IN MY HEART",CD,1,0,0,Digipack4,8pp,,,,0,,OPTIMAL,,650
CDVILED287,GALLHAMMER,"ILL INNOCENCE",CD,1,0,1,"Super jewel",12pp,,,,0,,SP,SP,651
CDVILED163,"OCTOBER TIDE","GREY DAWN",CD,1,0,0,Digipack4,8pp,,,,0,,SP,SP,652
CDVILED196,"DARK SANCTUARY","DE LUMIERE ET D`OBSCURITE",CD,1,0,1,"Super jewel",8pp,,,,0,,SP,SP,653
CDVILED199,"CARPATHIAN FOREST","WE`RE GOING TO HELL FOR THIS",CD,1,0,0,Digipack4,24pp,,,,0,,OPTIMAL,,654
CDVILED200,"TRIBUTE TO MAYHEM","ORIGINATORS OF THE NORTHERN DARKNESS (non-USA)",CD,0,0,0,,,,,,0,,,,655
CDVILED160,"DIABOLICAL MASQUERADE","THE PHANTOM LODGE",CD,0,0,0,,,,,,0,,SP,,656
CDVILED201X,CANDLEMASS,"EPICUS DOOMICUS METALLICUS",2CD,2,1,0,Jewel,16pp,,,,0,,SP,,657
CDVILED202X,CANDLEMASS,NIGHTFALL,2CD,2,1,0,Jewel,16pp,,,,0,,OPTIMAL,,658
CDVILEF347,"CRADLE OF FILTH","EVERMORE DARKLY ( CD / DVD SET )",CD+DVD,0,0,0,,,,,,0,,TAKT,,659
KSCOPE122M,"PORCUPINE TREE","ON THE SUNDAY OF LIFE",CD,1,0,0,"Super jewel",16pp,,,,0,,SP,,660
KSCOPE133,"PORCUPINE TREE","UP THE DOWNSTAIR ( 2CD SET )",2CD,2,0,1,"Media book",12pp,,,,0,,"CHINA TRADING","CHINA TRADING",661
KSCOPE131,"PORCUPINE TREE",SIGNIFY,2CD,2,0,1,"Media book",8pp,,,,0,,"CHINA TRADING","CHINA TRADING",662
CDVILED204X,CANDLEMASS,"TALES OF CREATION",2CD,2,1,1,Jewel,,,,,0,,VDC,,663
KSCOPE108,NOSOUND,LIGHTDARK,2CD,1,0,1,Digipack6,24pp,,,,0,,OPTIMAL,,664
SBLUECD053,"PETER GREEN SPLINTER GROUP","THE ROBERT JOHNSON SONGBOOK",CD,1,0,0,Jewel,12pp,,,,0,,OPTIMAL,,665
SBLUECD702X,"HANK WILLIAMS","SETTIN` THE WOODS ON FIRE",3CD,3,0,0,Clambox,12pp,,,,0,,"CHINA TRADING",,666
SROLLCD809,"BIG JOE TURNER","FEELING HAPPY",CD,1,0,0,Jewel,8pp,,,,0,,VDC,,667
SROLLCD812,"JOHNNY BURNETTE TRIO","HONEY HUSH",CD,1,0,0,Jewel,8pp,,,,0,,VDC,,668
SROLLCD813,"FATS DOMINO","ALL BY MYSELF",CD,1,0,0,Jewel,8pp,,,,0,,VDC,,669
CDVILED203X,CANDLEMASS,"ANCIENT DREAMS",2CD,2,1,0,Jewel,,,,,0,,VDC,,670
KSCOPE123M,"PORCUPINE TREE","VOYAGE 34",CD,1,0,1,Digipack6,4pp,,,,0,,SP,SP,671
KSCOPE121M,"PORCUPINE TREE",METANOIA,CD,1,0,1,Digipack4,4pp,,,,0,,SP,SP,672
KSCOPE136M,"PORCUPINE TREE",WARSZAWA,CD,1,0,1,"Super jewel",4pp,,,,0,,OPTIMAL,"ANGLIA (stickers)",673
CDVILED187,BEHEMOTH,"SATANICA (non-USA)",CD,1,0,1,Digipack4,12pp,,,,0,,SP,"ANGLIA (stickers)",674
CDVILED197,"CARPATHIAN FOREST","THROUGH CHASM, CAVES & TITAN WOODS",CD,1,0,1,Jewel,4pp,,,,0,,SP,,675
CDVILED240,BLOODBATH,"UNBLESSING THE PURITY",CD,0,0,0,"Super jewel",8pp,,,,0,,SP,,676
CDVILED216X,CANDLEMASS,"CHAPTER VI",CD+DVD,2,0,1,Brilliant,12pp,,,,0,,SP,SP,677
CDVILED183X,OPETH,"STILL LIFE + 5.1 MIX ( 2 DISC EDITION )",CD+DVD,1,0,1,"Media book",24pp,,,,0,,"CHINA TRADING","CHINA TRADING",678
SBLUECD047,"VARIOUS BLUES","THE ROOTS OF THE ROLLING STONES",CD,1,0,0,Digipack4,12pp,,,,0,,"CHINA TRADING",,679
SBLUECD048,"SISTER ROSETTA THARPE","UP ABOVE MY HEAD",CD,1,0,0,Digipack4,12pp,,,,0,,OPTIMAL,,680
SBLUECD049,"SONNY BOY WILLIAMSON","NINE BELOW ZERO",CD,1,0,0,Digipack4,12pp,,,,0,,OPTIMAL,,681
SBLUECD050,"MEMPHIS MINNIE","HOODOO LADY",CD,1,0,0,Jewel,12pp,,,,0,,OPTIMAL,OPTIMAL,682
SBLUECD051,"TAMPA RED","YOU CAN`T GET THAT STUFF NO MORE",CD,1,0,0,Digipack4,12pp,,,,0,,OPTIMAL,,683
SBLUECD052,"BLIND BLAKE","SOUTHERN RAG",CD,1,0,0,Digipack4,12pp,,,,0,,OPTIMAL,,684
SBLUECD506X,LEADBELLY,"THE DEFINITIVE LEADBELLY",3CD,3,0,0,Clambox,24pp,,,,0,,"CHINA TRADING",,685
SBLUECD701X,"WOODY GUTHRIE","THIS MACHINE KILLS FASCISTS",3CD,3,0,0,Clambox,16pp,,,,0,,,,686
CDVILEF207X,"MY DYING BRIDE","AN ODE TO WOE",CD+DVD,0,0,0,,,,,,0,,OPTIMAL,,687
SROLLCD811,"GENE VINCENT","BOP STREET",CD,1,0,0,Jewel,8pp,,,,0,,VDC,,688
CDVILED284X,DARKTHRONE,"FROSTLAND TAPES",3CD,0,0,0,,,,,,0,,,,689
CDVILEF241X,BLOODBATH,"THE WACKEN CARNAGE",CD+DVD,0,0,1,,,,,,0,,OPTIMAL,"ANGLIA (stickers)",690
KSCOPE101,"THE PINEAPPLE THIEF","TIGHTLY UNWOUND",CD,1,0,1,Digipack6,8pp,,,,0,"also sp jan 11 SJ",OPTIMAL,,691
CDVILED217X,CANDLEMASS,"DACTYLIS GLOMERATA & ABSTRAKT ALGEBRA II",2CD,0,0,0,,,,,,0,,OPTIMAL,,692
SMACD953,"OZRIC TENTACLES","SUNRISE FESTIVAL ( CD & DVD )",CD+DVD,0,0,0,,,,,,0,,"CHINA TRADING",,693
SROLLCD802,"ELVIS PRESLEY","THAT`S ALRIGHT",CD,1,0,0,Jewel,8pp,,,,0,,VDC,,694
SROLLCD803,"RUTH BROWN","WILD WILD YOUNG MEN",CD,1,0,0,Jewel,8pp,,,,0,,VDC,,695
SROLLCD807,"BILL HALEY & HIS COMETS","SEE YOU LATER ALLIGATOR",CD,1,0,0,Jewel,8pp,,,,0,,VDC,,696
CDVILED219,"DARK SANCTUARY","EXAUDI VOCEM MEAM I",CD,1,0,1,"Super jewel",,,,,0,,SP,,697
CDVILED220,SHINING,"SHINING - IV: THE EERIE COLD",CD,1,0,1,Jewel,8pp,,,,0,OBI,SP,,698
CDVILED221,SOLEFALD,"THE LINEAR SCAFFOLD",CD,1,0,1,"Super jewel",12pp,,,,0,,SP,,699
CDVILED218,CANDLEMASS,"FROM THE 13TH SUN",CD,1,0,1,"Super jewel",12pp,,,,0,,SP,,700
SMDCD275,W.A.S.P.,"DOUBLE LIVE ASSASSINS",2CD,2,0,0,Jewel,8pp,,,,0,,VDC,,701
CDVILED222,"DARK SANCTUARY","LES MEMOIRES BLESSEES",CD,1,0,1,"Super jewel",,,,,0,,SP,,702
CDVILED223,"OPERA IX",ANPHISBENA,CD,0,0,0,,,,,,0,,,,703
CDVILED224,SHINING,"SHINING - III: ANGST",CD,1,0,0,"Super jewel",,,,,0,,SP,,704
CDVILED215X,CANDLEMASS,"CANDLEMASS LIVE",2CD,0,0,0,,,,,,0,,,,705
KSCOPE106,ANATHEMA,HINDSIGHT,CD,1,0,1,Digipack4,20pp,,,,0,,SP,SP,706
KSCOPE107,"PORCUPINE TREE","STARS DIE",2CD,2,1,1,"Super jewel",16pp,,,,0,,SP,"ANGLIA (stickers)",707
CDVILED291,"AURA NOIR","HADES RISE",CD,1,0,0,Jewel,8pp,,,,0,OBI,VDC,,708
KSCOPE104,"RICHARD BARBIERI","STRANGER INSIDE",CD,0,0,0,,,,,,0,,,,709
CDVILED340,BLOODBATH,"THE FATHOMLESS MASTERY",CD,1,1,1,Jewel,16pp,,,,0,,VDC,,710
KSCOPE112,"LUNATIC SOUL","LUNATIC SOUL",CD,1,0,1,Digipack4,12pp,,,,0,,OPTIMAL,,711
CDVILED252,NOVEMBRE,CLASSICA,CD,0,0,0,,,,,,0,,SP,,712
SBLUECD057,"VARIOUS BLUES","THE ROOTS OF THE ALLMAN BROTHERS",CD,1,0,0,Jewel,12pp,,,,0,,OPTIMAL,OPTIMAL,713
SBLUECD058,"VARIOUS BLUES","THE ROOTS OF THE GRATEFUL DEAD",CD,1,0,0,Digipack4,12pp,,,,0,,OPTIMAL,,714
SBLUECD059,"VARIOUS BLUES","THE ROOTS OF JIMI HENDRIX",CD,1,0,0,Digipack4,12pp,,,,0,,OPTIMAL,,715
SBLUECD060,"VARIOUS BLUES","THE ROOTS OF VAN MORRISON",CD,1,0,0,Jewel,12pp,,,,0,,OPTIMAL,OPTIMAL,716
SBLUECD061,"THE MISSISSIPPI SHEIKS","SITTING ON TOP OF THE WORLD",CD,1,0,0,Digipack4,12pp,,,,0,,OPTIMAL,,717
SBLUECD062,"BOBBY BLUE BLAND","FARTHER UP THE ROAD",CD,1,0,0,Digipack4,12pp,,,,0,,OPTIMAL,,718
CDVILES273,"BARREN EARTH","OUR TWILIGHT","CD Single",0,0,0,,,,,,0,,,,719
KSCOPE103,NO-MAN,"SCHOOLYARD GHOSTS",CD,2,0,1,"Super jewel",8pp,,,,0,,OPTIMAL,OPTIMAL,720
SBLUECD070,"VARIOUS BLUES","THE ROOTS OF THE BEATLES",CD,1,0,0,Jewel,12pp,,,,0,,OPTIMAL,,721
SDPCD115,"THE PRETTY THINGS","THE PRETTY THINGS",CD,1,0,0,"Super jewel",16pp,,,,0,"5-colour label supp 0.02-includes unadvertised video content",SP,,722
SBLUECD063,"VARIOUS BLUES","THE ROOTS OF THE WHITE STRIPES",CD,1,0,0,Digipack4,12pp,,,,0,,OPTIMAL,,723
SBLUECD064,"VARIOUS BLUES","THE ROOTS OF NICK CAVE",CD,1,0,0,Digipack4,12pp,,,,0,,OPTIMAL,,724
SBLUECD065,"VARIOUS BLUES","THE ROOTS OF THE BLACK CROWES",CD,1,0,0,Digipack4,12pp,,,,0,,OPTIMAL,,725
CDVILED249,ENCHANTMENT,"DANCE THE MARBLE NAKED",CD,0,0,0,,,,,,0,,SP,,726
CDVILED250,EYEHATEGOD,"CONFEDERACY OF RUINED LIVES",CD,1,0,1,"Super jewel",8pp,,,,0,,SP,"ANGLIA (stickers)",727
KSCOPE114,"STEVEN WILSON","INSURGENTES ( NORMAL EDITION )",CD+DVD,2,0,0,Digipack6,24pp,,,,0,,SP,SP,728
SBLUECD066,"VARIOUS BLUES","THE ROOTS OF THE DOORS",CD,1,0,0,Jewel,12pp,,,,0,,OPTIMAL,OPTIMAL,729
SBLUECD067,"VARIOUS BLUES","THE ROOTS OF THE BYRDS",CD,1,0,0,Digipack4,12pp,,,,0,,OPTIMAL,,730
SBLUECD073,"VARIOUS BLUES","THE ROOTS OF ROD STEWART / GREAT AMERICAN SONGBOOK - VOL 1",CD,1,0,0,Digipack4,12pp,,,,0,,OPTIMAL,,731
SBLUECD074,"VARIOUS BLUES","THE ROOTS OF ROD STEWART / GREAT AMERICAN SONGBOOK - VOL 2",CD,1,0,0,Digipack4,12pp,,,,0,,OPTIMAL,,732
CDVILED228,SOLEFALD,NEONISM,CD,0,0,0,,,,,,0,,SP,,733
CDVILED231,THERGOTHON,"STREAM FROM THE HEAVENS",CD,1,0,0,Jewel,4pp,,,,0,,SP,,734
CDVILED258X,AUTOPSY,"SEVERED SURVIVAL (anniversary ed)",2CD,2,0,1,Digipack6,Other,,,,0,,OPTIMAL,,735
CDVILED348,"MY DYING BRIDE","FOR LIES I SIRE (MID PRICE SPECIAL)",CD,0,0,0,,,,,,0,,,,736
CDVILEF245,"MY DYING BRIDE","FOR LIES I SIRE",CD,1,1,1,"Super jewel",20pp,,,,0,"2 extra colours = litho=slipcase",SP,,737
SBLUECD068,"VARIOUS BLUES","THE ROOTS OF GRAM PARSONS",CD,1,0,0,Digipack4,12pp,,,,0,,OPTIMAL,,738
SBLUECD069,"VARIOUS BLUES","THE ROOTS OF JANIS JOPLIN",CD,1,0,0,Digipack4,12pp,,,,0,,OPTIMAL,,739
SBLUECD071,"VARIOUS BLUES","THE ROOTS OF PAUL MCCARTNEY",CD,1,0,0,Digipack4,12pp,,,,0,,OPTIMAL,,740
SBLUECD072,"VARIOUS BLUES","THE ROOTS OF JOHN LENNON",CD,1,0,0,Jewel,12pp,,,,0,,OPTIMAL,,741
KSCOPE115,ANEKDOTEN,CHAPTERS,2CD,0,0,0,,,,,,0,,OPTIMAL,,742
KSCOPE804,"STEVEN WILSON","HARMONY KORINE",LP,0,0,1,,,,,,0,,,"ANGLIA (stickers)",743
CDVILED232,OPHTHALAMIA,"A JOURNEY IN DARKNESS",CD,1,0,1,"Super jewel",4pp,,,,0,"5 colour label",SP,"ANGLIA (stickers)",744
CDVILED253,NOVEMBRE,"NOVEMBRINE WALTZ",CD,1,0,1,"Super jewel",12pp,,,,0,"5 colour label",SP,"ANGLIA (stickers)",745
KSCOPE120,"THE PINEAPPLE THIEF","THE DAWN RAIDS 2",CD,0,0,0,,,,,,0,,SP,,746
SMACD958,"OZRIC TENTACLES","THE YUMYUM TREE",CD,1,0,0,"Super jewel",,,,,0,,SP,,747
CDVILED229,"DARK SANCTUARY","L`ETRES LAS L`ENVERS DU MIROIR",CD,1,0,1,Jewel,16pp,,,,0,"5 colour label-card wallet",SP,SP,748
CDVILEF246,"MADDER MORTEM","EIGHT WAYS",CD,1,0,1,"Super jewel",,,,,0,"also sp stickers ?",SP,"ANGLIA (stickers)",749
KSCOPE118,ENGINEERS,"THREE FACT FADER",CD,0,0,1,,,,,,0,,CSV,CSV,750
KSCOPE127S,NO-MAN,"WHEREVER THERE IS LIGHT ( EP )",DVD,0,0,0,,,,,,0,,SP,,751
CDVILED274,TAAKE,"NATTESTID SER PORTEN VID",CD,1,0,1,"Super jewel",4pp,,,,0,,SP,,752
KSCOPE117,"THE PINEAPPLE THIEF","3000 DAYS",2CD,2,1,1,"Super jewel",24pp,,,,0,,OPTIMAL,,753
KSCOPE504,BLACKFIELD,"LIVE IN NYC",CD+DVD,2,0,1,Brilliant,16pp,,,,0,,OPTIMAL,OPTIMAL,754
CDVILED230,"OPERA IX","SACRO CULTO",CD,1,0,1,"Super jewel",12pp,,,,0,"5 colour label",SP,,755
CDVILED234,KVIST,"FOR KUNSTEN MAA VI EVIG VIKE",CD,1,0,1,Jewel,4pp,,,,0,,SP,,756
CDVILEF271,KATATONIA,"NIGHT IS THE NEW DAY",CD,0,0,1,,,,,,0,,OPTIMAL,"ANGLIA (stickers)",757
KSCOPE144S,"NORTH ATLANTIC OSCILLATION","CALL SIGNS (EP)",CD,0,0,0,,,,,,0,,CSV,,758
CDVILED275,TAAKE,"OVER BJOERGVIN GRAATER HIMMERIK",CD,1,0,1,"Super jewel",4pp,,,,0,,SP,,759
CDVILES270,"MY DYING BRIDE","BRING ME VICTORY - EP","CD Single",0,0,0,,,,,,0,,OPTIMAL,,760
KSCOPE811,"THE PINEAPPLE THIEF","SOMEONE HERE IS MISSING",LP,0,0,0,,,,,,0,,OPTIMAL,,761
CDVILED17,"PARADISE LOST","LOST PARADISE",CD,1,0,1,Jewel,8pp,,,,0,,VDC,VDC,762
CDVILED51,ANATHEMA,"PENTECOST III [& THE CRESTFALLEN EP]",CD,1,0,0,Jewel,,,,,0,,VDC,,763
CDVILEF277,ABSCESS,"DAWN OF INHUMANITY",CD,1,0,1,"Super jewel",12pp,,,,0,"5 colour label",SP,SP,764
CDVILEF278,GALLHAMMER,"GLOOMY LIGHTS",CD,1,0,1,"Media book",,,,,0,,"CHINA TRADING","CHINA TRADING",765
CDVILEF279,"BARREN EARTH","THE CURSE OF THE RED RIVER",CD,0,0,0,,,,,,0,,OPTIMAL,,766
SBLUECD055,"PETER GREEN SPLINTER GROUP","DESTINY ROAD",CD,1,0,0,Digipack4,12pp,,,,0,,OPTIMAL,,767
SBLUECD056,"PETER GREEN SPLINTER GROUP","SPLINTER GROUP",CD,1,0,0,Digipack4,12pp,,,,0,,OPTIMAL,,768
SMACD956,"OZRIC TENTACLES",STRANGEITUDE,2CD,2,0,1,,24pp,,,,0,,"CHINA TRADING","CHINA TRADING",769
SMACD964,"PRETTY THINGS","PARACHUTE - 40TH ANNIVERSARY EDITION",2CD,2,0,1,"Media book",,,,,0,"Limited edition?",TAKT,,770
SMACD966,W.A.S.P.,W.A.S.P.,2CD,2,0,1,"Media book",,,,,0,,TAKT,,771
CDVILES294,"MADDER MORTEM","WHERE DREAM AND DAY COLLIDE ( EP )","CD Single",0,0,0,,,,,,0,,OPTIMAL,,772
KSCOPE163,"GAVIN HARRISON & 05RIC",CIRCLES,2CD,2,1,1,"Super jewel",8pp,,,,0,,OPTIMAL,"NULEAF (stickers)",773
KSCOPE145,ANATHEMA,"WE`RE HERE BECAUSE WE`RE HERE",CD,1,0,1,"Super jewel",16pp,,,,0,,TAKT,,774
KSCOPE159D,NOSOUND,"SOL29 ( 2 DISC SET )",CD+DVD,0,0,0,,,,,,0,,OPTIMAL,,775
CDVILES296,AUTOPSY,"THE TOMB WITHIN - EP","CD Single",1,0,1,"Super jewel",8pp,,,,0,,OPTIMAL,,776
KSCOPE160,ENGINEERS,"IN PRAISE OF MORE",2CD,2,0,1,"Super jewel",12pp,,,,0,,SP,SP,777
KSCOPE164S,"THE PINEAPPLE THIEF","SHOW A LITTLE LOVE ( EP )",CD,1,0,1,Digipack4,0pp,,,,0,,TAKT,,778
CDVILED306X,DARKTHRONE,PANZERFAUST,2CD,2,0,1,"Super jewel",,,,,0,,SP,,779
CDVILEF300,"CRADLE OF FILTH","DARKLY DARKLY VENUS AVERSA",CD,1,0,1,"Super jewel",16pp,,,,0,,TAKT,,780
CDVILEF300X,"CRADLE OF FILTH","DARKLY DARKLY VENUS AVERSA ( LIMITED EDITION )",2CD,2,0,1,"Media book",,,,,0,,TAKT,,781
SROLLCD837,"BILLY FURY","TURN MY BACK ON YOU",CD,1,0,0,Jewel,8pp,,,,0,,OPTIMAL,,782
SROLLCD838,"EDDIE COCHRAN","TWENTY FLIGHT ROCK",CD,1,0,0,Jewel,8pp,,,,0,,OPTIMAL,,783
SROLLCD839,"THE COASTERS","BABY THAT IS ROCK & ROLL",CD,1,0,0,Jewel,8pp,,,,0,,OPTIMAL,,784
KSCOPE166,GAZPACHO,"MISSA ATROPOS",CD,1,0,1,"Media book",,,,,0,,TAKT,,785
CDVILED323,GEHENNA,WW,CD,1,0,1,"Super jewel",12pp,,,,0,,SP,SP,786
CDVILED321,DODHEIMSGARD,"666 INTERNATIONAL",CD,1,0,1,Jewel,6pp,,,,0,,SP,SP,787
CDVILED322,"THORNS VS EMPEROR","THORNS VS EMPEROR",CD,1,0,1,Jewel,8pp,,,,0,,SP,,788
KSCOPE168,BLACKFIELD,"WELCOME TO MY DNA ( NORMAL EDITION SUPER JEWEL )",CD,1,1,1,"Super jewel",16pp,,,,0,,TAKT,,789
CDVILED311,EVOKEN,"QUIETUS (non-USA)",CD,1,0,1,Jewel,8pp,,,,0,,SP,SP,790
CDVILED329X,DARKTHRONE,"TOTAL DEATH",2CD,2,0,1,"Super jewel",8pp,,,,0,booklet-varnish,SP,SP,791
SMACD971,PENDRAGON,"PASSION ( JEWEL CASE EDITION )",CD,1,1,1,"Super jewel",20pp,,,,0,,TAKT,,792
CDVILED312,EVOKEN,"ANTITHESIS OF LIGHT",CD,1,0,1,Jewel,8pp,,,,0,"5 colour label",SP,SP,793
CDVILED332,KATATONIA,"NIGHT IS THE NEW DAY ( NEW TOUR EDITION )",CD,1,1,1,Jewel,12pp,,,,0,,SP,SP,794
KSCOPE170,ULVER,"WARS OF THE ROSES ( NORMAL EDITION SUPER JEWEL )",CD,1,1,1,"Super jewel",20pp,,,,0,,TAKT,,795
CDVILED335X,KATATONIA,"LAST FAIR DEAL GONE DOWN ( ANNIVERSARY EDITION )",2CD,2,0,1,"Media book",,,,,0,,TAKT,,796
SMDCD605,"GARY GLITTER","HEY SONG - THE BEST OF GARY GLITTER",2CD,2,0,0,Jewel,8pp,,,,0,,TAKT,,797
SMACD969,PENDRAGON,PURE,CD+DVD,2,0,1,,,,,,0,,TAKT,,798
CDVILEF302X,"MY DYING BRIDE","EVINTA (SPECIAL)",2CD,2,0,1,"Media book",,,,,0,,TAKT,,799
CDVILEF318,AUTOPSY,"MACABRE ETERNAL",CD,1,1,1,Jewel,,,,,0,,TAKT,,800
KSCOPE183M,"STEVEN WILSON","INSURGENTES (CAMPAIGN EDITION)",CD,0,0,0,,,,,,0,,,,801
KSCOPE171,"NORTH ATLANTIC OSCILLATION","GRAPPLING HOOKS ( 2 CD EDITION )",2CD,2,1,1,Jewel,16pp,,,,0,,CSV,,802
CDVILED346,GEHENNA,"ADIMIRON BLACK",CD,1,0,1,"Super jewel",20pp,,,,0,,SP,,803
CDVILED352,THORNS,THORNS,CD,1,0,1,Jewel,16pp,,,,0,OBI,SP,SP,804
SDPCD235,FAMILY,"A SONG FOR ME",CD,1,1,1,Jewel,12pp,,,,0,,CSV,CSV,805
SDPCD236,FAMILY,FEARLESS,CD,1,1,1,Jewel,12pp,,,,0,,CSV,CSV,806
SDPCD237,FAMILY,ANYWAY,CD,1,1,1,Jewel,12pp,,,,0,,CSV,CSV,807
KSCOPE124,"PORCUPINE TREE","THE SKY MOVES SIDEWAYS",2CD,2,0,1,"Media book",8pp,,,,0,,"CHINA TRADING","CHINA TRADING",808
KSCOPE130,"PORCUPINE TREE","COMA DIVINE",2CD,2,0,1,"Media book",8pp,,,,0,,"CHINA TRADING","CHINA TRADING",809
KSCOPE142,"STEVEN WILSON","NSRGNTS RMXS",CD,0,0,0,,,,,,0,,CSV,,810
KSCOPE180,"THE PINEAPPLE THIEF","10 STORIES DOWN ( 2CD SET )",2CD,2,1,1,Jewel,16pp,,,,0,,OPTIMAL,OPTIMAL,811
KSCOPE186,NOSOUND,"THE NORTHERN RELIGION OF THINGS",CD,1,1,1,Jewel,12pp,,,,0,,OPTIMAL,OPTIMAL,812
SDPCD110,"PRETTY THINGS",PARACHUTE,CD,1,0,0,"Super jewel",24pp,,,,0,,SP,,813
SMACD926,W.A.S.P.,"THE BEST OF THE BEST (2)",2CD,2,0,0,Digipack6,12pp,,,,0,,OPTIMAL,,814
KSCOPE119,"THE PINEAPPLE THIEF","THE DAWN RAIDS 1",CD,0,0,0,,,,,,0,,SP,,815
CDVILED337X,DARKTHRONE,GOATLORD,2CD,2,0,1,Jewel,12pp,,,,0,,SP,,816
CDVILED355,"AURA NOIR","BLACK THRASH ATTACK",CD,1,0,1,Jewel,12pp,,,,0,,OPTIMAL,,817
SCOUNTCD001,"THE STANLEY BROTHERS","SONGS OF TRAGEDY AND REDEMPTION",CD,1,0,0,Jewel,8pp,,,,0,,SP,,818
SCOUNTCD002,"FLATT & SCRUGGS","THE SOUND OF FOGGY MOUNTAIN SOUL",CD,1,0,0,Jewel,8pp,,,,0,,SP,,819
SCOUNTCD003,"HANK SNOW","THE MASTER OF MELANCHOLY",CD,1,0,0,Jewel,8pp,,,,0,,SP,,820
SCOUNTCD004,"THE MADDOX BROTHERS WITH SISTER ROSE","THE HILLBILLY PARTY BAND",CD,1,0,0,Jewel,8pp,,,,0,,SP,,821
SCOUNTCD005,"DON GIBSON","LONESOME SINGER SONGWRITER",CD,1,0,0,Jewel,8pp,,,,0,,SP,,822
SCOUNTCD006,"GENE AUTRY","THE SINGING COWBOY",CD,1,0,0,Jewel,8pp,,,,0,,SP,,823
SCOUNTCD007,"BILL MONROE","THE FATHER OF BLUEGRASS",CD,1,0,0,Jewel,8pp,,,,0,,SP,,824
SCOUNTCD008,"ERNEST TUBB","THE TEXAS TROUBADOUR",CD,1,0,0,Jewel,8pp,,,,0,,SP,,825
SCOUNTCD009,"BOB WILLS","THE KING OF SWING",CD,1,0,0,Jewel,8pp,,,,0,,SP,,826
SCOUNTCD010,"EDDY ARNOLD","THE SMOOTH OPERATOR",CD,1,0,0,Jewel,8pp,,,,0,,SP,,827
CDVILED328,KHOLD,"MASTERPISS OF PAIN",CD,1,0,1,"Super jewel",12pp,,,,0,,SP,,828
SDPCD238,FAMILY,"OLD SONGS, NEW SONGS",CD,1,1,0,Jewel,8pp,,,,0,,CSV,,829
SDPCD239,FAMILY,BANDSTAND,CD,1,1,0,Jewel,16pp,,,,0,,CSV,,830
SDPCD240,FAMILY,"IT`S ONLY A MOVIE",CD,1,1,0,Jewel,12pp,,,,0,,CSV,,831
SMACD977X,PENDRAGON,BELIEVE,CD,1,1,0,Jewel,16pp,,,,0,,SP,,832
KSCOPE187,ANATHEMA,"FALLING DEEPER",CD,1,0,1,"Media book",,,,,0,,TAKT,,833
SROLLCD841,"CONNIE FRANCIS","LIPSTICK ON YOUR COLLAR",CD,1,0,0,Jewel,8pp,,,,0,,OPTIMAL,,834
SROLLCD842,"MARTY WILDE","BAD BOY",CD,1,0,0,Jewel,8pp,,,,0,,OPTIMAL,,835
CDVILED350X,DARKTHRONE,"RAVISHING GRIMNESS",2CD,2,0,1,Jewel,8pp,,,,0,,SP,,836
CDVILED351,KHOLD,PHANTOM,CD,1,0,1,Jewel,24pp,,,,0,,SP,,837
KSCOPE177,"STEVEN WILSON","GRACE FOR DROWNING",2CD,2,0,1,Digipack6,16pp,,,,0,,SP,SP,838
CDVILEF316,GALLHAMMER,"THE END",CD,1,1,1,Jewel,8pp,,,,0,,SP,SP,839
CDVILED354X,UNHOLY,"THE SECOND RING OF POWER",CD+DVD,2,0,1,Jewel,8pp,,,,0,"5 colour label",,,840
SROLLCD843,"RONNIE HAWKINS","FORTY DAYS",CD,1,0,0,Jewel,12pp,,,,0,,OPTIMAL,,841
SROLLCD844,"BOB LUMAN","RED HOT",CD,1,0,0,Jewel,12pp,,,,0,,OPTIMAL,,842
CDVILES254,"MY DYING BRIDE","THE BARGHEST O`WHITBY","CD Single",1,0,1,Jewel,8pp,,,,0,,OPTIMAL,OPTIMAL,843
KSCOPE188,"LUNATIC SOUL",IMPRESSIONS,CD,0,0,0,,,,,,0,,TAKT,,844
KSCOPE193,GAZPACHO,LONDON,CD,2,1,1,Jewel,12pp,,,,0,slipcase-mattuv,SP,SP,845
SMACD979,"OZRIC TENTACLES","PAPER MONKEYS",CD,1,0,1,Digipack6,Other,,,,0,"fold out booklet",TAKT,,846
KSCOPE191,"THE PINEAPPLE THIEF","VARIATIONS ON A DREAM",2CD,2,0,1,Jewel,16pp,,,,0,,OPTIMAL,OPTIMAL,847
CDVILED103,KATATONIA,"VIVA EMPTINESS",CD,1,0,0,"Super jewel",12pp,,,,0,,OPTIMAL,,848
CDVILED227,"OPERA IX","THE BLACK OPERA ( non-USA )",CD,1,0,1,"Super jewel",16pp,,,,0,,SP,"ANGLIA (stickers)",849
CDVILED233,"OPERA IX","THE CALL OF THE WOOD",CD,1,0,0,"Super jewel",,,,,0,,SP,,850
CDVILED307X,ISENGARD,HOSTMORKE,2CD,2,0,1,"Super jewel",4pp,,,,0,"5 colour label",SP,SP,851
CDVILED309,UNHOLY,GRACEFALLEN,CD,1,0,1,"Super jewel",12pp,,,,0,"5 colour label",SP,SP,852
CDVILED310,UNHOLY,"FROM THE SHADOWS",CD,1,0,1,"Super jewel",8pp,,,,0,"5 colour label",SP,SP,853
CDVILED345,UNHOLY,RAPTURE,CD,1,0,1,"Super jewel",8pp,,,,0,"5 colour label",SP,SP,854
CDVILED38,PENTAGRAM,RELENTLESS,CD,1,0,1,"Super jewel",12pp,,,,0,,OPTIMAL,,855
CDVILED42,PENTAGRAM,"BE FOREWARNED",CD,1,0,0,Digipack6,12pp,,,,0,,OPTIMAL,,856
CDVILEF276,DARKTHRONE,"CIRCLE THE WAGONS",CD,0,0,1,,,,,,0,,CSV,CSV,857
CDVILES282,KATATONIA,"THE LONGEST YEAR ( 4 TRACKS )","CD Single",0,0,0,,,,,,0,,OPTIMAL,,858
KSCOPE105D,NO-MAN,"TOGETHER WE`RE STRANGER ( 5.1 MIX & NORMAL MIX )",CD+DVD,2,0,1,"Super jewel",12pp,,,,0,,OPTIMAL,,859
KSCOPE139,NOSOUND,"A SENSE OF LOSS",CD+DVD,2,0,1,,20pp,,,,0,,OPTIMAL,OPTIMAL,860
KSCOPE143,"NORTH ATLANTIC OSCILLATION","GRAPPLING HOOKS",CD,0,0,1,,,,,,0,,CSV,"ANGLIA (stickers)",861
KSCOPE147,"THE PINEAPPLE THIEF","SOMEONE HERE IS MISSING",CD,1,1,0,"Super jewel",16pp,,,,0,,TAKT,,862
KSCOPE150M,"PORCUPINE TREE","NIL RECURRING",CD,1,0,1,Digipack4,8pp,,,,0,,SP,SP,863
KSCOPE161,"LUNATIC SOUL","LUNATIC SOUL II",CD,1,0,1,Digipack6,20pp,,,,0,,TAKT,,864
SDPCD118,W.A.S.P.,W.A.S.P.,CD,1,0,1,Jewel,12pp,,,,0,,OPTIMAL,,865
SMDCD219,"OZRIC TENTACLES",AFTERSWISH,2CD,2,0,0,Jewel,12pp,,,,0,,,,866
KSCOPE224X,GAZPACHO,NIGHT,2CD,2,0,1,"Media book",24pp,,,,0,,"CHINA TRADING","CHINA TRADING",867
CHARLY644X,"SMALL FACES","OGDENS' NUTGONE FLAKE",2CD,2,0,1,"Media book",24pp,,,,0,,"CHINA TRADING","CHINA TRADING",868
CHARLY647X,"HUEY `PIANO` SMITH","IT DO ME GOOD",2CD,2,0,1,"Media book",16pp,,,,0,,"CHINA TRADING","CHINA TRADING",869
SMACD990X,PENDRAGON,KOWTOW,CD,1,1,1,Jewel,12pp,,,,0,,OPTIMAL,OPTIMAL,870
EBVILE003,KATATONIA,"DEAD END KINGS",CDBox,4,0,0,Other,Other,,,,0,,OPTIMAL,,871
VILELP403,KATATONIA,"DEAD END KINGS",2LP,2,0,0,Gatefold,,,,,0,,OPTIMAL,,872
CDVILEF402X,KATATONIA,"DEAD END KINGS",CD+DVD,2,0,1,"Media book",24pp,,,,0,,TAKT,TAKT,873
CDVILEF404,KATATONIA,"DEAD END KINGS",CD,1,0,1,Jewel,24pp,,,,0,"German Version",OPTIMAL,OPTIMAL,874
CDVILEF403,KATATONIA,"DEAD END KINGS",CD,1,1,1,Jewel,24pp,,,,0,,OPTIMAL,,875
SNAX643CD,"JOHNDAVID BARTLETT","FALLING THROUGHT THE UNIVERSE",CD,1,0,1,"Media book",24pp,,,,0,,"CHINA TRADING",,876
CDVILEF408X,"CRADLE OF FILTH","THE MANTICORE & OTHER HORRORS",CD,2,0,1,"Media book",24pp,,,,0,"13 Track Version",TAKT,TAKT,877
CDVILEF409,"CRADLE OF FILTH","THE MANTICORE & OTHER HORRORS",CD,1,1,1,Jewel,24pp,,,,0,"11 Track Version",OPTIMAL,OPTIMAL,878
VILELP409,"CRADLE OF FILTH","THE MANTICORE & OTHER HORRORS",2LP,2,0,0,Gatefold,,,,,0,,OPTIMAL,,879
KSCOPE225,BLACKFIELD,"BLACKFIELD IV",CD+DVD,1,0,1,"Media book",24pp,,,,0,,TAKT,TAKT,880
KSCOPE226,BLACKFIELD,"BLACKFIELD IV",CD,1,1,1,Jewel,16pp,,,,0,,OPTIMAL,"ANGLIA (stickers)",881
KSCOPE830,BLACKFIELD,"BLACKFIELD IV",LP,1,0,0,Gatefold,,,,,0,,OPTIMAL,,882
VILELP414,ANATHEMA,"ALTERNATIVE 4",LP,1,0,0,Single,,,,,0,,OPTIMAL,,883
SMALP991,MARILLION,ANORAKNOPHOBIA,2LP,2,0,0,Gatefold,,,,,0,,OPTIMAL,,884
CDVILED394H,"AURA NOIR","DREAMS LIKE DESERTS",CD,1,1,1,Jewel,12pp,,,,0,,OPTIMAL,"ANGLIA (stickers)",885
CDVILED393X,MYSTICUM,"IN THE STREAMS OF INFERNO",CD+DVD,2,1,0,Brilliant,12pp,,,,0,,OPTIMAL,OPTIMAL,886
CDVILED415X,DARKTHRONE,"A BLAZE IN THE NORTHERN SKY (20TH ANNIVERSARY EDITION)",2CD,2,0,0,"Media book",12pp,,,,0,,TAKT,TAKT,887
VILELP418,"MY DYING BRIDE","THE ANGEL AND THE DARK RIVER",2LP,2,0,0,Gatefold,,,,,0,,OPTIMAL,,888
VILELP419,"MY DYING BRIDE","LIKE GODS OF THE SUN",2LP,2,0,0,Gatefold,,,,,0,,OPTIMAL,,889
KSCOPE244,"HENRY FOOL","MEN SINGING",CD,1,0,1,SleevePac,8pp,,,,0,,OPTIMAL,OPTIMAL,890
KSCOPE247,"THE PINEAPPLE THIEF","BUILD A WORLD EP",CD,1,0,1,SleevePac,,,,,0,,OPTIMAL,OPTIMAL,891
KSCOPE838,"STEVEN WILSON","LUMINOL (DEMO)/THE WATCHMAKER (DEMO)","12`` Picture Disc",1,0,0,Other,,,,,0,"Picture Disc",OPTIMAL,OPTIMAL,892
KSCOPE246,"THE PINEAPPLE THIEF","ONE THREE SEVEN",CD,1,1,1,Jewel,12pp,,,,0,,OPTIMAL,OPTIMAL,893
KSCOPE248,AMPLIFIER,"ECHO STREET",2CD,2,0,1,"Media book",Other,,,,0,"Dvd Size Media Book",TAKT,TAKT,894
KSCOPE249,AMPLIFIER,"ECHO STREET",CD,1,0,1,"Media book",Other,,,,0,"28pp Book",TAKT,TAKT,895
KSCOPE250,AMPLIFIER,"ECHO STREET",CD,1,1,1,Jewel,8pp,,,,0,,OPTIMAL,OPTIMAL,896
CHARLY115S,"GIL SCOTT-HERON & BRIAN JACKSON","THE BOTTLE",7``,1,0,0,Single,,40,45,Green,0,,OPTIMAL,OPTIMAL,897
CHARLY270P,"ARCHIE SHEPP","YASMINA, A BLACK WOMAN / POEM FOR MALCOLM",CD,1,0,0,Jewel,16pp,,,,0,,OPTIMAL,,898
KSCOPE240,"STEVEN WILSON","THE RAVEN THAT REFUSED TO SING",CDBox,4,0,0,Other,Other,,,,0,"124 Page Earbook",OPTIMAL,,899
KSCOPE241,"STEVEN WILSON","THE RAVEN THAT REFUSED TO SING",CD+DVD,2,0,0,"Media book",Outer,,,,0,"40 Page Book",OPTIMAL,OPTIMAL,900
KSCOPE242,"STEVEN WILSON","THE RAVEN THAT REFUSED TO SING",CD,1,0,1,Digipack4,16pp,,,,0,,SP,SP,901
KSCOPE835,"STEVEN WILSON","THE RAVEN THAT REFUSED TO SING",2LP,2,0,1,Gatefold,,,,,0,,OPTIMAL,OPTIMAL,902
SMALP1002,W.A.S.P.,"THE CRIMSON IDOL",LP,1,0,0,Single,,140,33,Red,0,,OPTIMAL,,903
SMALP988,MARILLION,BEST.LIVE.,LPBox,4,0,0,Other,4pp,,,,0,,OPTIMAL,,904
SMACD989,FAMILY,BANDSTAND,2CD,2,0,1,"Media book",16pp,,,,0,,"CHINA TRADING","CHINA TRADING",905
CHARLY650X,"DON CHERRY","MU FIRST PART, MU SECOND PART, ORIENT",2CD,2,0,1,"Media book",20pp,,,,0,,"CHINA TRADING","CHINA TRADING",906
CHARLY651X,"ARCHIE SHEPP AND THE FULL MOON ENSEMBLE","LIVE IN ANTIBES",2CD,2,0,1,"Media book",20pp,,,,0,,"CHINA TRADING","CHINA TRADING",907
SMACD987,"PETER GREEN","THE VERY BEST OF PETER GREEN/SPLINTER GROUP",2CD,2,0,1,"Media book",20pp,,,,0,,"CHINA TRADING","CHINA TRADING",908
KSCOPE251,ANATHEMA,"WE`RE HERE BECAUSE WE`RE HERE",CD+DVD,2,0,1,Digipack6,12pp,,,,0,,SP,SP,909
SMACD954X,"OZRIC TENTACLES","THE YUMYUM TREE",CD,1,0,1,Jewel,4pp,,,,0,,OPTIMAL,OPTIMAL,910
CHARLY116S,"THE SHANGRI-LAS","REMEMBER (WALKIN` IN THE SAND)",7``,1,0,0,Single,,,,,0,,OPTIMAL,,912
CHARLY107L,"SMALL FACES","THERE ARE BUT FOUR SMALL FACES",LP,1,0,1,Single,,,,,0,,OPTIMAL,"ANGLIA (stickers)",913
CHARLY108S,"SMALL FACES","GREEN CIRCLES",7``,1,0,1,Single,,,,,0,,OPTIMAL,"ANGLIA (stickers)",914
CHARLY109S,"SMALL FACES","HERE COME THE NICE",7``,1,0,1,Single,,,,,0,,OPTIMAL,"ANGLIA (stickers)",915
SMDCD906,"OZRIC TENTACLES","INTRODUCING OZRIC TENTACLES",2CD,2,0,1,Brilliant,8pp,,,,0,,OPTIMAL,OPTIMAL,916
SMDCD901,"MY DYING BRIDE","INTRODUCING MY DYING BRIDE",2CD,2,0,1,Brilliant,8pp,,,,0,,OPTIMAL,OPTIMAL,917
SMDCD902,DARKTHRONE,"INTRODUCING DARKTHRONE",2CD,2,0,1,Brilliant,8pp,,,,0,,OPTIMAL,OPTIMAL,918
SMDCD903,KATATONIA,"INTRODUCING KATATONIA",2CD,2,0,1,Brilliant,8pp,,,,0,,OPTIMAL,OPTIMAL,919
KSCOPE238,ULVER,"THE NORWEGIAN NATIONAL OPERA",CD+DVD,2,0,1,"Media book",Other,,,,0,"32 Page Book",TAKT,TAKT,920
VILELP391,"NEPTUNE TOWERS","TRANSMISSIONS FROM EMPIRE ALGOL",LP,1,0,0,Single,,,,,0,,OPTIMAL,,921
VILELP397,"NEPTUNE TOWERS","CARAVANS TO EMPIRE ALGOL",LP,1,0,0,Single,,,,,0,,OPTIMAL,,922
SMDCD904,PENDRAGON,"INTRODUCING PENDRAGON",2CD,2,0,1,Brilliant,8pp,,,,0,,OPTIMAL,OPTIMAL,923
SBLUECD092,"JOHNNY HALLYDAY","THE ROOTS OF JOHNNY HALLYDAY",CD,1,0,0,Digipack4,16pp,,,,0,,OPTIMAL,,924
KSCOPE841,ULVER,"THE NORWEGIAN NATIONAL OPERA",2LP,2,0,0,Gatefold,,,,,0,,OPTIMAL,,925
VILELP434,ANATHEMA,ETERNITY,2LP,2,0,0,Gatefold,,,,,0,,OPTIMAL,,926
KSCOPE245,NOSOUND,AFTERTHOUGHTS,CD+DVD,2,0,1,"Media book",24pp,,,,0,,TAKT,TAKT,927
CDVILED395H,"MORTUARY DRAPE","TOLLING 13 KNELL",CD,1,1,1,Jewel,8pp,,,,0,,OPTIMAL,"ANGLIA (stickers)",930
VILELP395,"MORTUARY DRAPE","TOLLING 13 KNELL",2LP,2,0,0,Gatefold,,,,,0,,OPTIMAL,,931
VILELP428,"MY DYING BRIDE","THE MANUSCRIPT EP",12``,1,0,0,Single,,,,,0,,OPTIMAL,,932
CDVILES428,"MY DYING BRIDE","THE MANUSCRIPT EP","CD Single",1,1,1,Jewel,12pp,,,,0,,OPTIMAL,"ANGLIA (stickers)",933
CDVILEF425,DARKTHRONE,"THE UNDERGROUND RESISTANCE",CD,1,0,1,Jewel,20pp,,,,0,,OPTIMAL,OPTIMAL,934
VILELP425,DARKTHRONE,"THE UNDERGROUND RESISTANCE",LP,2,0,0,Single,8pp,,,,0,"previously was a gatefold",OPTIMAL,,935
CHARLY667D,"BIG BROTHER & THE HOLDING COMPANY","BALL AND CHAIN",2CD,2,0,1,Brilliant,24pp,,,,0,,OPTIMAL,OPTIMAL,936
KSCOPE839,NOSOUND,AFTERTHOUGHTS,2LP,2,0,0,Gatefold,,,,,0,,OPTIMAL,,937
SROLLCD846X,"MARTY WILDE, CLIFF RICHARD, BILLY FURY","BRITISH ROCK N ROLL LEGENDS",3CD,3,1,0,Jewel,8pp,,,,0,,OPTIMAL,,938
SMDCD409,"THE BOLLOCK BROTHERS","TWICE THE BALLS",2CD,2,0,0,Brilliant,8pp,,,,0,,OPTIMAL,,939
KSCOPE260,"BRUCE SOORD WITH JONAS RENKSE","WISDOM OF CROWDS",CD,1,0,1,Jewel,12pp,,,,0,,OPTIMAL,OPTIMAL,940
CDVILEF431,AUTOPSY,"THE HEADLESS RITUAL",CD,1,1,1,Jewel,16pp,,,,0,,OPTIMAL,OPTIMAL,941
CDVILEF430,AUTOPSY,"THE HEADLESS RITUAL",CD,1,0,1,"Media book",16pp,,,,0,,TAKT,TAKT,943
VILELP431,AUTOPSY,"THE HEADLESS RITUAL",LP,1,0,1,Single,,140,33,Black,0,,OPTIMAL,OPTIMAL,944
KSCOPE843,ANATHEMA,UNTOUCHABLE,2LP,2,0,0,Gatefold,,,,,0,,OPTIMAL,,945
SMACD1006,FAMILY,HISTORY,2CD,2,0,1,"Media book",24pp,,,,0,,TAKT,TAKT,946
CHARLY656X,"JEANNIE C. RILEY","HARPER VALLEY PTA - BEST OF THE PLANTATION YEARS",2CD,2,0,1,"Media book",24pp,,,,0,,"CHINA TRADING","CHINA TRADING",947
CHARLY112L,"13TH FLOOR ELEVATORS","EASTER EVERYWHERE",2LP,1,0,0,Gatefold,,,,,0,,CSV,,948
SMALP996,MARILLION,"RADIATION 2013",2LP,2,0,0,Gatefold,,,,,0,,OPTIMAL,,949
CHARLY657X,"TRUCK STOP SWEETHEARTS & C.B. SAVAGES","THE PLANTATION RECORDS STORY",2CD,2,0,1,"Media book",24pp,,,,0,,"CHINA TRADING","CHINA TRADING",950
SMACD997X,PENDRAGON,"THE MASQUERADE OVERTURE",CD,1,1,1,Jewel,12pp,,,,0,,OPTIMAL,OPTIMAL,951
SMACD1008X,PENDRAGON,"THE WORLD",CD,1,1,1,Jewel,12pp,,,,0,,OPTIMAL,OPTIMAL,952
KSCOPE267,ULVER,"MESSE I.X-VI.X",CD,1,0,1,"Media book",20pp,,,,0,,TAKT,TAKT,953
KSCOPE268,ULVER,"MESSE I.X-VI.X",CD,1,1,1,Jewel,12pp,,,,0,,OPTIMAL,OPTIMAL,954
KSCOPE254,"GAVIN HARRISON & 05RIC",DROP,CD,1,1,1,Jewel,8pp,,,,0,,OPTIMAL,OPTIMAL,955
SMALP997,PENDRAGON,"THE MASQUERADE OVERTURE",2LP,2,0,0,"Wide Spine",,,,,0,,OPTIMAL,,956
CDVILED435X,DARKTHRONE,"UNDER A FUNERAL MOON",2CD,2,0,1,"Media book",16pp,,,,0,,TAKT,TAKT,957
VILELP480,GEHENNA,WW,LP,1,0,0,Single,,180,33,Black,0,,OPTIMAL,,958
VILELP479,"MY DYING BRIDE","AS THE FLOWER WITHERS",LP,2,0,1,Single,,180,33,Black,0,,OPTIMAL,"ANGLIA (stickers)",959
VILELP471,CANDLEMASS,"TALES OF CREATION",LP,1,0,0,Single,,,,,0,,OPTIMAL,,960
VILELP384,"AT THE GATES","WITH FEAR I KISS THE BURNING DARKNESS",LP,1,0,0,Single,,,,,0,,OPTIMAL,,961
VILELP481,BEHEMOTH,"SATANICA (non-USA)",LP,1,0,0,Single,,,,,0,,OPTIMAL,,962
VILELP470,CANDLEMASS,"ANCIENT DREAMS",2LP,2,0,1,Gatefold,,180,33,Black,0,,OPTIMAL,"ANGLIA (stickers)",963
VILELP468,"CARPATHIAN FOREST","BLACK SHINING LEATHER",LP,1,0,0,Single,,,,,0,,OPTIMAL,,964
VILELP472,KATATONIA,"DISCOURAGED ONES",2LP,2,0,1,Gatefold,,180,33,Black,0,,OPTIMAL,,965
VILELP464,"AT THE GATES","THE RED IN THE SKY IS OURS",LP,1,0,0,Single,,,,,0,,OPTIMAL,,966
VILELP473,KVIST,"FOR KUNSTEN MAA VI EVIG VIKE",LP,1,0,0,Single,,,,,0,,OPTIMAL,,967
VILELP466,BEHEMOTH,THELEMA.6,LP,1,0,0,Single,,,,,0,,OPTIMAL,,968
VILELP469,"CARPATHIAN FOREST","STRANGE OLD BREW",LP,1,0,0,Single,,,,,0,,OPTIMAL,,969
VILELP465,PENTAGRAM,"BE FOREWARNED",2LP,2,0,0,Gatefold,,180,33,,0,,OPTIMAL,,970
CDVILED483H,"MORTUARY DRAPE","BURIED IN TIME",CD,1,1,1,Jewel,16pp,,,,0,,OPTIMAL,OPTIMAL,971
VILELP483,"MORTUARY DRAPE","BURIED IN TIME",2LP,2,0,0,Gatefold,,180,33,,0,,OPTIMAL,,972
KSCOPE517,ANATHEMA,UNIVERSAL,CDBox,4,1,0,"Media book",Other,,,,0,"Bd50/dvd9/2cd - 40pp Book",TAKT,TAKT,973
KSCOPE840,KATATONIA,"DETHRONED & UNCROWNED",2LP,2,0,1,Gatefold,,180,33,,0,,OPTIMAL,OPTIMAL,974
CHARLY652X,"CLUB SOUL","VOLUME 1 - THE SCENE CLUB",CD,1,0,1,"Media book",24pp,,,,0,,"CHINA TRADING","CHINA TRADING",975
CHARLY653X,"CLUB SOUL","VOLUME 2 - THE TWISTED WHEEL",CD,1,0,1,"Media book",24pp,,,,0,,"CHINA TRADING","CHINA TRADING",976
CHARLY649X,"ART ENSEMBLE OF CHICAGO","A JACKSON IN YOUR HOUSE, MESSAGE TO OUR FOLKS, REESE AND THE SMOOTH ONES",2CD,2,0,1,"Media book",20pp,,,,0,,"CHINA TRADING","CHINA TRADING",977
CDVILED484X,KATATONIA,"VIVA EMPTINESS (2013 REMASTER)",CD,1,0,1,"Media book",24pp,,,,0,,TAKT,TAKT,978
KSCOPE269,NO-MAN,"WILD OPERA",2CD,2,0,1,Brilliant,16pp,,,,0,,OPTIMAL,OPTIMAL,979
CHARLY658X,"ALICE IN WONDERLAND","THE GREAT LOST SOUTHERN POPSIKE TRIP",2CD,2,0,1,"Media book",24pp,,,,0,,TAKT,TAKT,980
CDVILED476H,MYSTICUM,"LOST MASTERS OF THE UNIVERSE",CD,1,1,1,Jewel,Other,,,,0,,OPTIMAL,OPTIMAL,981
VILELP476,MYSTICUM,"LOST MASTERS OF THE UNIVERSE",2LP,2,0,1,Gatefold,Other,180,33,,0,,OPTIMAL,"ANGLIA (stickers)",982
KSCOPE520,"STEVEN WILSON","DRIVE HOME",CD+Blu-ray,2,0,1,Amaray,8pp,,,,0,,OPTIMAL,OPTIMAL,983
KSCOPE265,"STEVEN WILSON","DRIVE HOME",CD+DVD,2,0,1,SleevePac,,,,,0,,OPTIMAL,OPTIMAL,984
KSCOPE273,"STEVEN WILSON","DRIVE HOME",CD+DVD,2,1,1,Brilliant,8pp,,,,0,,OPTIMAL,OPTIMAL,985
CDVILED489,"MORTA SKULD","DYING REMAINS",CD,1,0,1,Jewel,16pp,,,,0,,OPTIMAL,OPTIMAL,986
CHARLY118L,"THE DELLS","IT`S NOT UNUSUAL",LP,1,0,0,Single,,180,33,,0,,OPTIMAL,OPTIMAL,987
CHARLY119L,"GENE CHANDLER","THE DUKE OF EARL",LP,1,0,0,Single,,180,33,,0,,OPTIMAL,OPTIMAL,988
CDVILEF487,"(NOCTURNO CULTO`S) GIFT OF GODS",RECEIVE,CD,1,1,1,Jewel,16pp,,,,0,,OPTIMAL,OPTIMAL,989
SMALP1005A,"FLEETWOOD MAC","BOSTON VOLUME 1",2LP,2,0,1,Gatefold,,180,33,,0,,OPTIMAL,OPTIMAL,990
CDVILED488X,"MY DYING BRIDE","TURN LOOSE THE SWANS (2CD COMMENTARY DISC VERSION)",2CD,2,0,1,"Media book",16pp,,,,0,,TAKT,"ANGLIA (stickers)",991
KSCOPE278,"HENRY FOOL","HENRY FOOL",CD,1,0,1,Jewel,12pp,,,,0,,OPTIMAL,OPTIMAL,992
VILELP478,BEHEMOTH,DEMIGOD,LP,1,0,1,Single,,180,33,Black,0,,OPTIMAL,"ANGLIA (stickers)",993
VILELP482,KATATONIA,"DANCE OF DECEMBER SOULS",2LP,1,0,1,Gatefold,,180,33,Black,0,,OPTIMAL,"ANGLIA (stickers)",994
SMALP963,"PRETTY THINGS","S.F. SORROW",LP,1,0,1,Gatefold,,180,33,Black,0,"Die-cut Sleeve",OPTIMAL,OPTIMAL,995
CHARLY654X,"SMALL FACES","GREATEST HITS - THE IMMEDIATE YEARS 1967 - 1969",CD,1,0,1,"Media book",24pp,,,,0,,TAKT,TAKT,996
CDVILED416,DODHEIMSGARD,"SATANIC ART",CD,1,0,0,Jewel,8pp,,,,0,OBI,VDC,,997
CHARLY110BX,"SMALL FACES","HERE COME THE NICE (BOX SET)",MixBoxSet,8,0,0,BoxSet,Other,,,,0,,CSV,,998
SMDCD907,"THE PINEAPPLE THIEF","INTRODUCING THE PINEAPPLE THIEF",2CD,2,0,1,Brilliant,8pp,,,,0,,OPTIMAL,OPTIMAL,999
SMDCD909,AUTOPSY,"INTRODUCING AUTOPSY",2CD,2,0,1,Brilliant,8pp,,,,0,,OPTIMAL,OPTIMAL,1001
SMDCD910,CANDLEMASS,"INTRODUCING CANDLEMASS",2CD,2,0,1,Brilliant,8pp,,,,0,,OPTIMAL,OPTIMAL,1002
KSCOPE279,GAZPACHO,"TICK TOCK",CD,1,0,1,Digipack4,20pp,,,,0,,SP,SP,1003
SMALP993,FAMILY,"A SONG FOR ME",LP,1,0,1,Gatefold,2pp,180,33,Black,0,,OPTIMAL,OPTIMAL,1004
SMACD993,FAMILY,"A SONG FOR ME",CD,1,0,1,"Media book",16pp,,,,0,,TAKT,TAKT,1005
KSCOPE276,NO-MAN,"SCHOOLYARD GHOSTS",2CD,2,0,1,SleevePac,,,,,0,,OPTIMAL,OPTIMAL,1006
KSCOPEVOL5,KSCOPE,"SAMPLER VOL 5",CD,1,0,0,Single,,,,,0,,VDC,,1007
VILELP487,"(NOCTURNO CULTO`S) GIFT OF GODS",RECEIVE,LP,1,0,0,Single,,180,33,,0,,OPTIMAL,"ANGLIA (stickers)",1008
KSCOPE851,MOTHLITE,MATHAIR,10``,1,0,1,Single,,100,33,"Dark Blue",0,,OPTIMAL,OPTIMAL,1009
SBLUELP008,"BLIND WILLIE JOHNSON","SOUL OF A MAN",LP,1,0,1,Single,,180,33,"Dark Blue",0,,OPTIMAL,OPTIMAL,1010
SBLUELP010,"MISSISSIPPI JOHN HURT","CANDY MAN BLUES",LP,1,0,1,Single,,180,33,"Dark Blue",0,,OPTIMAL,OPTIMAL,1011
SBLUELP011,"BLIND WILLIE MCTELL","ATLANTA STRUT",LP,1,0,1,Single,,180,33,"Dark Blue",0,,OPTIMAL,OPTIMAL,1012
SBLUELP013,"BLIND LEMON JEFFERSON","BLACK SNAKE MOAN",LP,1,0,1,Single,,180,33,"Dark Blue",0,,OPTIMAL,OPTIMAL,1013
SBLUELP054,"PETER GREEN WITH NIGEL WATSON","HOT FOOT POWDER",LP,1,0,1,Single,,180,33,"Dark Blue",0,,OPTIMAL,OPTIMAL,1014
CDVILEF490,AUTOPSY,"TOURNIQUETS, HACKSAWS AND GRAVES",CD,1,0,1,"Media book",24pp,,,,0,,TAKT,TAKT,1015
CDVILEF491,AUTOPSY,"TOURNIQUETS, HACKSAWS AND GRAVES",CD,1,0,1,Jewel,16pp,,,,0,,OPTIMAL,OPTIMAL,1016
VILELP491,AUTOPSY,"TOURNIQUETS, HACKSAWS AND GRAVES",LP,1,0,1,Single,,140,33,,0,"Poster - previously was a gatefold",OPTIMAL,OPTIMAL,1017
KSCOPE271,NOSOUND,LIGHTDARK,CD+DVD,2,0,1,"Media book",24pp,,,,0,,TAKT,TAKT,1018
KSCOPE850,NOSOUND,LIGHTDARK,2LP,2,0,0,Gatefold,,180,33,,0,,OPTIMAL,,1019
EBVILE004,DARKTHRONE,"BLACK DEATH AND BEYOND",3LP,3,0,0,BoxSet,Other,180,33,White,0,"3lps - Black, White, Transparent. 72pp Book.",OPTIMAL,,1020
KSCOPE274,"THE PINEAPPLE THIEF","TIGHTLY UNWOUND",2CD,2,0,1,"Media book",20pp,,,,0,,TAKT,TAKT,1021
CHARLY110BXP,"SMALL FACES","BOX SET DEMONSTRATION SAMPLE",CD,1,0,0,Other,,,,,0,,OPTIMAL,OPTIMAL,1022
CHARLYL125,"TOWNES VAN ZANDT","LIVE AT THE OLD QUARTER",2LP,2,0,1,Gatefold,,180,33,Black,0,,OPTIMAL,OPTIMAL,1024
CHARLYL148,"ALLEN TOUSSAINT","EVERYTHING I DO GONH BE FUNKY",LP,1,0,0,Single,,180,33,Black,0,,OPTIMAL,OPTIMAL,1027
CHARLYX670,"CURTIS MAYFIELD",SUPERFLY,2CD,2,0,1,"Media book",16pp,,,,0,,TAKT,TAKT,1029
CHARLYX671,FUNKADELIC,"ONE NATION UNDER A GROOVE",2CD,2,0,1,"Media book",16pp,,,,0,,TAKT,TAKT,1030
CHARLYX672,"SMALL FACES","THERE ARE BUT FOUR SMALL FACES",2CD,2,0,1,"Media book",24pp,,,,0,,TAKT,TAKT,1031
CHARLYX673,"13TH FLOOR ELEVATORS","LIVE EVOLUTION LOST",2CD,2,0,1,"Media book",24pp,,,,0,,TAKT,TAKT,1032
CHARLYX674,"TOWNES VAN ZANDT","FOR THE SAKE OF THE SONG / OUR MOTHER THE MOUNTAIN",2CD,2,0,1,"Media book",24pp,,,,0,,TAKT,TAKT,1033
CHARLYX676,FUNKADELIC,"THE ELECTRIC SPANKING OF WAR BABIES",CD,1,0,1,"Media book",16pp,,,,0,,TAKT,TAKT,1035
CHARLYX680,GONG,"CAMEMBERT ELECTRIQUE",CD,1,0,1,SleevePac,24pp,,,,0,,OPTIMAL,OPTIMAL,1039
CHARLYJ752,"CRAZY CAVAN",ROCKIN`,5CD,5,0,1,Clambox,20pp,,,,0,"Cds In Wallets",OPTIMAL,OPTIMAL,1041
CHARLYJ750,"LIGHTNIN` HOPKINS","FREE FORM PATTERNS",3CD,3,0,1,"Media book",24pp,,,,0,,TAKT,TAKT,1043
CHARLYL117,GONG,"CAMEMBERT ELECTRIQUE",LP,1,0,1,Gatefold,2pp,180,33,Black,0,"2 x 2pp Books",OPTIMAL,OPTIMAL,1044
CHARLY915B,"VEE JAY RECORDS","CHICAGO HIT FACTORY THE VEE JAY STORY 1958-1966",CDBox,10,0,0,BoxSet,40pp,,,,0,"6 Sleevepacs In 2 Piece Box With Book",OPTIMAL,,1045
CHARLYL131,"THE METERS","HERE COMES THE METER MAN",LP,1,0,1,Single,,180,33,Black,0,,OPTIMAL,OPTIMAL,1046
CHARLYL146,"LIGHTNIN` ROD","HUSTLER`S CONVENTION",LP,1,0,1,Gatefold,,180,33,Black,0,,OPTIMAL,OPTIMAL,1050
CHARLYL145,"THE LAST POETS","THE LAST POETS",LP,1,0,1,Gatefold,,180,33,Black,0,,OPTIMAL,OPTIMAL,1051
CHARLYL147,"CRAZY CAVAN","LIVE AT PICKETTS LOCK 1 & 2",10``x2,2,0,1,Gatefold,,100,33,Black,0,,OPTIMAL,OPTIMAL,1054
CHARLYL139,"TOWNES VAN ZANDT","FOR THE SAKE OF THE SONG",LP,1,0,1,Single,,180,33,Black,0,,OPTIMAL,OPTIMAL,1056
CHARLYL141,FUNKADELIC,"THE ELECTRIC SPANKING OF WAR BABIES",LP,1,0,1,Gatefold,,180,33,Black,0,,OPTIMAL,OPTIMAL,1057
CHARLYL142,"THE RED CRAYOLA","THE PARABLE OF ARABLE LAND",2LP,1,0,1,Gatefold,,180,33,Black,0,,OPTIMAL,OPTIMAL,1060
CHARLYL136,"13TH FLOOR ELEVATORS","LIVE EVOLUTION LOST",3LP,1,0,1,BoxSet,12pp,180,33,,0,"Green, Blue & Red Vinyl. F Side Screen Print. 12pp Poster.",OPTIMAL,OPTIMAL,1062
CHARLY120L,"LIGHTNIN` HOPKINS","FREE FORM PATTERNS",LP,1,0,1,Single,,180,33,,0,,OPTIMAL,OPTIMAL,1063
CHARLYL132,FUNKADELIC,"ONE NATION UNDER A GROOVE",LP+7``,2,0,1,Gatefold,,180,33,Black,0,,OPTIMAL,OPTIMAL,1064
CHARLYL124,"TOWNES VAN ZANDT","TOWNES VAN ZANDT",LP,1,0,1,Single,,180,33,Black,0,,OPTIMAL,OPTIMAL,1067
CHARLYL123,"THE SHANGRI-LAS","LEADER OF THE PACK",LP,1,0,1,Single,,180,33,Black,0,,OPTIMAL,OPTIMAL,1068
CHARLYL130,"THE METERS","LOOK-KA PY PY",LP,1,0,1,Single,,180,33,Black,0,,OPTIMAL,OPTIMAL,1069
CHARLYL128,"CURTIS MAYFIELD","SUPERFLY (ENHANCED)",2LP+CD,3,0,1,Gatefold,,180,33,Black,0,"2lp + Cd (In Wallet)",OPTIMAL,OPTIMAL,1070
CHARLYL126,"SMALL FACES","GREATEST HITS - THE IMMEDIATE YEARS 1967 - 1969",LP,1,0,1,Single,,180,33,"Dark Blue",0,,OPTIMAL,OPTIMAL,1072
CHARLYL122,"MACEO AND ALL THE KING`S MEN","DOING THEIR OWN THING",LP,1,0,1,Single,,180,33,Black,0,,OPTIMAL,OPTIMAL,1075
KSCOPE852,"THE PINEAPPLE THIEF","TIGHTLY UNWOUND",2LP,2,0,1,Gatefold,,180,33,Orange,0,,OPTIMAL,OPTIMAL,1076
KSCOPE858,"STEVEN WILSON","COVER VERSION",2LP,2,0,1,Gatefold,,180,33,Black,0,,OPTIMAL,OPTIMAL,1078
KSCOPE857,"NORTH ATLANTIC OSCILLATION","THE THIRD DAY",LP,1,0,1,Single,,180,33,Black,0,,OPTIMAL,OPTIMAL,1079
KSCOPE856,"SE DELAN","THE FALL",2LP,2,0,1,Gatefold,,180,33,Black,0,"D Side Screen Print",OPTIMAL,OPTIMAL,1080
KSCOPE855,GAZPACHO,DEMON,LP,1,0,1,Single,,180,33,Black,0,,OPTIMAL,OPTIMAL,1081
KSCOPE854,"THE PINEAPPLE THIEF",MAGNOLIA,2LP,2,0,1,Gatefold,4pp,180,33,Black,0,,OPTIMAL,OPTIMAL,1082
KSCOPE282,"THE PINEAPPLE THIEF",MAGNOLIA,2CD,1,0,1,"Media book",24pp,,,,0,,TAKT,TAKT,1083
KSCOPE283,"THE PINEAPPLE THIEF",MAGNOLIA,CD,1,1,1,Jewel,16pp,,,,0,,OPTIMAL,OPTIMAL,1084
KSCOPE284,GAZPACHO,DEMON,CD,1,0,1,"Media book",24pp,,,,0,,TAKT,TAKT,1085
KSCOPE285,GAZPACHO,DEMON,CD,1,1,1,Jewel,24pp,,,,0,,OPTIMAL,OPTIMAL,1086
KSCOPE286,"SE DELAN","THE FALL",CD,1,0,1,"Media book",24pp,,,,0,,TAKT,TAKT,1087
KSCOPE287,"NORTH ATLANTIC OSCILLATION","THE THIRD DAY",CD,1,0,1,SleevePac,16pp,,,,0,,OPTIMAL,OPTIMAL,1088
CDVILEF427,THINE,"THE DEAD CITY BLUEPRINT",CD,1,1,1,Jewel,16pp,,,,0,,OPTIMAL,OPTIMAL,1090
CDVILEF485,"DHG (DODHEIMSGARD)","A UMBRA OMEGA",CD,1,0,1,Digipack4,16pp,,,,0,,OPTIMAL,OPTIMAL,1092
VILELP485,"DHG (DODHEIMSGARD)","A UMBRA OMEGA",2LP,2,0,1,Gatefold,,180,33,Black,0,,OPTIMAL,OPTIMAL,1093
CDVILEDX494,"THE GATHERING",ALWAYS...,2CD,2,1,1,Brilliant,12pp,,,,0,,OPTIMAL,OPTIMAL,1094
VILELP484,KATATONIA,"VIVA EMPTINESS (2LP)",2LP,1,0,1,Gatefold,,180,33,Black,0,,OPTIMAL,OPTIMAL,1095
CDVILEF493,"MY DYING BRIDE","FEEL THE MISERY",CD,1,0,1,Digipack4,16pp,,,,0,,OPTIMAL,OPTIMAL,1096
VILELP493,"MY DYING BRIDE","FEEL THE MISERY",2LP,2,0,1,Gatefold,4pp,180,33,Black,0,,OPTIMAL,OPTIMAL,1098
KSCOPE280,"PORCUPINE TREE","OCTANE TWISTED (JAPANESE VERSION)",2CD+DVD,2,1,0,Jewel,16pp,,,,0,"Brilliant Box (2CD) + Slimline Jewel (DVD) In Slipcase",OPTIMAL,,1099
VILELP494,"THE GATHERING",ALWAYS...,LP,1,0,1,Single,,180,33,Black,0,,OPTIMAL,OPTIMAL,1100
VILELP495,"THORNS VS EMPEROR","THORNS VS EMPEROR",LP,1,0,1,Single,,180,33,Black,0,,OPTIMAL,OPTIMAL,1101
VILELP496,"AT THE GATES","TERMINAL SPIRIT DISEASE",LP,1,0,1,Single,,180,33,Black,0,,OPTIMAL,"ANGLIA (stickers)",1102
VILELP502,"PARADISE LOST","LOST PARADISE",LP,1,0,1,Single,,180,33,Black,0,,OPTIMAL,"ANGLIA (stickers)",1104
VILELP499,"KEEP OF KALESSIN","THROUGH TIMES OF WAR",LP,1,0,1,Single,,180,33,Black,0,,OPTIMAL,OPTIMAL,1105
KSCOPE853,GAZPACHO,"TICK TOCK",2LP,2,0,1,Gatefold,,180,33,Black,0,"D Side Screen Print",OPTIMAL,OPTIMAL,1106
VILELP498,"KEEP OF KALESSIN","AGNEN : A JOURNEY THROUGH THE DARK",LP,1,0,1,Single,,180,33,Black,0,,OPTIMAL,"ANGLIA (stickers)",1107
VILELP497,SHINING,"SHINING - III: ANGST",LP,1,0,1,Single,,180,33,Black,0,,OPTIMAL,"ANGLIA (stickers)",1108
VILELP501,DOOM,"TOTAL DOOM",2LP,1,0,0,Gatefold,,180,33,Black,0,,OPTIMAL,,1109
SMABX1009,"OZRIC TENTACLES","VITAMIN ENHANCED",6CD,6,1,0,BoxSet,40pp,,,,0,"6cds In Sleevepacs",CSV,,1110
KSCOPE290,ANATHEMA,UNIVERSAL,CD+DVD,2,1,1,Brilliant,16pp,,,,0,,OPTIMAL,OPTIMAL,1111
SMALP1011C,"FLEETWOOD MAC","BOSTON VOLUME 3",2LP,2,0,1,Gatefold,2pp,180,33,Black,0,,OPTIMAL,OPTIMAL,1112
SMALP1010B,"FLEETWOOD MAC","BOSTON VOLUME 2",2LP,2,0,1,Gatefold,2pp,180,33,Black,0,,OPTIMAL,OPTIMAL,1113
SMALP964,"PRETTY THINGS",PARACHUTE,LP,1,0,1,Gatefold,,180,33,Black,0,,OPTIMAL,OPTIMAL,1114
SMALP1012,"THE PRETTY THINGS",EMOTIONS,LP,1,0,1,Single,,180,33,Black,0,,OPTIMAL,OPTIMAL,1115
SMALP1013,"THE PRETTY THINGS","GET THE PICTURE?",LP,1,0,1,Single,,180,33,Black,0,,OPTIMAL,OPTIMAL,1117
SMALP1014,"THE PRETTY THINGS","THE PRETTY THINGS",LP,1,0,1,Single,,180,33,Black,0,,OPTIMAL,OPTIMAL,1118
SMALP1015,"OZRIC TENTACLES","TECHNICIANS OF THE SACRED",2LP,2,0,1,Gatefold,,180,33,Black,0,"MP3 Download",OPTIMAL,OPTIMAL,1119
SMACD1015,"OZRIC TENTACLES","TECHNICIANS OF THE SACRED",2CD,2,0,1,"Digipack other",,,,,0,"8 panel digipak",OPTIMAL,OPTIMAL,1120
SMACD1016,"FLEETWOOD MAC",BOSTON,3CD,1,0,1,Clambox,24pp,,,,0,,"CHINA TRADING","CHINA TRADING",1121
SMALP1017,"THE ENID","IN THE REGION OF THE SUMMER STARS",LP,1,0,1,Gatefold,,180,33,Black,0,,OPTIMAL,OPTIMAL,1122
SMALP1018,"THE ENID","AERIE FAERIE NONSENSE",LP,1,0,1,Gatefold,,180,33,Black,0,,OPTIMAL,OPTIMAL,1123
SMALP1019,"THE ENID",INVICTA,2LP,1,0,1,Gatefold,,180,33,Black,0,,OPTIMAL,OPTIMAL,1124
SMAV1021,"OZRIC TENTACLES",SPLOOSH!,12``,1,0,1,Single,,180,33,Black,0,,OPTIMAL,OPTIMAL,1125
KSCOPE519,"IAN ANDERSON","HOMO ERRATICUS","2CD+2DVD-V Ear Book",4,0,0,"Ear book",Other,,,,0,"2cd+2dvd-v 60pp Bk",OPTIMAL,,1126
KSCOPE860,"IAN ANDERSON","HOMO ERRATICUS",2LP,2,0,1,Gatefold,8pp,180,33,Black,0,N,OPTIMAL,OPTIMAL,1127
KSCOPE291,"IAN ANDERSON","HOMO ERRATICUS",CD+DVD,2,0,1,"Media book",Other,,,,0,"32pp Book",TAKT,TAKT,1128
KSCOPE292,"IAN ANDERSON","HOMO ERRATICUS",CD,1,1,1,Jewel,24pp,,,,0,,VDC,VDC,1129
SMAV1022,MARILLION,"YOU`RE GONE","12`` Picture Disc",1,0,1,Single,,180,33,"Picture Disc",0,,OPTIMAL,OPTIMAL,1130
KSCOPE859,ANATHEMA,HINDSIGHT,2LP,2,0,1,Gatefold,,180,33,Black,0,"D Side Screen Print",OPTIMAL,OPTIMAL,1131
VILES504,KATATONIA,KOCYTEAN,12``,1,0,1,Single,,180,33,Orange,0,"1k Orange 1k Black",OPTIMAL,OPTIMAL,1132
CHARLYS151,"NINA SIMONE","MY BABY JUST CARES FOR ME",7``,1,0,1,Single,,40,45,Black,0,,OPTIMAL,OPTIMAL,1133
CHARLYS152,"HANK MIZELL","JUNGLE ROCK",7``,1,0,1,Single,,40,45,Black,0,,OPTIMAL,OPTIMAL,1134
CHARLYS153,"SUN RECORDS","FLYIN` SAUCERS ROCK `N` ROLL",7``,1,0,1,Single,,40,33,Black,0,,OPTIMAL,OPTIMAL,1135
KSCOPE295,ENGINEERS,"ALWAYS RETURNING",2CD,2,0,1,"Media book",24pp,,,,0,,TAKT,TAKT,1136
KSCOPE296,ENGINEERS,"ALWAYS RETURNING",CD,1,1,1,Jewel,16pp,,,,0,,OPTIMAL,OPTIMAL,1137
KSCOPE297,"STEVE HOGARTH & RICHARD BARBIERI","ARC LIGHT",CD,1,0,1,SleevePac,8pp,,,,0,,OPTIMAL,OPTIMAL,1138
SMACD1023,GONG,"I SEE YOU",CD,1,0,1,"Media book",Other,,,,0,"28pp Book",TAKT,TAKT,1139
SMALP1024,GONG,"I SEE YOU",2LP,2,0,1,Gatefold,,180,33,Black,0,"MP3 Download | D side screen print",OPTIMAL,OPTIMAL,1141
SMACD995,FAMILY,FEARLESS,2CD,2,0,1,"Media book",16pp,,,,0,,"CHINA TRADING","CHINA TRADING",1142
SMACD1025,FAMILY,ANYWAY,2CD,2,0,1,"Media book",16pp,,,,0,,"CHINA TRADING","CHINA TRADING",1143
SMACD1026,"ROGER CHAPMAN",CHAPPO,2CD,2,0,1,"Media book",16pp,,,,0,,"CHINA TRADING","CHINA TRADING",1144
SMACD1027,"ROGER CHAPMAN AND THE SHORTLIST","LIVE IN HAMBURG",2CD,2,0,1,"Media book",16pp,,,,0,,"CHINA TRADING","CHINA TRADING",1145
KSCOPE293,"THE PINEAPPLE THIEF","ABDUCTED AT BIRTH",CD,1,0,1,Digipack4,4pp,,,,0,,SP,SP,1146
VILELP505,"VITAL REMAINS","INTO COLD DARKNESS",LP,1,0,0,Single,,180,33,Black,0,,OPTIMAL,,1147
VILELP506,"VITAL REMAINS","LET US PRAY",LP,1,0,0,Single,,180,33,Black,0,,OPTIMAL,,1148
KSCOPE861,ULVER,"MESSE I.X-VI.X","LP Picture Disc",1,0,1,Single,,180,33,"Picture Disc",0,,OPTIMAL,OPTIMAL,1149
KSCOPE862,ANATHEMA,"UNTOUCHABLE EP","12`` Picture Disc",1,0,1,Single,,180,33,"Picture Disc",0,,OPTIMAL,OPTIMAL,1150
KSCOPE299,"LUNATIC SOUL","WALKING ON A FLASHLIGHT BEAM",CD+DVD,2,0,1,"Media book",24pp,,,,0,,TAKT,TAKT,1151
KSCOPE300,"LUNATIC SOUL","WALKING ON A FLASHLIGHT BEAM",CD,1,1,1,Jewel,16pp,,,,0,,OPTIMAL,OPTIMAL,1153
KSCOPE863,"LUNATIC SOUL","WALKING ON A FLASHLIGHT BEAM",2LP,2,0,1,Gatefold,,180,33,Black,0,,OPTIMAL,OPTIMAL,1154
VILELP390,DARKTHRONE,"SARDONIC WRATH",LP,1,0,0,Single,,180,33,Black,0,,OPTIMAL,,1155
CDVILEDX390,DARKTHRONE,"SARDONIC WRATH",2CD,2,1,1,Brilliant,12pp,,,,0,,OPTIMAL,OPTIMAL,1156
CHARLYQ682,"CHARLY RECORDS","40 YEARS - VOLUME 1, CLASSIC HITS",CD,1,0,1,SleevePac,,,,,0,,OPTIMAL,OPTIMAL,1157
SMALP1028,"JOHN MARTYN","SOLID AIR: CLASSICS REVISITED",LP,1,0,1,Single,2pp,180,33,Black,0,,OPTIMAL,OPTIMAL,1158
CDVILEDX508,BLOODBATH,"BLOODBATH OVER BLOODSTOCK",CD+DVD,2,0,1,"Media book",16pp,,,,0,,"CHINA TRADING","CHINA TRADING",1159
SMALP979,"OZRIC TENTACLES","PAPER MONKEYS",2LP,2,0,0,Gatefold,,180,33,,0,,OPTIMAL,,1160
SMALP998,W.A.S.P.,"THE STING",2LP,2,0,1,Gatefold,,180,33,Green,0,,OPTIMAL,OPTIMAL,1161
VILELP500,ANATHEMA,CRESTFALLEN,LP,1,0,0,Single,,180,33,Black,0,,OPTIMAL,,1162
VILELP503,MAYHEM,"MEDIOLANUM CAPTA EST (non-USA)",2LP,2,0,0,Gatefold,,180,33,Black,0,,OPTIMAL,,1163
KSCOPE298,NO-MAN,"TOGETHER WE`RE STRANGER",CD,1,0,1,SleevePac,,,,,0,,OPTIMAL,OPTIMAL,1164
CHARLYL154,"AARON NEVILLE","HERCULES - THE MINIT & SANSU SESSIONS 1960-1976",LP,1,0,1,Single,,180,33,Black,0,,OPTIMAL,OPTIMAL,1165
CHARLYL155,"LEE DORSEY","SOUL MINE - THE GREATEST HITS",LP,1,0,1,Single,,180,33,Black,0,,OPTIMAL,OPTIMAL,1166
CHARLYL156,FUNKADELIC,"HARDCORE JOLLIES",LP,1,0,1,Gatefold,,180,33,Black,0,,OPTIMAL,OPTIMAL,1167
CHARLYL157,"TOWNES VAN ZANDT","OUR MOTHER THE MOUNTAIN",LP,1,0,1,Single,,180,33,Black,0,,OPTIMAL,OPTIMAL,1168
CDVILEDH509,"MY DYING BRIDE","THE VAULTED SHADOWS",CD,1,1,1,Jewel,8pp,,,,0,,OPTIMAL,OPTIMAL,1170
KSCOPE301,ANATHEMA,"DISTANT SATELLITES",CD+DVD,2,0,1,"Media book",24pp,,,,0,,TAKT,TAKT,1171
KSCOPE302,ANATHEMA,"DISTANT SATELLITES",CD,1,1,1,Jewel,16pp,,,,0,,VDC,VDC,1172
KSCOPE866,ANATHEMA,"DISTANT SATELLITES",2LP,2,0,1,Gatefold,8pp,180,33,Black,0,,OPTIMAL,OPTIMAL,1173
KSCOPE867,"PORCUPINE TREE","FEAR OF A BLANK PLANET",2LP,2,0,1,Gatefold,,180,33,Blue,0,,OPTIMAL,OPTIMAL,1174
KSCOPE521,ANATHEMA,"DISTANT SATELLITES",MixBoxSet,3,1,0,"Ear book",Other,,,,0,"44 Page Hardback Book In Rigid Slipcase. Cd + 2 X Dvd-v",TAKT,TAKT,1175
SMABX1029,"THE PRETTY THINGS","BOUQUETS FROM A CLOUDY SKY - 50TH ANNIVERSARY BOX SET",MixBoxSet,16,0,0,BoxSet,Other,100,33,Black,0,"13 x CD, 2 x DVD, 1 x 10inch. 100pp Book, 2 x Poster, Art Print, Legal Docs.",CSV,,1176
CDVILEFX510,KATATONIA,"LAST FAIR DAY GONE NIGHT",2CD+2DVD-V,4,0,1,"Media book",20pp,,,,0,,TAKT,TAKT,1178
CHARLYBX170,"SMALL FACES","HERE COME THE NICE (BOX SET - NO CERTIFICATE)",MixBoxSet,8,0,1,BoxSet,Other,,45,Black,0,,CSV,CSV,1179
KSCOPE703,ANATHEMA,"THE LOST SONG (PART 3)",7``,1,0,0,Single,,40,45,Black,0,,OPTIMAL,,1181
SMACD1031,GONG,"HIGH ABOVE THE SUBTERRANEA CLUB, 2000",CD+DVD,2,0,1,Digipack6,12pp,,,,0,,"CHINA TRADING","CHINA TRADING",1182
KSCOPE294,"STEVEN WILSON","COVER VERSION",CD,1,0,1,SleevePac,12pp,,,,0,,OPTIMAL,OPTIMAL,1184
VILELP511,BEHEMOTH,"THE APOSTASY",2LP,1,0,1,Gatefold,8pp,180,33,Clear,0,,OPTIMAL,OPTIMAL,1185
CDVILEDX511,BEHEMOTH,"THE APOSTASY",CD+DVD,2,0,1,Digipack6,36pp,,,,0,,SP,SP,1186
VILELP515,"MY DYING BRIDE","34.788% COMPLETE",2LP,2,0,1,Gatefold,,180,33,Black,0,,OPTIMAL,OPTIMAL,1188
VILELP516,"MY DYING BRIDE","THE LIGHT AT THE END OF THE WORLD",2LP,2,0,1,Gatefold,,180,33,Black,0,,OPTIMAL,OPTIMAL,1189
VILELP517,"MY DYING BRIDE","THE DREADFUL HOURS",2LP,2,0,1,Gatefold,,180,33,Black,0,,OPTIMAL,OPTIMAL,1190
CHARLYL164,FUNKADELIC,"UNCLE JAM WANTS YOU",LP,1,0,1,Gatefold,,180,33,Black,0,,OPTIMAL,OPTIMAL,1191
CHARLYX683,FUNKADELIC,"UNCLE JAM WANTS YOU",CD,1,0,1,"Media book",16pp,,,,0,,TAKT,TAKT,1192
CHARLYL161,"THE BOLLOCK BROTHERS","NEVER MIND THE BOLLOCKS",LP,1,0,1,Single,,180,33,Pink,0,,OPTIMAL,OPTIMAL,1196
VILELP416,DODHEIMSGARD,"SATANIC ART",12``,1,0,0,Single,,180,33,Black,0,,TAKT,,1197
VILELP520,CANDLEMASS,"CHAPTER VI",LP,1,0,0,Single,,180,33,Black,0,,OPTIMAL,OPTIMAL,1199
VILELP521,CANDLEMASS,"DACTYLIS GLOMERATA",LP,1,0,0,Single,,180,33,Black,0,,OPTIMAL,,1200
VILELP522,CANDLEMASS,"FROM THE 13TH SUN",2LP,2,0,0,Gatefold,,180,33,Black,0,,OPTIMAL,,1201
VILELP523,"DIABOLICAL MASQUERADE","RAVENDUSK IN MY HEART",LP,1,0,0,Single,,180,33,Red,0,,TAKT,,1202
VILELP524,"DIABOLICAL MASQUERADE","THE PHANTOM LODGE",LP,1,0,0,Single,,180,33,Black,0,,OPTIMAL,,1203
VILELP527,THERGOTHON,"STREAM FROM THE HEAVENS",LP,1,0,0,Single,,180,33,Black,0,,OPTIMAL,,1204
VILELP529,"ELECTRO HIPPIES","THE ONLY GOOD PUNK IS A DEAD ONE",LP,1,0,0,Single,,180,33,Black,0,,TAKT,TAKT,1205
VILELP535,LID,"IN THE MUSHROOM",LP,1,0,0,Single,,180,33,Black,0,,OPTIMAL,,1206
VILELP518,"MY DYING BRIDE","SONGS OF DARKNESS, WORDS OF LIGHT",2LP,2,0,0,Gatefold,,180,33,Black,0,,OPTIMAL,,1207
VILELP519,"MY DYING BRIDE","A LINE OF DEATHLESS KINGS",2LP,2,0,0,Gatefold,,180,33,Black,0,,OPTIMAL,,1208
VILELP525,"DIABOLICAL MASQUERADE",NIGHTWORK,LP,1,0,0,Single,,180,33,Black,0,,OPTIMAL,,1209
VILELP530,EVOKEN,"QUIETUS (non-USA)",2LP,2,0,0,Gatefold,,180,33,Black,0,,OPTIMAL,,1211
VILELP532,"NAPALM DEATH","ORDER OF THE LEECH",LP,1,0,0,Single,,180,33,Black,0,,OPTIMAL,,1212
VILELP534,"OCTOBER TIDE","GREY DAWN",LP+CD,1,0,0,Single,,140,33,Black,0,"LP + CD [in 5`` wallet]",OPTIMAL,OPTIMAL,1213
VILELP538,AXEGRINDER,"RISE OF THE SERPENT MEN",LP,1,0,0,Single,,180,33,Black,0,,TAKT,TAKT,1214
VILELP539,AKERCOCKE,"THE GOAT OF MENDES",2LP,2,0,0,Gatefold,,180,33,Black,0,,OPTIMAL,,1215
VILELP507,MYSTICUM,"PLANET SATAN",LP,1,0,1,Single,,180,33,Black,0,"Poster - previously was a gatefold",OPTIMAL,OPTIMAL,1218
CDVILEF507,MYSTICUM,"PLANET SATAN",CD,1,0,1,"Media book",24pp,,,,0,,TAKT,TAKT,1220
KSCOPE304,"STEVE HOGARTH & RICHARD BARBIERI","ARC LIGHT",CD,1,0,1,Jewel,8pp,,,,0,,OPTIMAL,OPTIMAL,1221
KSCOPE305,IAMTHEMORNING,BELIGHTED,CD,1,0,1,Digipack4,12pp,,,,0,,OPTIMAL,OPTIMAL,1222
CDVILEF544,"WHITE EMPRESS","RISE OF THE EMPRESS",CD,1,0,1,"Media book",24pp,,,,0,,TAKT,TAKT,1223
CDVILEF545,"WHITE EMPRESS","RISE OF THE EMPRESS",CD,1,1,1,Jewel,16pp,,,,0,,VDC,VDC,1224
VILELP545,"WHITE EMPRESS","RISE OF THE EMPRESS",LP,1,0,1,Single,4pp,180,33,Black,0,"MP3 Download",OPTIMAL,OPTIMAL,1226
CDVILEF546,BLOODBATH,"GRAND MORBID FUNERAL",CD,1,0,1,"Media book",24pp,,,,0,,TAKT,TAKT,1227
VILELP547,BLOODBATH,"GRAND MORBID FUNERAL",LP,1,0,1,Gatefold,4pp,180,33,Black,0,"MP3 Download | 500 Red Vinyl for Band & Edel only",OPTIMAL,OPTIMAL,1229
CDVILEF550,KHOLD,"TIL ENDES",CD,1,1,1,Jewel,16pp,,,,0,,OPTIMAL,OPTIMAL,1232
VILELP550,KHOLD,"TIL ENDES",LP,1,0,1,Gatefold,,180,33,Black,0,"MP3 Download",OPTIMAL,OPTIMAL,1233
VILELP543,DARKTHRONE,"TOO OLD TOO COLD",12``,1,0,0,Single,2pp,180,45,Black,0,,OPTIMAL,OPTIMAL,1237
KSCOPE306,GAZPACHO,"NIGHT OF THE DEMON",CD+DVD,2,0,1,Digipack6,16pp,,,,0,,SP,SP,1238
KSCOPE704,ENGINEERS,"A MILLION VOICES",7``,1,0,0,Single,,40,45,Black,0,,OPTIMAL,,1241
KSCOPE868,ENGINEERS,"ALWAYS RETURNING",LP,1,0,1,Single,,180,33,Black,0,"MP3 Download",OPTIMAL,OPTIMAL,1246
SMALP984,PENDRAGON,"NOT OF THIS WORLD",2LP,2,0,1,Gatefold,,180,33,Magenta,0,,OPTIMAL,OPTIMAL,1247
SMALP983,PENDRAGON,"THE WINDOW OF LIFE",2LP,2,0,1,Gatefold,,180,33,Blue,0,,OPTIMAL,OPTIMAL,1248
CHARLYX685,FUNKADELIC,"HARDCORE JOLLIES",CD,1,0,1,"Media book",16pp,,,,0,,TAKT,TAKT,1249
SMALP818,W.A.S.P.,HELLDORADO,LP,1,0,1,Single,,180,33,Scarlet,0,,OPTIMAL,OPTIMAL,1250
SMDCD911,GAZPACHO,"INTRODUCING GAZPACHO",2CD,2,0,1,Brilliant,8pp,,,,0,,OPTIMAL,OPTIMAL,1251
SMDCD912,NOSOUND,"INTRODUCING NOSOUND",2CD,2,0,1,Brilliant,12pp,,,,0,,OPTIMAL,OPTIMAL,1252
VILELP555,"THE BLOOD DIVINE",AWAKEN,LP,1,0,0,Single,,180,33,Black,0,,OPTIMAL,,1253
KSCOPE307,"IAN ANDERSON","HOMO ERRATICUS (TOUR EDITION)",CD+DVD,2,0,1,Digipack6,24pp,,,,0,"Digisleeve (Half Digipak/half Sleeve Pac)",OPTIMAL,OPTIMAL,1254
DVDVILE19,PENTAGRAM,"ALL YOUR SINS - VIDEO VAULT",2DVD,2,0,1,Digipack6,,,,,0,,SP,SP,1256
SFILMBX020,"CLASSIC SOUNDTRACKS VOLUME 1","SINGIN` IN THE RAIN / THE WIZARD OF OZ / SEVEN BRIDES FOR SEVEN BROTHERS",3CD,3,1,0,Jewel,,,,,0,,SP,,1257
KSCOPE312,"PINK FLOYD","LONDON 1966/1967",CD+DVD,2,0,0,Digipack6,,,,,0,,SP,,1258
CDVILEDX549,DARKTHRONE,"TRANSILVANIAN HUNGER (20th Anniversary Edition)",2CD,2,0,1,"Media book",24pp,,,,0,,TAKT,TAKT,1260
CHARLYL168,"BIG BROTHER & THE HOLDING COMPANY","BALL & CHAIN",2LP,12,0,1,Gatefold,,180,33,Black,0,,OPTIMAL,OPTIMAL,1261
KSCOPE313,"NORDIC GIANTS","BUILD SEAS, DISMANTLE SUNS",2CD,1,0,1,SleevePac,,,,,0,,OPTIMAL,OPTIMAL,1262
KSCOPE869,"NORDIC GIANTS","BUILD SEAS, DISMANTLE SUNS",LP,1,0,1,Gatefold,,180,33,Clear,0,,OPTIMAL,OPTIMAL,1263
CHARLYL167,"JEFFERSON AIRPLANE","AT GOLDEN GATE PARK",2LP,2,0,1,Gatefold,,180,33,Black,0,,OPTIMAL,OPTIMAL,1264
CHARLYL166,"CURTIS MAYFIELD","THERE`S NO PLACE LIKE AMERICA TODAY",LP,1,0,1,Single,,180,33,Black,0,,OPTIMAL,OPTIMAL,1265
SMALP1035,PENDRAGON,"MEN WHO CLIMB MOUNTAINS",2LP,2,0,1,Single,8pp,180,33,Black,0,"previously was a gatefold",OPTIMAL,OPTIMAL,1266
VILELP556,OLD,"DOWN WITH THE NAILS",LP,1,0,0,Single,,180,33,Black,0,,OPTIMAL,OPTIMAL,1267
KSCOPE870,"THE PINEAPPLE THIEF","LITTLE MAN",2LP,2,0,0,Gatefold,,180,33,Black,0,,OPTIMAL,OPTIMAL,1268
KSCOPE871,"THE PINEAPPLE THIEF","10 STORIES DOWN",2LP,2,0,0,Gatefold,,180,33,Black,0,,OPTIMAL,OPTIMAL,1269
KSCOPE872,"THE PINEAPPLE THIEF","VARIATIONS ON A DREAM",2LP,2,0,0,Gatefold,,180,33,Black,0,,OPTIMAL,OPTIMAL,1270
KSCOPE873,"THE PINEAPPLE THIEF","ONE THREE SEVEN",2LP,2,0,0,Gatefold,,180,33,Black,0,,OPTIMAL,OPTIMAL,1271
KSCOPE874,GAZPACHO,"MARCH OF GHOSTS",2LP,2,0,0,Gatefold,,180,33,Black,0,,OPTIMAL,,1272
KSCOPE315,"STEVEN WILSON","HAND. CANNOT. ERASE.",CD+DVD,2,0,1,"Media book",24pp,,,,0,,TAKT,TAKT,1273
KSCOPE316,"STEVEN WILSON","HAND. CANNOT. ERASE.",CD,1,0,1,Digipack4,16pp,,,,0,,SP,SP,1274
KSCOPE522,"STEVEN WILSON","HAND. CANNOT. ERASE.",MixBoxSet,4,0,0,"Ear book",Other,,,,0,"Blu-Ray, DVD-V + 2 x CD. 108pp Book + 12pp Diary, 16pp Sketch Book, Birth Cert, Postcard, Mixtape, Letter & Newspaper Cuttings",CSV,,1275
KSCOPE875,"STEVEN WILSON","HAND. CANNOT. ERASE.",2LP,2,0,1,Gatefold,12pp,180,33,Black,0,"MP3 Download",OPTIMAL,OPTIMAL,1276
CHARLYL172,"QUICKSILVER MESSENGER SERVICE","AT THE KABUKI THEATRE",2LP,2,0,1,Gatefold,,180,33,Black,0,,OPTIMAL,OPTIMAL,1277
SMACD1036,W.A.S.P.,"THE BEST OF THE BEST",CD,1,0,1,SleevePac,8pp,,,,0,,"CHINA TRADING","CHINA TRADING",1278
SMALP1036,W.A.S.P.,"THE BEST OF THE BEST",2LP,2,0,1,Gatefold,,180,33,Black,0,,OPTIMAL,OPTIMAL,1279
VILELP369,ISENGARD,VINTERSKUGGE,2LP,2,0,0,Gatefold,,180,33,Black,0,,OPTIMAL,,1280
CHARLYL178,GONG,"THE RADIO GNOME INVISIBLE TRILOGY",3LP,3,0,1,BoxSet,16pp,180,33,Black,0,"3 additional `facsimile` books",OPTIMAL,OPTIMAL,1281
CHARLYL176,"TOWNES VAN ZANDT","THE NASHVILLE SESSIONS",LP,2,0,1,Single,2pp,180,33,Black,0,,OPTIMAL,OPTIMAL,1283
CHARLYL175,"TOWNES VAN ZANDT","THE LATE GREAT TOWNES VAN ZANDT",LP,1,0,1,Gatefold,4pp,180,33,White,0,,OPTIMAL,OPTIMAL,1284
CHARLYJ753,"BOBBY WOMACK","THE PREACHER (FIVE ORIGINAL ALBUMS)",5CD,5,1,1,Clambox,16pp,,,,0,,"CHINA TRADING","CHINA TRADING",1286
KSCOPE864,NO-MAN,"SCHOOLYARD GHOSTS",2LP,2,0,0,Gatefold,,180,33,Black,0,,OPTIMAL,,1287
KSCOPE865,NO-MAN,"TOGETHER WE`RE STRANGER",2LP,2,0,0,Gatefold,,180,33,Black,0,,OPTIMAL,,1288
CHARLYS179,"THE AD LIBS","YOU`LL ALWAYS BE IN STYLE b/w THE BOY FROM NEW YORK",7``,1,0,0,Single,,80,45,Black,0,,OPTIMAL,,1289
CHARLYS180,"THE RUBAIYATS/JOHN WILLIAMS & THE TICK TOCKS","OMAR KHAYYAM/DO ME LIKE YOU DO ME",7``,1,0,0,Single,,80,45,Black,0,,OPTIMAL,,1290
SMABX1029P,"THE PRETTY THINGS","BOX SET DEMONSTRATION SAMPLE",CD,1,0,0,Other,,,,,0,Digisleeve,OPTIMAL,,1292
SMAV1037,"THE PRETTY THINGS","THE PRETTY THINGS EP",7``,1,0,0,Single,,80,45,Black,0,,OPTIMAL,,1293
CHARLYD600,"LEE DORSEY","SOUL MINE - THE GREATEST HITS",2CD,2,0,1,Brilliant,12pp,,,,0,,VDC,VDC,1296
CHARLYF834,"TOWNES VAN ZANDT","THE NASHVILLE SESSIONS",CD,1,0,1,SleevePac,8pp,,,,0,,"CHINA TRADING","CHINA TRADING",1297
KSCOPE523,"STEVEN WILSON","HAND. CANNOT. ERASE.",Blu-ray,1,0,1,Amaray,16pp,,,,0,,OPTIMAL,OPTIMAL,1298
KSCOPE318,"GAVIN HARRISON","CHEATING THE POLYGRAPH",CD+DVD,2,0,1,Digipack6,16pp,,,,0,,TAKT,TAKT,1299
KSCOPE876,"GAVIN HARRISON","CHEATING THE POLYGRAPH",LP,1,0,1,Single,,180,33,Black,0,,OPTIMAL,OPTIMAL,1302
KSCOPE320,NOSOUND,"TEIDE 2390",CD+DVD,2,0,1,"Media book",24pp,,,,0,,TAKT,TAKT,1303
KSCOPE524,KATATONIA,SANCTITUDE,Blu-ray,1,0,1,Amaray,8pp,,,,0,"MP3 download code",OPTIMAL,OPTIMAL,1304
KSCOPE878,KATATONIA,SANCTITUDE,2LP,2,0,1,Gatefold,,180,33,Black,0,"MP3 Download",OPTIMAL,OPTIMAL,1305
KSCOPE322,KATATONIA,SANCTITUDE,CD+DVD,2,0,1,"Media book",24pp,,,,0,,TAKT,TAKT,1306
KSCOPE321,"STEVE JANSEN & RICHARD BARBIERI",LUMEN,CD,1,0,1,Digipack4,,,,,0,,SP,SP,1307
KSCOPE877,"STEVE JANSEN & RICHARD BARBIERI",LUMEN,LP,1,0,0,Single,,180,33,Black,0,,OPTIMAL,OPTIMAL,1308
KSCOPE317,"NORDIC GIANTS","A SEANCE OF DARK DELUSIONS",CD+DVD,2,0,1,SleevePac,12pp,,,,0,,OPTIMAL,OPTIMAL,1309
KSCOPE879,"NORDIC GIANTS","A SEANCE OF DARK DELUSIONS",LP,1,0,1,Gatefold,4pp,180,33,Black,0,"MP3 Download",OPTIMAL,OPTIMAL,1310
KSCOPE323,"THE RECEIVER","ALL BURN",CD,1,0,1,Digipack4,16pp,,,,0,,OPTIMAL,OPTIMAL,1311
KSCOPE880,"THE RECEIVER","ALL BURN",LP,1,0,1,Gatefold,4pp,180,33,Black,0,"MP3 Download",OPTIMAL,OPTIMAL,1312
EBVILE005,DARKTHRONE,"BLACK DEATH AND BEYOND",3CD,3,0,0,"Ear book",Other,,,,0,"72 pages",OPTIMAL,,1316
SMALP1038,"PETER GREEN SPLINTER GROUP","SOHO LIVE - AT RONNIE SCOTT`S",2LP,2,0,1,Gatefold,,180,33,Black,0,,OPTIMAL,OPTIMAL,1319
SMALP977,PENDRAGON,BELIEVE,2LP,2,0,1,Gatefold,,180,33,Black,0,,OPTIMAL,OPTIMAL,1320
SMALP1008,PENDRAGON,"THE WORLD",2LP,2,0,1,Gatefold,,180,33,Black,0,,OPTIMAL,OPTIMAL,1321
SMALP990,PENDRAGON,KOWTOW,2LP,2,0,1,Gatefold,,180,33,Black,0,,OPTIMAL,OPTIMAL,1322
CDVILEF552,NOVEMBRE,URSA,CD,1,0,1,Digipack4,12pp,,,,0,,SP,SP,1323
VILELP552,NOVEMBRE,URSA,2LP,2,0,1,Gatefold,,180,33,Black,0,"MP3 Download",OPTIMAL,OPTIMAL,1324
CDVILEF553,KATATONIA,"THE FALL OF HEARTS",CD+DVD,2,0,1,"Media book",24pp,,,,0,,TAKT,TAKT,1325
VILELP548,KATATONIA,"THE FALL OF HEARTS",2LP,2,0,1,Gatefold,,180,33,Black,0,"MP3 Download",OPTIMAL,OPTIMAL,1326
CDVILEF554,PENTAGRAM,"CURIOUS VOLUME",CD,1,0,1,Digipack4,16pp,,,,0,,OPTIMAL,OPTIMAL,1327
VILELP554,PENTAGRAM,"CURIOUS VOLUME",LP,1,0,1,Single,4pp,180,33,Black,0,"MP3 Download",OPTIMAL,OPTIMAL,1328
SMABX1020,STREETWALKERS,"I`M WALKING - COMPLETE STREETWALKERS 1974-1977",CDBox,10,0,0,BoxSet,Other,,,,0,,CSV,CSV,1329
KSCOPE882,TESSERACT,POLARIS,2LP,2,0,1,Gatefold,4pp,180,33,Black,0,"MP3 Download | D side etching",OPTIMAL,OPTIMAL,1330
KSCOPE883,GAZPACHO,MOLOK,LP,1,0,1,Single,4pp,180,33,Black,0,"MP3 Download",OPTIMAL,OPTIMAL,1331
KSCOPE884,ANATHEMA,"A SORT OF HOMECOMING",3LP,2,0,1,Gatefold,4pp,180,33,Black,0,"MP3 Download",OPTIMAL,OPTIMAL,1332
KSCOPE885,NOSOUND,SCINTILLA,2LP,2,0,1,Gatefold,4pp,180,45,Black,0,"MP3 Download | Cut @ 45rpm",OPTIMAL,OPTIMAL,1333
KSCOPE525,ANATHEMA,"A SORT OF HOMECOMING",MixBoxSet,4,0,1,"Media book",40pp,,,,0,,TAKT,TAKT,1334
KSCOPE527,ANATHEMA,"A SORT OF HOMECOMING",Blu-ray,1,0,1,Amaray,12pp,,,,0,,OPTIMAL,OPTIMAL,1335
KSCOPE330,ANATHEMA,"A SORT OF HOMECOMING",2CD+DVD,2,0,1,"Media book",24pp,,,,0,,TAKT,TAKT,1337
KSCOPE329,GAZPACHO,MOLOK,CD,1,0,1,Digipack4,24pp,,,,0,,SP,TAKT,1338
KSCOPE327,NOSOUND,SCINTILLA,CD+Blu-ray,2,0,1,"Media book",24pp,,,,0,,TAKT,OPTIMAL,1339
KSCOPE325,TESSERACT,POLARIS,CD,1,0,1,Digipack4,12pp,,,,0,,SP,SP,1341
CHARLYS185,"SMALL FACES","AFTERGLOW OF YOUR LOVE",7``,1,0,1,Single,,80,45,Black,0,,OPTIMAL,OPTIMAL,1342
SMALP1039,"OZRIC TENTACLES",ERPSONGS,2LP,2,0,1,"Wide Spine",,180,33,Black,0,,OPTIMAL,OPTIMAL,1343
SMALP1040,"OZRIC TENTACLES","TANTRIC OBSTACLES",2LP,2,0,1,"Wide Spine",,180,33,Black,0,,OPTIMAL,OPTIMAL,1344
SMALP1042,"OZRIC TENTACLES","THERE IS NOTHING",2LP,2,0,1,"Wide Spine",,180,33,Black,0,,OPTIMAL,OPTIMAL,1345
SMALP1041,"OZRIC TENTACLES","LIVE ETHEREAL CEREAL",2LP,2,0,1,"Wide Spine",,180,33,Black,0,,OPTIMAL,OPTIMAL,1346
SMALP1043,"OZRIC TENTACLES","SLIDING GLIDING WORLDS",2LP,2,0,1,"Wide Spine",,180,33,Black,0,,OPTIMAL,OPTIMAL,1347
SMALP1044,"OZRIC TENTACLES","THE BITS BETWEEN THE BITS",2LP,2,0,1,"Wide Spine",,180,33,Black,0,,OPTIMAL,OPTIMAL,1348
SMALP950,"LOVE WITH ARTHUR LEE","THE FOREVER CHANGES CONCERT",2LP,2,0,1,Gatefold,2pp,180,33,Black,0,,OPTIMAL,OPTIMAL,1350
CHARLYX686,"JAZZ ON A SUMMER`S DAY","JAZZ ON A SUMMER`S DAY O.S.T.",CD+DVD,2,0,1,"Media book",24pp,,,,0,,TAKT,TAKT,1358
CHARLYD595,"CLUB SOUL","VOLUME 1 - THE SCENE CLUB",CD,1,0,0,Digipack4,24pp,,,,0,,SP,,1359
CHARLYD596,"CLUB SOUL","VOLUME 2 - THE TWISTED WHEEL",CD,1,0,0,Digipack4,24pp,,,,0,,SP,,1360
CHARLYE178,GONG,"THE RADIO GNOME INVISIBLE TRILOGY",4CD,4,0,0,"Ear book",Other,,,,0,"60pp Book",OPTIMAL,OPTIMAL,1361
KSCOPE331,"SWEET BILLY PILGRIM","MOTORCADE AMNESIACS",2CD,2,0,1,"Media book",24pp,,,,0,,TAKT,TAKT,1363
KSCOPE886,"SWEET BILLY PILGRIM","MOTORCADE AMNESIACS",2LP,2,0,1,Gatefold,4pp,180,33,Black,0,"MP3 Download | D side etching",OPTIMAL,OPTIMAL,1364
KSCOPE887,"LUNATIC SOUL","LUNATIC SOUL",2LP,2,0,1,Gatefold,,180,33,Black,0,,OPTIMAL,OPTIMAL,1365
CHARLYL196,"TOWNES VAN ZANDT","FLYIN` SHOES",LP,1,0,1,Single,4pp,180,33,Cyan,0,,OPTIMAL,OPTIMAL,1367
KSCOPE888,GAZPACHO,"MISSA ATROPOS",2LP,2,0,1,Gatefold,,180,33,Black,0,,OPTIMAL,OPTIMAL,1368
KSCOPE889,GAZPACHO,NIGHT,2LP,2,0,1,Gatefold,,180,33,Black,0,,OPTIMAL,OPTIMAL,1369
KSCOPE890,GAZPACHO,"WHEN EARTH LETS GO",2LP,2,0,1,Gatefold,,180,33,Black,0,,OPTIMAL,OPTIMAL,1370
KSCOPE891,GAZPACHO,BRAVO,2LP,2,0,1,Gatefold,,180,33,Black,0,"D-side eteching",OPTIMAL,OPTIMAL,1372
KSCOPE332,"NORTH ATLANTIC OSCILLATION","GLARE EP",CD,1,0,0,Single,,,,,0,,OPTIMAL,,1374
SMALP1032,"CARL PERKINS & FRIENDS","BLUE SUEDE SHOES - A ROCKABILLY SESSION",10``x2,2,0,1,Gatefold,2pp,180,33,Black,0,,OPTIMAL,OPTIMAL,1375
KSCOPE896,GAZPACHO,FIREBIRD,2LP,2,0,1,Gatefold,,180,33,Black,0,"D side Etching",OPTIMAL,OPTIMAL,1376
KSCOPE334,"PORCUPINE TREE",ANESTHETIZE,2CD+DVD,2,0,1,"Media book",24pp,,,,0,,TAKT,TAKT,1377
CHARLYF835,"TOWNES VAN ZANDT","THE LATE GREAT TOWNES VAN ZANDT",CD,1,0,1,SleevePac,8pp,,,,0,,"CHINA TRADING","CHINA TRADING",1378
KSCOPE897,"CRIPPLED BLACK PHOENIX","I, VIGILANTE",2LP,2,0,1,Gatefold,,180,33,Black,0,"D side Etching",OPTIMAL,OPTIMAL,1379
KSCOPE528,"PORCUPINE TREE",ANESTHETIZE,Blu-ray,1,0,1,Amaray,8pp,,,,0,,TAKT,TAKT,1381
CHARLYJ753P,"BOBBY WOMACK","THE PREACHER (FIVE ORIGINAL ALBUMS)",CD,1,0,0,Other,,,,,0,"Promo CD in Wallet",SP,,1382
SMACD1032,"CARL PERKINS & FRIENDS","BLUE SUEDE SHOES - A ROCKABILLY SESSION",CD+DVD,2,0,1,"Media book",12pp,,,,0,,"CHINA TRADING","CHINA TRADING",1383
KSCOPE898,"DALIS CAR",INGLADALONENESS,12``,1,0,1,Single,,180,45,Black,0,"Printed Inner Bag",OPTIMAL,OPTIMAL,1384
CDVILED563,ANATHEMA,"RESONANCE 1 & 2",2CD,2,0,1,Brilliant,4pp,,,,0,,SP,SP,1385
KSCOPE894,"PORCUPINE TREE","THE DELERIUM YEARS 1994 - 1997",LPBox,8,0,0,BoxSet,40pp,180,33,Black,0,"A-D Sky Moves Sideways E-H Signify I-N Coma Divine O-P Additional Material 1994 - 1997",OPTIMAL,,1386
KSCOPE900,"MICK KARN","EACH EYE A PATH",LP,1,0,1,Single,,180,33,Black,0,"Printed Inner Bag",OPTIMAL,OPTIMAL,1390
KSCOPE901,"CRIPPLED BLACK PHOENIX","A LOVE OF SHARED DISASTERS",2LP,2,0,1,Gatefold,,180,33,Black,0,,OPTIMAL,OPTIMAL,1391
KSCOPE902,"MICK KARN","THREE PART SPECIES",2LP,2,0,1,Gatefold,,180,33,Black,0,,OPTIMAL,OPTIMAL,1392
CDVILED564,DARKTHRONE,"CIRCLE THE WAGONS",CD,1,0,1,Jewel,12pp,,,,0,OBI,VDC,,1393
KSCOPE903,"MICK KARN","MORE BETTER DIFFERENT",LP,1,0,1,Single,,180,33,Black,0,,OPTIMAL,OPTIMAL,1394
EBVILE007,"MY DYING BRIDE","FEEL THE MISERY",MixBoxSet,4,0,0,"Ear book",40pp,100,33,Black,0,"2 x CD + 2 x 10inch",OPTIMAL,,1395
KSCOPE324,TESSERACT,POLARIS,CD+DVD,2,0,1,"Media book",24pp,,,,0,"DVD-V = 5.1 MIX",TAKT,TAKT,1396
SMACD1046,"JANE GETTER PREMONITION",ON,CD,1,0,1,Digipack4,16pp,,,,0,,SP,SP,1397
SMALP1046,"JANE GETTER PREMONITION",ON,LP,1,0,1,Single,,180,33,Black,0,,OPTIMAL,OPTIMAL,1398
KSCOPE337,ANATHEMA,"DISTANT SATELLITES (TOUR EDITION)",2CD,2,1,1,Jewel,16pp,,,,0,"Jewel Case + Slimline Jewel in Slipcase",SP,SP,1399
CHARLYL197,"13TH FLOOR ELEVATORS","EASTER EVERYWHERE",LP,1,0,1,Single,,180,33,Gold,0,,CSV,CSV,1400
KSCOPE904,"STEVEN WILSON",TRANSIENCE,2LP,2,0,1,Gatefold,,180,33,Black,0,"D side etching - wav download code",OPTIMAL,OPTIMAL,1401
KSCOPE338,"STEVE JANSEN & RICHARD BARBIERI","STONE TO FLESH",CD,1,0,1,Digipack4,,,,,0,,SP,SP,1402
SDPCD666,W.A.S.P.,"THE BEST OF THE BEST",CD,1,0,0,Jewel,4pp,,,,0,,OPTIMAL,,1403
DVDVILE20,PENTAGRAM,"LAST DAYS HERE",DVD-V,1,0,1,Digipack4,,,,,0,,SP,SP,1404
CHARLYL198,"TOWNES VAN ZANDT","TEXAS RAIN",2LP,2,0,1,Gatefold,4pp,180,33,Black,0,,OPTIMAL,OPTIMAL,1405
VILELP558,OPETH,"THE ROUNDHOUSE TAPES",3LP,3,0,1,Gatefold,,140,33,Black,0,,OPTIMAL,OPTIMAL,1406
KSCOPE912,"MICK KARN","THE CONCRETE TWIN",LP,1,0,1,Single,,180,33,Black,0,,OPTIMAL,OPTIMAL,1407
KSCOPE913,"PAUL DRAPER","SPOOKY ACTION",2LP,2,0,1,Gatefold,,180,33,Black,1,,OPTIMAL,OPTIMAL,1408
VILEMC554,PENTAGRAM,"CURIOUS VOLUME",Cassette,1,0,0,Single,,,,,0,"Plastic case - Inlay with 2 flaps",Fairview,,1410
VILELP559,AUTOPSY,"SKULL GRINDER",12``,1,0,1,Single,,180,33,Black,0,"MP3 Download",OPTIMAL,OPTIMAL,1411
CDVILEF559,AUTOPSY,"SKULL GRINDER",CD,1,0,1,Digipack4,,,,,0,,VDC,VDC,1412
VILEMC38,PENTAGRAM,RELENTLESS,Cassette,1,0,0,Single,,,,,0,"Plastic case - Inlay with 3 flaps",Fairview,,1413
CHARLYF838,"TOWNES VAN ZANDT","TEXAS RAIN",CD,1,0,1,SleevePac,12pp,,,,0,,"CHINA TRADING","CHINA TRADING",1414
CHARLYF836,"TOWNES VAN ZANDT","FLYIN` SHOES",CD,1,0,1,SleevePac,12pp,,,,0,,"CHINA TRADING","CHINA TRADING",1416
KSCOPE342,"PORCUPINE TREE",RECORDINGS,CD,1,0,1,Digipack4,12pp,,,,0,,SP,SP,1417
KSCOPE343,"PORCUPINE TREE","STUPID DREAM",CD,1,0,1,SleevePac,16pp,,,,0,,"CHINA TRADING","CHINA TRADING",1418
VILELP570,MAYHEM,"LIVE IN LEIPZIG",LP,1,0,1,Single,8pp,180,33,Purple,0,,OPTIMAL,OPTIMAL,1419
CDVILEF558,OPETH,"THE ROUNDHOUSE TAPES",2CD+DVD,3,0,1,"Media book",24pp,,,,0,,TAKT,TAKT,1420
EBVILE008,AUTOPSY,"AFTER THE CUTTING",4CD,1,0,0,"Ear book",Other,,,,0,"92 Page Book",OPTIMAL,OPTIMAL,1421
VILELP571,DODHEIMSGARD,"KRONET TIL KONGE",LP,1,0,0,Single,,180,33,Black,0,,OPTIMAL,,1422
KSCOPE341,"BRUCE SOORD (The Pineapple Thief)","BRUCE SOORD",CD,1,0,1,Digipack4,8pp,,,,0,,SP,SP,1423
KSCOPE915,"BRUCE SOORD (The Pineapple Thief)","BRUCE SOORD",LP,1,0,1,Single,4pp,180,33,Black,0,"MP3 Download",OPTIMAL,OPTIMAL,1424
KSCOPE916,"CRIPPLED BLACK PHOENIX","THE RESURRECTIONISTS",2LP,2,0,1,"Wide Spine",,140,33,Black,0,,OPTIMAL,OPTIMAL,1425
SMACDX1047,W.A.S.P.,"THE CRIMSON IDOL",CD,1,0,1,Digipack4,12pp,,,,0,,SP,SP,1426
CDVILED539,AKERCOCKE,"THE GOAT OF MENDES",CD,1,0,1,Digipack4,16pp,,,,0,,SP,SP,1427
VILEMC22,DARKTHRONE,"SOULSIDE JOURNEY",Cassette,1,0,0,Single,,,,,0,"Plastic case - Inlay with 2 flaps",Fairview,,1428
CDVILEDX570,MAYHEM,"LIVE IN LEIPZIG",2CD,2,0,1,Digipack6,24pp,,,,0,,SP,SP,1429
KSCOPE345,"THE ANCHORESS","CONFESSIONS OF A ROMANCE NOVELIST",CD,1,0,1,SleevePac,24pp,,,,0,,OPTIMAL,OPTIMAL,1430
SMABX1020P,STREETWALKERS,"I`M WALKING - COMPLETE STREETWALKERS 1974-1977 PROMO CD",CD,1,0,0,Single,,,,,0,,OPTIMAL,,1431
CDVILEDX571,DODHEIMSGARD,"KRONET TIL KONGE",2CD,2,0,1,Digipack6,12pp,,,,0,,SP,SP,1432
CHARLYE178P,GONG,"THE RADIO GNOME INVISIBLE TRILOGY SAMPLER",CD,1,0,0,Single,,,,,0,,OPTIMAL,,1433
KSCOPE347,"STEVEN WILSON","4 1/2",CD,1,0,1,Digipack4,8pp,,,,0,"Die-Cut Slipcase",OPTIMAL,OPTIMAL,1434
KSCOPE917,"STEVEN WILSON","4 1/2",LP,1,0,1,Single,,180,33,Black,0,"FLAC & MP3 Download Code",OPTIMAL,OPTIMAL,1435
KSCOPE529,"STEVEN WILSON","4 1/2",Blu-ray,1,0,1,Amaray,8pp,,,,0,"FLAC & MP3 Download Code",OPTIMAL,OPTIMAL,1436
KSCOPE349,"WILSON HOILE GLOVER",INDEX,Other/T-shirt,1,0,0,Other,Other,,,,0,,SP,,1437
KSCOPE918,"SE DELAN",DRIFTER,LP,1,0,1,Single,,180,33,Black,0,"MP3 Download",OPTIMAL,OPTIMAL,1438
KSCOPE351,"SE DELAN",DRIFTER,CD,1,0,1,Digipack4,16pp,,,,0,,SP,SP,1439
VILELP508,BLOODBATH,"BLOODBATH OVER BLOODSTOCK",2LP,2,0,1,Gatefold,,180,33,Black,0,,OPTIMAL,OPTIMAL,1440
VILELP241,BLOODBATH,"THE WACKEN CARNAGE",2LP,1,0,1,Gatefold,,180,33,Black,0,,OPTIMAL,OPTIMAL,1441
CDVILEF569,SIKTH,OPACITIES,CD,1,0,1,Digipack4,8pp,,,,0,,SP,SP,1443
KSCOPE919,IAMTHEMORNING,LIGHTHOUSE,LP,1,0,1,Single,,180,33,Black,0,"MP3 Download",OPTIMAL,OPTIMAL,1446
KSCOPE352,IAMTHEMORNING,LIGHTHOUSE,CD,1,0,1,Digipack4,16pp,,,,0,,SP,SP,1447
KSCOPE920,"THE ANCHORESS","CONFESSIONS OF A ROMANCE NOVELIST",2LP,2,0,1,Gatefold,,180,33,Black,0,"MP3 Download",OPTIMAL,OPTIMAL,1450
KSCOPE340,"PAUL DRAPER","SPOOKY ACTION",CD,1,0,1,Digipack4,16pp,,,,0,,SP,SP,1451
KSCOPE530,"PAUL DRAPER","SPOOKY ACTION",MixBoxSet,4,0,1,"Ear book",Outer,,,,0,"48 pages",OPTIMAL,OPTIMAL,1452
KSCOPE353,"THE PINEAPPLE THIEF","YOUR WILDERNESS",2CD+DVD,3,0,1,"Ear book",Other,,,,0,"48 pages",OPTIMAL,OPTIMAL,1453
KSCOPE921,"THE PINEAPPLE THIEF","YOUR WILDERNESS",LP,2,0,1,Single,8pp,180,33,Black,0,"MP3 Download",OPTIMAL,OPTIMAL,1455
KSCOPE356,ANATHEMA,"THE OPTIMIST",CD,2,0,1,Digipack4,16pp,,,,0,,SP,SP,1458
KSCOPE922,ANATHEMA,"THE OPTIMIST",2LP,2,0,1,Gatefold,,180,33,Black,0,"MP3 Download",OPTIMAL,OPTIMAL,1460
KSCOPE923,"LUNATIC SOUL",FRACTURED,2LP,2,0,1,Gatefold,,180,33,Black,1,,OPTIMAL,OPTIMAL,1461
KSCOPE358,"LUNATIC SOUL",FRACTURED,CD,1,0,1,Digipack4,12pp,,,,0,,SP,SP,1462
KSCOPE531,ANATHEMA,"THE OPTIMIST",MixBoxSet,4,0,1,"Ear book",40pp,,,,0,"2CD + DVD + Blu-ray",OPTIMAL,OPTIMAL,1463
KSCOPE532,ANATHEMA,"THE OPTIMIST",Blu-ray,1,0,1,Amaray,12pp,,,,0,,OPTIMAL,OPTIMAL,1464
VILELP568,DARKTHRONE,"ARCTIC THUNDER",LP,1,0,0,Single,,180,33,Black,0,"MP3 Download",OPTIMAL,OPTIMAL,1466
CDVILEF568,DARKTHRONE,"ARCTIC THUNDER",CD,1,0,1,Jewel,12pp,,,,0,,OPTIMAL,OPTIMAL,1467
EBVILE009,CANDLEMASS,"BEHIND THE WALL OF DOOM",MixBoxSet,4,0,1,"Ear book",,,,,0,"92 Pages",OPTIMAL,OPTIMAL,1468
EBVILE015,KATATONIA,"THE GREAT COLD DISTANCE (10th Anniversary Edition)",MixBoxSet,4,0,1,"Ear book",40pp,,,,0,"3CD + DVD-A/V",OPTIMAL,OPTIMAL,1471
SMACD1049,GONG,"REJOICE! I`M DEAD!",CD,1,0,1,Digipack4,16pp,,,,0,,SP,SP,1472
SMALP1049,GONG,"REJOICE! I`M DEAD!",2LP,2,0,0,Gatefold,4pp,,,,0,"MP3 Download",OPTIMAL,OPTIMAL,1473
KSCOPE350,BLACKFIELD,"BLACKFIELD V",CD+Blu-ray,2,0,0,"Media book",36pp,,,,0,"DVD Size Media Book",TAKT,TAKT,1475
KSCOPE360,BLACKFIELD,"BLACKFIELD V",CD,1,0,0,Digipack4,16pp,,,,0,,SP,SP,1476
KSCOPE924,BLACKFIELD,"BLACKFIELD V",2LP,2,0,0,Gatefold,4pp,180,33,Black,0,"MP3 Download | Cut @ 45rpm",OPTIMAL,OPTIMAL,1477
VILELP569,SIKTH,OPACITIES,LP,1,0,0,Single,4pp,180,33,Black,0,"MP3 Download",OPTIMAL,OPTIMAL,1478
SMABX1045,"STEVE HILLAGE","SEARCHING FOR THE SPARK",CD,22,0,0,BoxSet,Other,,,,0,"22 CDs in Digisleeves | 188pp Hardback Book | 60pp Image Book | 2 x Lyric Books | 3 x Posters | Enamel Badge | Signed Certificate | Plectrum  ",CSV,CSV,1479
KSCOPE893,"PORCUPINE TREE","THE DELERIUM YEARS 1991 - 1993",LPBox,9,0,1,BoxSet,Other,180,33,Black,0,"9 LPs - 40 page book",OPTIMAL,OPTIMAL,1480
SROLLCD848X,"COMPLETE ROCK `N` ROLL","JUKEBOX ORIGINALS",CDBox,10,0,1,Clambox,16pp,,,,0,"10 CDs","CHINA TRADING","CHINA TRADING",1481
CDVILEF548,KATATONIA,"THE FALL OF HEARTS",CD,1,0,0,Digipack4,16pp,,,,0,,SP,SP,1482
EBVILE010,KATATONIA,"THE FALL OF HEARTS",MixBoxSet,4,0,0,"Ear book",40pp,100,33,Black,0,"MP3 Download (15 tracks)",OPTIMAL,OPTIMAL,1483
KSCOPE925,ULVER,"WARS OF THE ROSES",LP,1,0,1,Single,4pp,180,,White,0,,CSV,CSV,1484
CHARLYD601,"ALLEN TOUSSAINT","EVERYTHING I DO GONH BE FUNKY",2CD,2,0,1,Brilliant,12pp,,,,0,,SP,SP,1485
VILELP600,"CRADLE OF FILTH","BITTER SUITES TO SUCCUBI",LP,1,0,1,Single,,180,33,Orange,0,,OPTIMAL,OPTIMAL,1486
VILELP601,"CRADLE OF FILTH","ELEVEN BURIAL MASSES",2LP,2,0,1,Gatefold,,180,33,Black,0,,OPTIMAL,OPTIMAL,1487
VILELP602,"CRADLE OF FILTH","EVERMORE DARKLY",LP,1,0,1,Single,,140,33,Black,0,,CSV,OPTIMAL,1488
CHARLYS199,FUNKADELIC,"ONE NATION UNDER A GROOVE",12``,1,0,1,Single,,180,33,"Clear Red",0,,CSV,CSV,1495
CHARLYS202,"ALLEN TOUSSAINT","WHIPPED CREAM & OTHER DELIGHTS",7``,1,0,1,Single,,40,45,White,0,,CSV,CSV,1496
CEL20171,"TIME ZONE featuring JOHN LYDON & AFRIKA BAMBAATAA","WORLD DESTRUCTION",12``,1,0,1,Single,,180,45,White,0,,OPTIMAL,OPTIMAL,1497
KSCOPE709,"THE ANCHORESS",POPULAR,7``,1,0,1,Single,,40,45,Black,0,,CSV,CSV,1498
CHARLYD562,"JEANNIE C. RILEY","HARPER VALLEY PTA - BEST OF THE PLANTATION YEARS",2CD,2,0,1,Brilliant,16pp,,,,0,,SP,SP,1499
CHARLYD563,"THE LAST POETS","THIS IS MADNESS",2CD,2,0,1,Brilliant,16pp,,,,0,,SP,SP,1500
KSCOPE366,ANATHEMA,"FALLING DEEPER",CD,1,0,1,Digipack4,4pp,,,,0,,SP,SP,1501
KSCOPE367,ANATHEMA,"WEATHER SYSTEMS",CD,1,0,1,Digipack4,4pp,,,,0,,SP,SP,1502
KSCOPE368,ANATHEMA,UNIVERSAL,CD+DVD,2,0,1,Digipack6,,,,,0,,SP,SP,1503
KSCOPE369,BLACKFIELD,"LIVE IN NYC",CD+DVD,2,0,1,Digipack6,,,,,0,,SP,SP,1504
KSCOPE370,BLACKFIELD,"WELCOME TO MY DNA / BLACKFIELD IV",2CD,2,1,1,Jewel,8pp,,,,0,,TAKT,TAKT,1505
KSCOPE372,"GAVIN HARRISON & 05RIC",CIRCLES,CD,1,0,1,Digipack4,,,,,0,,OPTIMAL,OPTIMAL,1506
KSCOPE373,GAZPACHO,"MARCH OF GHOSTS",CD,1,0,1,Digipack4,4pp,,,,0,,OPTIMAL,OPTIMAL,1507
KSCOPE374,GAZPACHO,"MISSA ATROPOS",CD,1,0,1,Digipack4,4pp,,,,0,,OPTIMAL,OPTIMAL,1508
KSCOPE371,"OLD FIRE","SONGS FROM THE HAUNTED SOUTH",CD,1,0,1,Digipack6,,,,,0,,SP,SP,1509
IM083,"SMALL FACES","THE AUTUMN STONE",7``,1,0,1,Single,,40,45,Gold,0,,CSV,CSV,1510
IA20161,"13TH FLOOR ELEVATORS","YOU`RE GONNA MISS ME",10``,1,0,1,Single,,100,45,"Picture Disc",0,,CSV,CSV,1511
VILELP608,CANDLEMASS,"EPICUS DOOMICUS METALLICUS",LP,1,0,1,Single,,180,33,"Picture Disc",0,,OPTIMAL,OPTIMAL,1512
KSCOPE375,"STEVEN WILSON",INSURGENTES,CD,1,0,1,Digipack4,16pp,,,,0,,SP,SP,1513
KSCOPE376,"STEVEN WILSON","GRACE FOR DROWNING",2CD,2,0,1,Digipack6,24pp,,,,0,,SP,SP,1514
KSCOPE377,"STEVEN WILSON","THE RAVEN THAT REFUSED TO SING",CD,1,0,1,Digipack4,16pp,,,,0,,SP,SP,1515
VILELP560,"MY DYING BRIDE","SYMPHONAIRE INFERNUS ET SPERA EMPYRIUM [EP]",12``,1,0,1,Single,,,,Black,0,,OPTIMAL,OPTIMAL,1516
CDVILED561,NOVEMBRE,MATERIA,CD,1,0,1,Jewel,12pp,,,,0,,OPTIMAL,OPTIMAL,1517
VILELP561,NOVEMBRE,MATERIA,2LP,2,0,1,"Wide Spine",,180,33,Black,0,,CSV,CSV,1518
VILELP566,KATATONIA,"THE GREAT COLD DISTANCE (10th Anniversary Edition)",2LP,2,0,1,Gatefold,,180,33,Black,0,,OPTIMAL,OPTIMAL,1519
KSCOPE378,"PAUL DRAPER","EP ONE",CD,1,0,1,Digipack4,,,,,0,,SP,SP,1520
KSCOPE927,"PAUL DRAPER","EP ONE",12``,1,0,1,Single,,180,45,White,0,"MP3 Download   ",OPTIMAL,OPTIMAL,1521
KSCOPE380,"PORCUPINE TREE",SIGNIFY,CD,1,0,1,Digipack4,16pp,,,,0,,"CHINA TRADING","CHINA TRADING",1522
KSCOPE379,"PORCUPINE TREE","LIGHTBULB SUN",CD,1,0,1,SleevePac,16pp,,,,0,,"CHINA TRADING","CHINA TRADING",1523
KSCOPE381,"PORCUPINE TREE","UP THE DOWNSTAIR",CD,1,0,1,Digipack4,8pp,,,,0,,SP,,1524
KSCOPE382,"PORCUPINE TREE","ON THE SUNDAY OF LIFE",CD,1,0,0,Digipack4,16pp,,,,0,,SP,SP,1525
KSCOPE928,"PINK FLOYD","LONDON 1966/1967",LP,1,0,1,Single,,140,33,Black,0,,OPTIMAL,OPTIMAL,1526
SBLUECD095,ADELE,"THE ROOTS OF ADELE",CD,1,0,0,Jewel,8pp,,,,0,,OPTIMAL,,1527
VILELP609,"MY DYING BRIDE","THE THRASH OF NAKED LIMBS",12``,1,0,0,Single,,180,45,Black,0,,CSV,CSV,1528
CDVILEDX610,DARKTHRONE,"SOULSIDE JOURNEY (25th Anniversary Edition)",2CD,2,0,1,"Media book",16pp,,,,0,,TAKT,TAKT,1529
KSCOPE383,"THE PINEAPPLE THIEF","TIGHTLY UNWOUND",2CD,2,0,0,Digipack6,,,,,0,,SP,SP,1530
KSCOPE929,"SWEET BILLY PILGRIM","WE JUST DID WHAT HAPPENED AND NO ONE CAME",LP,1,0,1,Single,,180,33,Black,0,,CSV,CSV,1531
KSCOPE384,"SWEET BILLY PILGRIM","WE JUST DID WHAT HAPPENED AND NO ONE CAME",CD,1,0,1,Digipack4,4pp,,,,0,,SP,SP,1532
KSCOPE385,"SWEET BILLY PILGRIM","TWICE BORN MEN",CD,1,0,1,Digipack4,4pp,,,,0,,SP,SP,1533
KSCOPE930,"SWEET BILLY PILGRIM","TWICE BORN MEN",LP,1,0,1,Single,,180,33,Black,0,,CSV,CSV,1534
CDVILED612,DODHEIMSGARD,"MONUMENTAL POSSESSION",CD,1,0,1,Digipack4,8pp,,,,0,,SP,SP,1535
VILELP612,DODHEIMSGARD,"MONUMENTAL POSSESSION",LP,1,0,1,Single,,180,33,Black,0,,OPTIMAL,OPTIMAL,1536
SMALP1053,"PRETTY THINGS","S.F. SORROW",LP,1,0,0,Gatefold,,180,33,Black,0,,OPTIMAL,OPTIMAL,1537
CHARLYL206,"SUN RECORDS","LET`S BOP! 40 ROCKIN` TRACKS FROM THE SUN VAULTS",2LP,2,0,1,Gatefold,,180,33,Black,0,,CSV,CSV,1538
VILELP613,"MORTA SKULD","WOUNDS DEEPER THAN TIME",LP,1,0,1,Single,,180,33,,0,"MP3 Download",OPTIMAL,OPTIMAL,1539
CDVILEF613,"MORTA SKULD","WOUNDS DEEPER THAN TIME",CD,1,0,1,Digipack6,24pp,,,,0,,SP,SP,1540
VILELP489,"MORTA SKULD","DYING REMAINS",LP,1,0,1,Single,,180,33,Black,0,,OPTIMAL,OPTIMAL,1541
VILELP553,KATATONIA,"THE FALL OF HEARTS (Gold Vinyl)",2LP,2,0,0,Gatefold,,180,33,Gold,0,"MP3 Download",OPTIMAL,OPTIMAL,1542
VILELP614,SOLEFALD,"THE LINEAR SCAFFOLD",LP,1,0,0,Single,,180,33,Black,0,,OPTIMAL,OPTIMAL,1543
VILELP584,"MORTA SKULD","AS HUMANITY FADES",LP,1,0,0,Single,,140,33,Black,0,,OPTIMAL,OPTIMAL,1544
VILELP585,"MORTA SKULD","FOR ALL ETERNITY",LP,1,0,0,Single,,180,33,Black,0,,CSV,,1545
CHARLY304P,"SAMMY DAVIS JNR","I`VE GOTTA BE ME: THE VERY BEST OF",CD,1,0,1,Jewel,4pp,,,,0,,SP,SP,1546
SUNSCLP1286,"WARREN SMITH","ROCKIN` WITH MR. URANIUM",10``,1,0,1,Single,,100,33,Green,0,,OPTIMAL,OPTIMAL,1549
SUNSCLP1285,"SONNY BURGESS","SONNY`S BACK IN TOWN",10``,1,0,1,Single,,100,33,Pink,0,,OPTIMAL,OPTIMAL,1550
CHARLYL209,"THE MILLION DOLLAR QUARTET","THE MILLION DOLLAR QUARTET",10``x2,20,0,1,Gatefold,,100,33,Black,0,,OPTIMAL,OPTIMAL,1552
SMACD1050,REEF,"LIVE AT THE CARLING ACADEMY BRISTOL",CD+DVD,2,0,1,"Media book",12pp,,,,0,,"CHINA TRADING","CHINA TRADING",1554
SMACD1051,"ELECTRIC PRUNES",REWIRED,CD+DVD,2,0,1,"Media book",12pp,,,,0,,"CHINA TRADING","CHINA TRADING",1555
SMACD1052,"OZRIC TENTACLES","AT THE PONGMASTERS BALL",CD+DVD,2,0,1,"Media book",12pp,,,,0,,"CHINA TRADING","CHINA TRADING",1556
SMALP1052,"OZRIC TENTACLES","AT THE PONGMASTERS BALL",2LP,2,0,1,"Wide Spine",,180,33,Black,0,,OPTIMAL,OPTIMAL,1557
CDVILED621,"CRADLE OF FILTH","CLASSIC FILTH",3CD,3,1,1,Jewel,24pp,,,,0,,SP,SP,1560
KSCOPE354,"THE PINEAPPLE THIEF","YOUR WILDERNESS",CD,1,0,1,SleevePac,24pp,,,,0,,OPTIMAL,OPTIMAL,1562
CDVILED624,KATATONIA,"VIVA EMPTINESS (2013 REMASTER)",CD,1,0,0,Jewel,12pp,,,,0,OBI,VDC,,1564
SUNSCLP1287,"RAY SMITH","SHAKE AROUND",10``,1,0,1,Single,,100,33,Yellow,0,,OPTIMAL,OPTIMAL,1565
SUNSCLP1288,"BILLY LEE RILEY","RED HOT",10``,1,0,1,Single,,100,33,Red,0,,OPTIMAL,OPTIMAL,1566
CHARLYB916,"JOHNNY CASH","THE ORIGINAL SUN ALBUMS 1957 - 1964",CDBox,8,0,1,"Ear book",Other,,,,0,"8 CDs | 60 Pages",OPTIMAL,OPTIMAL,1568
SUNSCLP1290,"JERRY LEE LEWIS","DOWN THE ROAD WITH JERRY LEE",10``,1,0,1,Single,,100,33,Cyan,0,,OPTIMAL,OPTIMAL,1569
SUNSCLP1289,"CARL PERKINS","PUT YOUR CAT CLOTHES ON",10``,1,0,1,Single,,100,33,Scarlet,0,,OPTIMAL,OPTIMAL,1570
KSCOPE393,TESSERACT,"POLARIS / ERRAI",2CD,2,0,1,Digipack6,20pp,,,,0,,SP,SP,1571
KSCOPE934,TESSERACT,ERRAI,12``,1,0,1,Single,,180,,Clear,0,"Initial MP3 Download",OPTIMAL,OPTIMAL,1573
CDVILED616,ABSCESS,"DAWN OF INHUMANITY",CD,1,0,1,"Super jewel",12pp,,,,0,,,,1574
CDVILED618,"BARREN EARTH","CURSE OF THE RED RIVER",CD,1,0,1,Jewel,8pp,,,,0,,OPTIMAL,,1575
KSCOPE394,ENGINEERS,"THREE FACT FADER",CD,1,0,1,Jewel,16pp,,,,0,,SP,,1576
KSCOPE396,ENGINEERS,"IN PRAISE OF MORE",2CD,2,0,1,"Super jewel",12pp,,,,0,,,,1577
SMACD1055,MARILLION,"SOMEWHERE IN LONDON",2CD+DVD,3,0,0,Digipack6,,,,,0,,,,1578
SMACD1059,"OZRIC TENTACLES","PAPER MONKEYS",CD,1,0,1,Digipack4,0pp,,,,0,,VDC,,1579
CDVILED619,MYSTICUM,"PLANET SATAN",CD,1,0,0,"Media book",24pp,,,,0,,,,1580
KSCOPE398,LEAFBLADE,"THE KISS OF SPIRIT AND FLESH",CD,1,0,1,Jewel,12pp,,,,0,,,,1581
KSCOPE400,ANATHEMA,"DISTANT SATELLITES",CD+DVD,1,0,1,"Media book",24pp,,,,0,,,,1582
SMACD1060,MARILLION,ANORAKNOPHOBIA,CD,1,0,0,Digipack4,8pp,,,,0,,,,1583
SMACD1061,FAMILY,"A SONG FOR ME",CD,1,0,1,"Media book",16pp,,,,0,,"CHINA TRADING",,1584
CDVILED617,AUTOPSY,"ALL TOMORROW`S FUNERALS",CD,1,0,1,"Media book",24pp,,,,0,,,,1585
CDVILED620,"MY DYING BRIDE","A MAP OF ALL OUR FAILURES",CD,1,0,1,Jewel,12pp,,,,0,,,,1586
KSCOPE399,"STEVEN WILSON","DRIVE HOME",CD+DVD,2,0,1,Brilliant,4pp,,,,0,,,,1587
KSCOPE397,KATATONIA,"DETHRONED & UNCROWNED",CD+DVD,2,0,1,"Media book",Other,,,,0,"32 pages",,,1588
SMACD1056,MARILLION,MARILLION.COM,CD,1,0,1,Digipack4,8pp,,,,0,,,,1589
SMACD1057,W.A.S.P.,"THE STING",CD+DVD,2,0,1,Digipack6,,,,,0,,SP,,1590
KSCOPE401,"STEVE HOGARTH & RICHARD BARBIERI","ARC LIGHT",CD,1,0,1,Jewel,8pp,,,,0,,,,1591
KSCOPE402,"SWEET BILLY PILGRIM","MOTORCADE AMNESIACS",2CD,2,0,1,"Media book",24pp,,,,0,,,,1592
KSCOPE403,"IAN ANDERSON","HOMO ERRATICUS",CD,1,1,1,Jewel,24pp,,,,0,,,,1593
SMACD1062,FAMILY,FEARLESS,2CD,2,0,1,"Media book",16pp,,,,0,,VDC,,1594
SMACD1063,"PETER GREEN SPLINTER GROUP","THE VERY BEST OF PETER GREEN/SPLINTER GROUP",2CD,2,0,0,Digipack6,,,,,0,,SP,,1595
KSCOPE395,ULVER,"WARS OF THE ROSES",CD,1,0,1,"Media book",24pp,,,,0,,,,1596
SMACD1058,MARILLION,"RADIATION 2013",2CD,2,0,1,Digipack6,8pp,,,,0,,,,1597
SMACD1054,GONG,"I SEE YOU",CD,1,0,1,"Media book",Other,,,,0,"28 pages",,,1598
KSCOPE409,"NORTH ATLANTIC OSCILLATION","LIGHTNING STRIKES THE LIBRARY",CD,1,0,1,Digipack4,12pp,,,,0,,SP,SP,1601
KSCOPE410,"PAUL DRAPER","EP TWO",CD,1,0,1,Digipack4,,,,,0,,SP,SP,1602
KSCOPE935,"PAUL DRAPER","EP TWO",12``,1,0,1,Single,,180,45,Clear,0,"MP3 Download   ",OPTIMAL,OPTIMAL,1603
KSCOPE411,"STEVEN WILSON",TRANSIENCE,CD,1,0,1,SleevePac,8pp,,,,0,,OPTIMAL,OPTIMAL,1604
VILELP623,MAYHEM,"LIVE IN ZEITZ (Gold Vinyl)",LP,1,0,1,Single,,180,33,Gold,0,,OPTIMAL,OPTIMAL,1605
VILELP626,DARKTHRONE,"THE WIND OF 666 BLACK HEARTS",2LP,2,0,1,Gatefold,,180,,White,0,,OPTIMAL,OPTIMAL,1606
KSCOPE936,"PORCUPINE TREE","NIL RECURRING",LP,1,0,1,Single,4pp,180,33,Clear,0,,OPTIMAL,OPTIMAL,1607
VILELP568X,DARKTHRONE,"ARCTIC THUNDER (special edition)",LP,1,0,1,Single,,180,33,Orange,0,"MP3 Download",OPTIMAL,OPTIMAL,1608
KSCOPE414,"DALIS CAR",INGLADALONENESS,CD,1,0,1,Digipack4,,,,,0,,SP,SP,1609
KSCOPE415,"MICK KARN","THREE PART SPECIES",CD,1,0,1,Digipack4,,,,,0,,SP,SP,1610
KSCOPE416,"MICK KARN","MORE BETTER DIFFERENT",CD,1,0,1,Digipack4,,,,,0,,SP,SP,1611
KSCOPE417,"MICK KARN","THE CONCRETE TWIN",CD,1,0,1,Digipack4,,,,,0,,SP,SP,1612
KSCOPE418,"MICK KARN","EACH EYE A PATH",CD,1,0,1,Digipack4,,,,,0,,SP,SP,1613
KSCOPE420,GAZPACHO,FIREBIRD,CD,1,0,1,Digipack4,12pp,,,,0,,SP,SP,1614
KSCOPE421,GAZPACHO,BRAVO,CD,1,0,1,Digipack4,8pp,,,,0,,SP,SP,1615
KSCOPE422,GAZPACHO,"WHEN EARTH LETS GO",CD,1,0,1,Digipack4,8pp,,,,0,,SP,SP,1616
KSCOPE423,GAZPACHO,DEMON,CD,1,0,1,Digipack4,4pp,,,,0,,SP,SP,1617
KSCOPE424,"THE PINEAPPLE THIEF","VARIATIONS ON A DREAM",CD,1,0,1,Digipack4,4pp,,,,0,,SP,SP,1618
KSCOPE426,"THE PINEAPPLE THIEF","LITTLE MAN",CD,1,0,1,Digipack4,4pp,,,,0,,SP,,1620
CHARLYL219,"94 EAST featuring PRINCE","94 EAST featuring PRINCE",LP,1,0,1,Single,,180,33,Purple,0,"Vinyl Col = Purple | MP3 Download",OPTIMAL,OPTIMAL,1621
CHARLYL220,"94 EAST featuring PRINCE","JUST ANOTHER SUCKER / ONE MAN JAM",12``,1,0,0,Single,,180,45,Black,0,,OPTIMAL,OPTIMAL,1622
CHARLYL221,"94 EAST featuring PRINCE","94 EAST featuring PRINCE",3LP,3,0,1,BoxSet,4pp,180,33,Black,0,"Initial MP3 Download",OPTIMAL,OPTIMAL,1623
CHARLYF840,"94 EAST featuring PRINCE","94 EAST featuring PRINCE",CD,1,0,1,SleevePac,8pp,,,,0,,TAKT,TAKT,1624
CHARLYS229,"ANN SEXTON","YOU`VE BEEN GONE TOO LONG / I STILL LOVE YOU",7``,1,0,1,Single,,40,45,Black,0,,OPTIMAL,OPTIMAL,1632
CHARLYSIG701,"SAMMY DAVIS JNR","I`VE GOTTA BE ME",7``,1,0,1,Single,,40,45,Black,0,,OPTIMAL,OPTIMAL,1634
CHARLY103S,"SMALL FACES","TIN SOLDIER",7``,1,0,0,Single,,40,45,Black,0,"Inc Postcard",OPTIMAL,OPTIMAL,1635
CHARLY102S,"SMALL FACES","ITCHYCOO PARK",7``,1,0,1,Single,,40,45,Black,0,"Inc Postcard",OPTIMAL,OPTIMAL,1636
SMALP1048,"PRETTY THINGS","S.F. SORROW (Music Magpie exclusive)",LP,1,0,1,Gatefold,,180,33,White,0,,OPTIMAL,OPTIMAL,1637
CDVILED628,SIKTH,"DEATH OF A DEAD DAY",CD,1,0,1,SleevePac,12pp,,,,0,,TAKT,TAKT,1638
VILELP628,SIKTH,"DEATH OF A DEAD DAY",2LP,2,0,0,Gatefold,,180,33,Black,0,,OPTIMAL,OPTIMAL,1639
CHARLYF841,"CLUB SOUL","SOUL WEEKENDER",CD,1,0,1,"Media book",12pp,,,,0,,TAKT,TAKT,1640
CHARLYL231,"CLUB SOUL","SOUL WEEKENDER",LP,1,0,1,Single,,,,,0,,OPTIMAL,OPTIMAL,1641
SMABX1049,GONG,"REJOICE! I`M DEAD!",2CD+DVD,3,0,1,"Ear book",40pp,,,,0,,OPTIMAL,OPTIMAL,1642
KSCOPE429,"THE ANCHORESS","CONFESSIONS OF A ROMANCE NOVELIST (2ND EDITION)",2CD,2,0,0,Digipack6,16pp,,,,0,,OPTIMAL,OPTIMAL,1643
VILELP631,OPETH,"STILL LIFE (2LP Picture Disc)","LP Picture Disc",2,0,1,Gatefold,,,33,"Picture Disc",0,,OPTIMAL,OPTIMAL,1644
VILELP632,AUTOPSY,"SEVERED SURVIVAL (Picture Disc)","LP Picture Disc",1,0,1,Single,,,33,"Picture Disc",0,,OPTIMAL,OPTIMAL,1645
VILELP633,DARKTHRONE,"A BLAZE IN THE NORTHERN SKY (Picture Disc)","LP Picture Disc",1,0,1,Single,,,33,"Picture Disc",0,,OPTIMAL,OPTIMAL,1646
VILELP634,CANDLEMASS,"NIGHTFALL (Picture Disc)","LP Picture Disc",1,0,1,Single,,,33,"Picture Disc",0,,OPTIMAL,OPTIMAL,1647
VILELP635,PENTAGRAM,"RELENTLESS (Picture Disc)","LP Picture Disc",1,0,1,Single,,,33,"Picture Disc",0,,OPTIMAL,OPTIMAL,1648
KSCOPE937,"PINK FLOYD","LONDON 1966/1967 (Picture Disc)","LP Picture Disc",1,0,1,Single,,,33,"Picture Disc",0,,OPTIMAL,OPTIMAL,1649
SMALP1066,W.A.S.P.,"W.A.S.P. (Picture Disc)","LP Picture Disc",1,0,1,Single,,,33,"Picture Disc",0,,OPTIMAL,OPTIMAL,1650
SMALP1067,W.A.S.P.,"THE CRIMSON IDOL (25th Anniversary Edition Picture Disc)","LP Picture Disc",1,0,1,Single,,,33,"Picture Disc",0,,OPTIMAL,OPTIMAL,1651
SMALP1068,"OZRIC TENTACLES","PUNGENT EFFULGENT",2LP,2,0,1,"Wide Spine",,180,33,Black,0,,OPTIMAL,OPTIMAL,1652
SMALP962,"OZRIC TENTACLES",ERPLAND,2LP,2,0,1,"Wide Spine",,180,33,Black,0,,OPTIMAL,OPTIMAL,1653
SMALP1034,"OZRIC TENTACLES","CURIOUS CORN",2LP,2,0,1,Gatefold,,180,33,Black,0,,OPTIMAL,OPTIMAL,1654
SMALP1069,"PETER HAMMILL","ENTER K",LP,1,0,1,Single,,180,33,Black,0,,OPTIMAL,OPTIMAL,1655
SMALP1070,"PETER HAMMILL",PATIENCE,LP,1,0,1,Single,2pp,180,33,Black,0,,OPTIMAL,OPTIMAL,1656
SMALP1071,"PETER HAMMILL & THE K GROUP","THE MARGIN",2LP,2,0,1,Gatefold,,180,33,Black,0,,OPTIMAL,OPTIMAL,1657
SMALP1072,"PETER HAMMILL & THE K GROUP",+,2LP,2,0,1,Gatefold,,180,33,Black,0,,OPTIMAL,OPTIMAL,1658
KSCOPE430,OSI,BLOOD,CD,1,0,1,Digipack6,,,,,0,,SP,SP,1659
KSCOPE938,OSI,BLOOD,2LP,2,0,1,Gatefold,,180,33,Black,0,,OPTIMAL,OPTIMAL,1660
VILELP630,MAYHEM,"LIVE IN ZEITZ",LP,1,0,1,Single,,180,33,Black,0,,OPTIMAL,OPTIMAL,1663
SMALP1073,"PETER GREEN SPLINTER GROUP","THE ROBERT JOHNSON SONGBOOK",LP,1,0,1,Single,,180,33,Black,0,,TAKT,,1664
SMALP1074,"PETER GREEN SPLINTER GROUP","DESTINY ROAD",2LP,1,0,1,"Wide Spine",,180,33,Black,0,,OPTIMAL,OPTIMAL,1665
SMALP1075,"PETER GREEN SPLINTER GROUP","SPLINTER GROUP",2LP,1,0,1,"Wide Spine",,140,33,Black,0,,OPTIMAL,OPTIMAL,1666
SMALP1076,W.A.S.P.,"LIVE... IN THE RAW (2LP)",2LP,2,0,1,Single,,180,33,Black,0,"previously was a gatefold",TAKT,TAKT,1667
SMALP986,W.A.S.P.,"DOUBLE LIVE ASSASSINS",2LP,2,0,1,Gatefold,,140,33,Black,0,,OPTIMAL,OPTIMAL,1668
CHARLYS232,"P.P. ARNOLD","EVERYTHING`S GONNA BE ALRIGHT",7``,1,0,0,Single,,40,45,Black,0,,OPTIMAL,OPTIMAL,1669
CDVILEF629,T.O.M.B.,"FURY NOCTURNUS",CD,1,0,0,Digipack4,16pp,,,,0,,SP,SP,1670
VILELP629,T.O.M.B.,"FURY NOCTURNUS",LP,1,0,0,Single,,180,33,Black,0,"Initial MP3 Download",OPTIMAL,OPTIMAL,1671
SMABX1045P,"STEVE HILLAGE","SEARCHING FOR THE SPARK (promo CD)",CD,1,0,0,Single,,,,,0,,SP,SP,1672
KSCOPE710,"STEVEN WILSON","HAPPINESS III",7``,1,0,0,Single,,40,45,Black,0,,OPTIMAL,OPTIMAL,1673
KSCOPE433,GODSTICKS,EMERGENCE,CD,1,0,1,Digipack4,12pp,,,,0,,,,1675
VILELP636,AKERCOCKE,"RENAISSANCE IN EXTREMIS",2LP,2,0,1,Gatefold,,180,33,Black,0,,CSV,,1676
CDVILEF636,AKERCOCKE,"RENAISSANCE IN EXTREMIS",CD,1,0,1,Digipack4,16pp,,,,0,,SP,SP,1677
KSCOPE404,"PORCUPINE TREE","OCTANE TWISTED (JAPANESE VERSION)",2CD+DVD,3,1,0,Digipack6,,,,,0,,SP,,1678
KSCOPE434,IAMTHEMORNING,BELIGHTED,CD,1,0,1,Digipack4,12pp,,,,0,,SP,SP,1679
CHARLYL242,"SUN RECORDS","ROCK `N` ROLL COLLECTION (Sainsbury`s Exclusive)",2LP,2,0,1,Gatefold,,180,33,Orange,0,,OPTIMAL,OPTIMAL,1680
KSCOPE940,IAMTHEMORNING,BELIGHTED,2LP,2,0,1,"Wide Spine",,140,45,Black,0,,OPTIMAL,,1685
CDVILEB638,"MY DYING BRIDE","MEISTERWERK III",3CD,3,0,1,"Digipack other",16pp,,,,0,"8 panel digipack",SP,SP,1686
SUN241,"JOHNNY CASH","I WALK THE LINE",7``,1,0,0,Single,,40,45,Black,0,,OPTIMAL,OPTIMAL,1687
CHARLYL245,"CURTIS MAYFIELD","SUPERFLY (Orange Vinyl)",2LP,2,0,0,Gatefold,,180,33,Orange,0,"Initial 1K Sainsbury's exclusive",OPTIMAL,OPTIMAL,1688
KSCOPE444,"CRIPPLED BLACK PHOENIX","A LOVE OF SHARED DISASTERS",CD,1,0,0,Digipack4,8pp,,,,0,,SP,,1689
KSCOPE443,"CRIPPLED BLACK PHOENIX","I, VIGILANTE",CD,1,0,0,Digipack4,8pp,,,,0,,SP,SP,1690
VILELP637,"MY DYING BRIDE","I AM THE BLOODY EARTH",12``,1,0,1,Single,,180,33,Black,0,,OPTIMAL,OPTIMAL,1691
VILES639,ISENGARD,"TRADITIONAL DOOM CULT",7``,1,0,0,Single,,40,45,Black,0,,OPTIMAL,,1692
EBVILE011,"MY DYING BRIDE","A HARVEST OF DREAD",5CD,5,0,1,"Ear book",Other,,,,0,"92 Pages",OPTIMAL,OPTIMAL,1693
VILES640,"MY DYING BRIDE","HOLLOW CATHEDRA",7``,1,0,0,Single,,40,45,Black,0,"B Side Etching",OPTIMAL,OPTIMAL,1694
VILELP644,"ROTTING CHRIST","ABYSSIC BLACK METAL",2LP,2,0,1,Gatefold,,180,33,Black,0,,TAKT,,1695
VILELP643,"ROTTING CHRIST","NON SERVIAM",LP,1,0,1,Single,,180,33,Black,0,,TAKT,TAKT,1696
VILELP642,"ROTTING CHRIST","THY MIGHTY CONTRACT",LP,1,0,1,Single,,180,33,Black,0,,OPTIMAL,OPTIMAL,1697
VILELP641,"ROTTING CHRIST","PASSAGE TO ARCTURO",12``,1,0,1,Single,,180,45,Black,0,,TAKT,TAKT,1698
EBVILE012,"ROTTING CHRIST","UNDER OUR BLACK CULT",CDBox,0,0,1,"Ear book",Other,,,,0,,OPTIMAL,OPTIMAL,1699
VILELP645,MAYHEM,"LIVE IN SARPSBORG",LP,1,0,1,Single,8pp,180,33,Clear,0,,OPTIMAL,OPTIMAL,1701
VILELP646,MAYHEM,"LIVE IN JESSHEIM",LP,1,0,1,Single,8pp,180,33,Green,0,,OPTIMAL,OPTIMAL,1702
CDVILED647,AKERCOCKE,"RAPE OF THE BASTARD NAZARENE",CD,1,0,1,Digipack4,8pp,,,,0,,SP,SP,1703
VILELP647,AKERCOCKE,"RAPE OF THE BASTARD NAZARENE",LP,1,0,1,Single,,140,33,Black,0,,TAKT,TAKT,1704
KSCOPE926,BLACKFIELD,"BLACKFIELD V (Picture Disc)","LP Picture Disc",1,0,1,Single,,140,33,"Picture Disc",0,"MP3 Download",OPTIMAL,OPTIMAL,1705
CHARLYS233,"THE RINGLEADERS","BABY WHAT HAS HAPPENED TO OUR LOVE / I`D LIKE TO WIN YOU OVER",7``,1,0,1,Single,,40,45,Black,0,,OPTIMAL,OPTIMAL,1706
CHARLYS234,"JERRY WILLIAMS","IF YOU ASK ME (BECAUSE I LOVE YOU) / JUST WHAT DO YOU PLAN TO DO ABOUT IT",7``,1,0,1,Single,,40,45,Black,0,,OPTIMAL,OPTIMAL,1707
KSCOPE447,"PORCUPINE TREE","VOYAGE 34",CD,1,0,1,SleevePac,12pp,,,,0,,TAKT,TAKT,1708
CDVILED584,"MORTA SKULD","AS HUMANITY FADES",CD,1,0,1,Digipack4,8pp,,,,0,,SP,SP,1709
CDVILED630,MAYHEM,"LIVE IN ZEITZ",CD,1,0,0,Digipack4,,,,,0,,SP,SP,1710
VILELP568W,DARKTHRONE,"ARCTIC THUNDER (white vinyl - Nuclear Blast)",LP,1,0,0,Single,,180,33,White,0,"MP3 Download",OPTIMAL,,1711
KSCOPE448,"PORCUPINE TREE","STARS DIE (2016 Steven Wilson Remaster)",2CD,2,0,1,Digipack6,24pp,,,,0,,SP,SP,1712
KSCOPE449,"THE PINEAPPLE THIEF","SOMEONE HERE IS MISSING",CD,1,0,1,Digipack4,8pp,,,,0,,SP,SP,1713
KSCOPE941,"OLD FIRE","SONGS FROM THE HAUNTED SOUTH",LP,1,0,0,Single,,180,33,Black,0,,TAKT,,1714
CDVILED648,DARKTHRONE,"DARK THRONES AND BLACK FLAGS",CD,1,0,1,Jewel,24pp,,,,0,,SP,SP,1715
CDVILED649,DARKTHRONE,"THE UNDERGROUND RESISTANCE",CD,1,0,1,Jewel,12pp,,,,0,"was a 20pp",OPTIMAL,OPTIMAL,1716
INCD002,"TONITE LETS ALL MAKE LOVE IN LONDON","A FILM BY PETER WHITEHEAD",CD,1,0,1,SleevePac,8pp,,,,0,,TAKT,TAKT,1721
INLP002,"TONITE LETS ALL MAKE LOVE IN LONDON","A FILM BY PETER WHITEHEAD",LP,1,0,1,Single,,180,33,Pink,0,,TAKT,TAKT,1722
VILELP650,AUTOPSY,"THE TOMB WITHIN - EP",12``,1,0,0,Single,,180,45,Black,0,,OPTIMAL,OPTIMAL,1723
VILELP651,AUTOPSY,"FIEND FOR BLOOD",12``,1,0,1,Single,,140,45,Black,0,,CSV,CSV,1724
VILELP653,AUTOPSY,"CRITICAL MADNESS: THE DEMO YEARS",LP,1,0,1,Single,,180,33,Black,0,,OPTIMAL,OPTIMAL,1726
VILELP654,AUTOPSY,"MORBIDITY TRIUMPHANT",LP,1,0,1,Single,,140,33,Black,0,,OPTIMAL,,1727
CDVILEF654,AUTOPSY,"MORBIDITY TRIUMPHANT",CD,1,1,1,Jewel,12pp,,,,0,,VDC,,1728
VILES655,"AUTOPSY / BLOODBATH","FUCK YOU!!! / BLOOD BATH",7``,1,0,1,Single,,40,45,Black,0,,TAKT,TAKT,1729
VILELP656,AUTOPSY,"MENTAL FUNERAL (Picture Disc)","LP Picture Disc",1,0,0,Single,,,33,"Picture Disc",0,,OPTIMAL,OPTIMAL,1730
VILELP658,SOLEFALD,NEONISM,2LP,2,0,1,Gatefold,,140,33,Black,0,,TAKT,TAKT,1732
VILELP659,TORMENTOR,"RECIPE FERRUM!",2LP,2,0,1,Gatefold,,140,33,Black,0,,TAKT,TAKT,1733
CDVILED585,"MORTA SKULD","FOR ALL ETERNITY",CD,1,0,0,Jewel,8pp,,,,0,,SP,SP,1737
SMALP974,W.A.S.P.,"THE HEADLESS CHILDREN (CLEAR)",LP,1,0,1,Single,2pp,180,33,Clear,0,,OPTIMAL,OPTIMAL,1738
KSCOPE453,"RICHARD BARBIERI","PLANETS + PERSONA",CD,1,0,1,Digipack4,16pp,,,,0,,SP,SP,1740
KSCOPE942,"RICHARD BARBIERI","PLANETS + PERSONA",2LP,1,0,0,Gatefold,,180,33,Black,0,"MP3 download on initial 1K only",OPTIMAL,OPTIMAL,1741
VILELP661,KATATONIA,"THE GREAT COLD DISTANCE (10th Anniversary Coloured Vinyl Edition)",2LP,2,0,1,Gatefold,,180,33,Red,0,,OPTIMAL,OPTIMAL,1742
SMALP1077,"PINK FLOYD","LONDON 1966/1967",LP,1,0,0,Single,,140,33,Black,0,,OPTIMAL,OPTIMAL,1743
KSCOPEVOL08,"VARIOUS ARTISTS","SAMPLER VOLUME 8",Digital,0,0,0,,,,,,0,,,,1744
CDVILED661,KATATONIA,"THE GREAT COLD DISTANCE",CD,1,0,1,Jewel,12pp,,,,0,OBI,VDC,,1745
SMABX1079,"THE PRETTY THINGS","THE FRENCH EPs 1964-69",7``,5,0,0,BoxSet,,40,,Black,0,"5 x 7`` Box",OPTIMAL,OPTIMAL,1746
VILELP662,"PARADISE LOST","GOTHIC (Picture Disc)","LP Picture Disc",1,0,1,Single,,,33,"Picture Disc",0,,OPTIMAL,OPTIMAL,1748
VILELP663,"MY DYING BRIDE","TURN LOOSE THE SWANS (Picture Disc)","LP Picture Disc",1,0,1,Single,,,33,"Picture Disc",0,,CSV,,1749
CHARLYS169,"KEVIN AYERS","CHAMPAGNE AND VALIUM / MY SPEEDING HEART",7``,1,0,1,Single,,,,Gold,0,,OPTIMAL,OPTIMAL,1750
IM1967,"SMALL FACES","ITCHYCOO PARK",10``,1,0,1,Single,,100,45,"Picture Disc",0,,OPTIMAL,OPTIMAL,1751
VILELP666,DARKTHRONE,"ARCTIC THUNDER (Picture Disc)","LP Picture Disc",1,0,1,Single,,,,"Picture Disc",0,,OPTIMAL,OPTIMAL,1753
VILES667,KATATONIA,PROSCENIUM,10``,1,0,1,Single,,100,33,Black,0,,OPTIMAL,OPTIMAL,1754
KSCOPE943,"THE PINEAPPLE THIEF","YOUR WILDERNESS (Picture Disc)","LP Picture Disc",1,0,1,Single,,,,"Picture Disc",0,,OPTIMAL,OPTIMAL,1755
KSCOPE466,NO-MAN,"TOGETHER WE`RE STRANGER",CD,1,0,0,SleevePac,4pp,,,,0,,OPTIMAL,,1756
KSCOPE467,NO-MAN,"SCHOOLYARD GHOSTS",2CD,2,0,0,Digipack6,,,,,0,,SP,SP,1757
CDVILEF668,KATATONIA,"THE FALL OF HEARTS (Tour Edition)",2CD,2,0,1,Digipack6,16pp,,,,0,,SP,SP,1758
CDVILEF669,SIKTH,"THE FUTURE IN WHOSE EYES?",CD,1,0,0,Digipack4,16pp,,,,0,,SP,SP,1759
VILELP669,SIKTH,"THE FUTURE IN WHOSE EYES?",LP,1,0,0,Single,,180,33,Black,0,"Initial MP3 Download",OPTIMAL,OPTIMAL,1760
KSCOPE945,"DANIEL CAVANAGH (Anathema)",MONOCHROME,2LP,2,0,1,Gatefold,,180,33,Black,0,,CSV,,1764
KSCOPE326,"RICHARD BARBIERI","THINGS BURIED/STRANGER INSIDE",2CD,2,0,0,Digipack6,,,,,0,,SP,SP,1765
KSCOPE707,"THE PINEAPPLE THIEF","FEND FOR YOURSELF / IN EXILE",7``,1,0,0,Single,,40,45,Black,0,,OPTIMAL,OPTIMAL,1766
SMABX1065,"WISHBONE ASH","THE VINTAGE YEARS 1970-1991",MixBoxSet,31,0,0,BoxSet,,,45,Black,0,"30 CDs | 156 page book | 5 signed prints | 4 replica posters | 36 page poster book | replica promo pack (biogs/reviews/press shots) | 7"" flexi disc",CSV,CSV,1767
KSCOPE472,TESSERACT,SONDER,CD,1,0,1,Digipack4,12pp,,,,0,,SP,,1768
KSCOPE946,TESSERACT,SONDER,LP,1,0,1,Single,4pp,180,33,Black,0,,OPTIMAL,,1769
KSCOPE468,GODSTICKS,"FACED WITH RAGE",CD,1,0,1,Digipack4,12pp,,,,0,,SP,SP,1770
KSCOPE281,"DANIEL CAVANAGH (Anathema)",MONOCHROME,CD,1,0,1,Digipack4,8pp,,,,0,,SP,SP,1771
VILELP636R,AKERCOCKE,"RENAISSANCE IN EXTREMIS",2LP,2,0,0,Gatefold,,180,33,Red,0,,CSV,,1773
KSCOPE944A,ANATHEMA,"THE OPTIMIST",2LP,2,0,1,Gatefold,,180,33,White,0,"GERMAN EXCLUSIVE | MP3 Download ",OPTIMAL,OPTIMAL,1775
SMACD1082,"THE PRETTY THINGS","GREATEST HITS",2CD,2,0,1,Digipack6,12pp,,,,0,,SP,SP,1776
SMACD1083,"THE PRETTY THINGS","GREATEST HITS",CD,1,0,1,Jewel,8pp,,,,0,,SP,,1777
SMALP1083,"THE PRETTY THINGS","GREATEST HITS",2LP,2,0,1,Gatefold,,180,33,Black,0,,CSV,,1778
EBVILE016,SIKTH,"THE FUTURE IN WHOSE EYES?",3CD,3,0,1,"Ear book",40pp,,,,0,,OPTIMAL,OPTIMAL,1779
KSCOPE357,"THE PINEAPPLE THIEF",MAGNOLIA,CD,1,0,1,Digipack4,16pp,,,,0,,SP,SP,1780
KSCOPE359,ANEKDOTEN,CHAPTERS,CD,1,0,1,Digipack4,,,,,0,,SP,SP,1781
KSCOPE474,"STEVE HOGARTH & RICHARD BARBIERI","NOT THE WEAPON BUT THE HAND",CD,1,0,1,Jewel,8pp,,,,0,,SP,SP,1782
KSCOPE475,"LUNATIC SOUL","WALKING ON A FLASHLIGHT BEAM",CD,1,0,1,Digipack4,8pp,,,,0,,VDC,VDC,1783
KSCOPE476,"BRUCE SOORD WITH JONAS RENKSE","WISDOM OF CROWDS",CD,1,0,1,Digipack4,8pp,,,,0,,SP,SP,1784
KSCOPE533,KATATONIA,SANCTITUDE,Blu-ray,1,0,1,Amaray,8pp,,,,0,"**NB - ONLY SELL STICKERED OVERSTOCKS - NOT TO REMANUFACTURE**",,,1785
KSCOPE477,KATATONIA,SANCTITUDE,CD+DVD,2,0,1,Digipack6,4pp,,,,0,"Initial stock = stickered KSCOPE322 overstock",SP,SP,1786
KSCOPE478,"LUNATIC SOUL","LUNATIC SOUL II",CD,1,0,1,Digipack4,8pp,,,,0,,SP,SP,1787
KSCOPE479,ENGINEERS,"ALWAYS RETURNING",2CD,2,0,0,Digipack6,,,,,0,"Initial stock = stickered KSCOPE295 overstock",SP,SP,1788
KSCOPE480,"GAVIN HARRISON","CHEATING THE POLYGRAPH",CD,1,0,1,Digipack4,8pp,,,,0,,VDC,VDC,1789
KSCOPE481,"THE RECEIVER","ALL BURN",CD,1,0,1,Digipack4,8pp,,,,0,"Initial stock = stickered KSCOPE323 overstock",SP,SP,1790
KSCOPE482,ULVER,"CHILDHOOD`S END",CD,1,0,1,Digipack4,12pp,,,,0,,SP,SP,1791
KSCOPE483,"GAVIN HARRISON & 05RIC","THE MAN WHO SOLD HIMSELF",CD,1,0,1,Digipack4,8pp,,,,0,,SP,SP,1792
KSCOPE484,"GAVIN HARRISON & 05RIC",DROP,CD,1,0,1,Digipack4,8pp,,,,0,,SP,SP,1793
KSCOPE485,"THE ANCHORESS","CONFESSIONS OF A ROMANCE NOVELIST",CD,1,0,1,Digipack4,8pp,,,,0,,SP,SP,1794
KSCOPE486,"THE PINEAPPLE THIEF","YOUR WILDERNESS (Tour Edition)",2CD,2,0,1,Digipack6,24pp,,,,0,,OPTIMAL,OPTIMAL,1796
SMALP1016,"FLEETWOOD MAC",BOSTON,LPBox,4,0,1,BoxSet,4pp,140,33,Black,0,,OPTIMAL,OPTIMAL,1797
KSCOPE947,TESSERACT,"SONDER (Crystal Clear Vinyl)",LP,1,0,1,Single,4pp,180,33,Clear,0,,OPTIMAL,,1798
VILELP673,KATATONIA,"THE GREAT COLD DISTANCE - LIVE IN BULGARIA WITH THE ORCHESTRA OF STATE OPERA - PLOVDIV",2LP,2,0,1,Gatefold,,180,33,Black,0,,OPTIMAL,OPTIMAL,1800
VILELP674,ANATHEMA,"THE SILENT ENIGMA (Picture Disc)","LP Picture Disc",1,0,1,Single,,,33,"Picture Disc",0,,CSV,,1801
IA128,"BUBBLE PUPPY","HOT SMOKE & SASAFRASS",7``,1,0,0,Single,,,45,Clear,0,,TAKT,TAKT,1802
SUN247,"SONNY BURGESS","RED HEADED WOMAN",7``,1,0,1,Single,,40,45,Black,0,,OPTIMAL,OPTIMAL,1805
SMACD1078,"PHILIPPE DEBARGE with The Pretty Things","ROCK ST. TROP",CD,1,0,1,Digipack4,16pp,,,,0,,VDC,VDC,1811
SMALP1078,"PHILIPPE DEBARGE with The Pretty Things","ROCK ST. TROP",LP,1,0,1,Single,,180,33,Black,0,,TAKT,,1812
VILELP677,UNHOLY,"FROM THE SHADOWS",2LP,2,0,0,Gatefold,,180,33,Black,0,,TAKT,TAKT,1813
KSCOPE948,"PORCUPINE TREE",SIGNIFY,2LP,2,0,1,Gatefold,,180,33,Black,0,,OPTIMAL,OPTIMAL,1814
KSCOPE949,"PORCUPINE TREE","THE SKY MOVES SIDEWAYS",2LP,2,0,1,Gatefold,,180,33,Black,0,,OPTIMAL,OPTIMAL,1815
KSCOPE950,"PORCUPINE TREE","COMA DIVINE",3LP,2,0,0,Gatefold,4pp,140,33,Black,0,,OPTIMAL,OPTIMAL,1816
KSCOPE951,NOSOUND,"A SENSE OF LOSS",2LP+CD,2,0,1,Gatefold,,180,,Black,0,,OPTIMAL,OPTIMAL,1817
VILES676,CANDLEMASS,"DARK ARE THE VEILS OF DEATH",7``,1,0,0,Single,,40,45,Black,0,,OPTIMAL,OPTIMAL,1818
SMALP1084,"STEVE HILLAGE",DUSSELDORF,3LP,3,0,1,Gatefold,,180,33,Black,0,,OPTIMAL,OPTIMAL,1819
SMACD1084,"STEVE HILLAGE",DUSSELDORF,2CD,2,0,0,"Media book",16pp,,,,0,,TAKT,TAKT,1820
KSCOPE491,ANATHEMA,"THE OPTIMIST",CD+DVD,2,0,1,"Media book",20pp,,,,0,,TAKT,TAKT,1821
CDVILEF365,AUTOPSY,"ALL TOMORROW`S FUNERALS",CD,0,0,0,"Media book",24pp,,,,0,,,,1823
KSCOPE955,"PORCUPINE TREE","ON THE SUNDAY OF LIFE (HMV exclusive)",2LP,2,0,1,Gatefold,,180,33,Blue,0,,OPTIMAL,OPTIMAL,1824
KSCOPE956,"PORCUPINE TREE","UP THE DOWNSTAIR (HMV exclusive)",2LP,2,0,1,Gatefold,,180,33,Purple,0,,OPTIMAL,OPTIMAL,1825
SMALP1085,"THE PRETTY THINGS","LATEST WRITS GREATEST HITS (HMV exclusive)",LP,1,0,1,Single,,140,33,"Light Blue",0,,OPTIMAL,OPTIMAL,1826
SMACD1086,MARILLION,MARBLES,2CD,2,0,1,Digipack6,12pp,,,,0,,VDC,VDC,1827
SMACDX1121,MARILLION,"SOMEWHERE ELSE",CD,1,0,1,Digipack4,8pp,,,,0,,SP,,1828
SMACD1088,MARILLION,"THIS STRANGE ENGINE",CD,1,0,1,Digipack4,8pp,,,,0,,VDC,VDC,1829
VILELP681,DARKTHRONE,"UNDER A FUNERAL MOON (Picture Disc)","LP Picture Disc",1,0,1,Single,,,,"Picture Disc",0,,OPTIMAL,OPTIMAL,1830
SUNSCLP1295,"SUN RECORDS","RED HOT BOPPERS (HMV/Fopp Exclusive)",10``,1,0,1,Single,,100,33,Red,0,,OPTIMAL,OPTIMAL,1831
KSCOPE957,BLACKFIELD,BLACKFIELD,LP,1,0,1,Single,,180,33,Black,0,,OPTIMAL,OPTIMAL,1832
KSCOPE958,BLACKFIELD,"BLACKFIELD II",LP,1,0,1,Single,,180,33,Black,0,,OPTIMAL,OPTIMAL,1833
KSCOPE493,BLACKFIELD,BLACKFIELD,CD,1,0,1,Digipack4,8pp,,,,0,,SP,SP,1835
KSCOPE494,BLACKFIELD,"BLACKFIELD II",CD,1,0,1,Digipack4,8pp,,,,0,,SP,SP,1836
SMACD1089,"FLEETWOOD MAC",BOSTON,3CD,3,0,1,"Digipack other",20pp,,,,0,"8 panel digipack",VDC,VDC,1837
VILES683,DARKTHRONE,"BURIAL BLISS / VISUAL AGGRESSION",7``,1,0,0,Single,,40,45,Black,0,,OPTIMAL,OPTIMAL,1838
VILELP684P,SIKTH,"THE FUTURE IN WHOSE EYES?",LP,1,0,1,Single,,,,,0,"Purple Splatter Vinyl ",OPTIMAL,OPTIMAL,1839
VILELP684O,SIKTH,"THE FUTURE IN WHOSE EYES?",LP,1,0,1,Single,,,,,0,"Neon Orange Splatter Vinyl",OPTIMAL,OPTIMAL,1840
KSCOPE944B,ANATHEMA,"THE OPTIMIST",2LP,2,0,1,Gatefold,,180,33,Silver,0,"250 Bertus 250 USA | MP3 Download",OPTIMAL,OPTIMAL,1841
KSCOPE944C,ANATHEMA,"THE OPTIMIST",2LP,2,0,1,Gatefold,,180,33,Clear,0,"Distro TBC | MP3 Download",OPTIMAL,OPTIMAL,1842
KSCOPE944D,ANATHEMA,"THE OPTIMIST",2LP,2,0,1,Gatefold,,180,33,Red,0,"OMERCH EXCLUSIVE | MP3 Download",OPTIMAL,OPTIMAL,1843
KSCOPE960,"PORCUPINE TREE","UP THE DOWNSTAIR",2LP,2,0,0,Gatefold,,180,33,Black,0,,OPTIMAL,OPTIMAL,1845
KSCOPE961,"PORCUPINE TREE","VOYAGE 34",2LP,2,0,1,Gatefold,,180,33,Black,0,,OPTIMAL,OPTIMAL,1846
EBVILE017,AKERCOCKE,"RENAISSANCE IN EXTREMIS",3CD,3,0,0,"Ear book",Other,,,,0,"60pp Book",OPTIMAL,OPTIMAL,1847
SMABX1090,"PETER HAMMILL WITH THE K GROUP","THE K BOX",4CD,5,0,1,"Ear book",40pp,,,,0,,OPTIMAL,OPTIMAL,1848
KSCOPE959,"PORCUPINE TREE","ON THE SUNDAY OF LIFE",2LP,2,0,0,Gatefold,,180,33,Black,0,,OPTIMAL,OPTIMAL,1849
SMALP1086,MARILLION,MARBLES,3LP,3,0,0,BoxSet,8pp,140,33,Black,0,,OPTIMAL,OPTIMAL,1850
KSCOPE944E,ANATHEMA,"THE OPTIMIST",2LP,2,0,0,Gatefold,,180,33,Blue,0,"OMERCH EXCLUSIVE | MP3 Download",OPTIMAL,OPTIMAL,1851
VILELP682,DARKTHRONE,"TRANSILVANIAN HUNGER (Picture Disc)","LP Picture Disc",1,0,1,Single,,,33,"Picture Disc",0,,OPTIMAL,OPTIMAL,1852
CDVILED626,DARKTHRONE,"THE WIND OF 666 BLACK HEARTS",CD,1,0,0,Jewel,12pp,,,,0,,SP,,1853
CDVILEB697,CANDLEMASS,NIGHTFALL,3CD,3,0,0,"Digipack other",16pp,,,,0,"8 panel digipack",VDC,VDC,1854
VILELP690,OPHTHALAMIA,"A JOURNEY IN DARKNESS",LP,1,0,0,Single,,180,33,Black,0,,CSV,,1855
VILELP691,OPHTHALAMIA,"VIA DOLOROSA",2LP,2,0,1,"Wide Spine",,180,33,Black,0,,TAKT,TAKT,1856
VILELP680,THERION,"OF DARKNESS",LP,1,0,1,Single,,180,,Black,0,,TAKT,TAKT,1857
VILELP692,BAPHOMET,"THE DEAD SHALL INHERIT",LP,1,0,0,Single,,180,33,Black,0,,TAKT,TAKT,1858
CDVILED687,CONAN,MONNOS,CD,1,0,0,Jewel,8pp,,,,0,,SP,,1859
VILELP687,CONAN,MONNOS,LP,1,0,1,Single,,180,33,Black,0,,CSV,,1860
VILELP689,FLEURETY,"THE WHITE DEATH",LP,1,0,1,Gatefold,,180,33,Black,0,,TAKT,TAKT,1861
CDVILEF689,FLEURETY,"THE WHITE DEATH",CD,1,0,0,Digipack4,12pp,,,,0,,SP,SP,1862
VILES695,AKERCOCKE,"REBIRTH: INNER SANCTUM",7``,1,0,1,Single,,40,45,Black,0,,TAKT,TAKT,1866
VILELP678,UNHOLY,"THE SECOND RING OF POWER",2LP,2,0,1,Gatefold,,180,33,Black,0,,TAKT,TAKT,1868
EBVILE014,MAYHEM,"CURSED IN ETERNITY",LPBox,9,0,0,BoxSet,,140,,,0,,OPTIMAL,OPTIMAL,1869
KSCOPE495,"WHITE MOTH BLACK BUTTERFLY",ATONE,CD,1,0,1,Digipack4,16pp,,,,0,,SP,SP,1870
KSCOPE962,"WHITE MOTH BLACK BUTTERFLY",ATONE,LP,1,0,1,Single,,180,33,Black,0,,OPTIMAL,OPTIMAL,1871
KSCOPE490,"THE PINEAPPLE THIEF","WHERE WE STOOD",CD+DVD,2,0,1,Digipack6,20pp,,,,0,,SP,SP,1872
KSCOPE953,"THE PINEAPPLE THIEF","WHERE WE STOOD",2LP,2,0,0,Gatefold,,180,33,Black,1,,OPTIMAL,,1874
KSCOPE535,"THE PINEAPPLE THIEF","WHERE WE STOOD",Blu-ray,1,0,0,Amaray,20pp,,,,1,,OPTIMAL,,1876
KSCOPE536,"THE PINEAPPLE THIEF","WHERE WE STOOD",MixBoxSet,4,0,0,"Ear book",48pp,,,,0,"2CD + DVD + Blu-ray",OPTIMAL,OPTIMAL,1877
SUNLP1932,"JOHNNY CASH","GREATEST HITS",LP,1,0,0,Single,,180,33,Black,0,,OPTIMAL,,1879
CHARLYSIG709,"GREGORY ISAACS / ALTON ELLIS","WILLOW TREE",7``,1,0,0,Single,,,,,0,,TAKT,,1880
SMALP1092,MARILLION,"HAPPINESS IS THE ROAD - ESSENCE",2LP,2,0,0,Gatefold,,180,33,Black,0,,OPTIMAL,,1881
SMALP1093,MARILLION,"HAPPINESS IS THE ROAD - THE HARD SHOULDER",2LP,2,0,0,Gatefold,,180,33,Black,0,,OPTIMAL,,1882
VILELP636C,AKERCOCKE,"RENAISSANCE IN EXTREMIS",2LP,2,0,0,Gatefold,,180,33,Clear,0,,CSV,,1883
SMACD1094,"OZRIC TENTACLES","TECHNICIANS OF THE SACRED",2CD,1,0,0,Digipack6,,,,,0,,SP,,1884
VILELP672,MAYHEM,"LIVE IN SARPSBORG",LP,1,0,0,Single,8pp,180,33,Black,0,,OPTIMAL,,1885
KSCOPE963,"STEVE HOGARTH & RICHARD BARBIERI","NOT THE WEAPON BUT THE HAND",LP,1,0,0,Single,,140,33,Black,0,,TAKT,,1886
KSCOPE913S,"PAUL DRAPER","SPOOKY ACTION (with 7``)",2LP+7``,3,0,0,Gatefold,,180,33,Black,1,,OPTIMAL,,1887
KSCOPE913C,"PAUL DRAPER","SPOOKY ACTION (clear vinyl)",2LP,2,0,0,Gatefold,,180,33,Clear,1,,OPTIMAL,,1888
KSCOPE913W,"PAUL DRAPER","SPOOKY ACTION (white vinyl)",2LP,2,0,0,Gatefold,,180,33,White,1,,OPTIMAL,,1889
VILELP705,PENTAGRAM,"DAY OF RECKONING",LP,1,0,0,Single,,,,"Picture Disc",0,,OPTIMAL,,1890
CDVILEF706,MORK,"EREMITTENS DAL",CD,1,0,0,Digipack4,,,,,0,,SP,,1891
VILELP706,MORK,"EREMITTENS DAL",LP,1,0,0,Single,,180,33,Black,0,,TAKT,,1892
CHARLYL277,"SUN RECORDS","ROCK `N` ROLL COLLECTION",2LP,2,0,0,Gatefold,,140,33,Black,0,,OPTIMAL,,1893
KSCOPE497,"STEVEN WILSON","HAND. CANNOT. ERASE.",CD,1,0,0,Digipack4,8pp,,,,0,,SP,,1894
KSCOPE498,"LUNATIC SOUL",FRACTURED,CD,1,0,0,"Media book",20pp,,,,0,,TAKT,TAKT,1895
KSCOPE964,"LUNATIC SOUL",FRACTURED,2LP,2,0,0,Gatefold,,180,33,Red,1,,OPTIMAL,,1896
KSCOPE965,"PORCUPINE TREE","LIGHTBULB SUN",2LP,2,0,0,Gatefold,,180,33,Clear,0,,OPTIMAL,,1897
CHARLYL285,"SMALL FACES","OGDENS' NUTGONE FLAKE",LP,1,0,0,Single,,180,33,Black,0,,CSV,,1898
KSCOPE499,"TANGERINE DREAM","QUANTUM GATE",CD,1,0,0,Digipack4,12pp,,,,0,,SP,,1899
KSCOPE967,"TANGERINE DREAM","QUANTUM GATE",2LP,2,0,0,Gatefold,,180,33,Black,0,,OPTIMAL,,1900
KSCOPE496,NO-MAN,"RETURNING JESUS",2CD,2,0,0,Digipack6,16pp,,,,0,,SP,,1901
KSCOPE526,"PINK FLOYD","LONDON 1966/1967",MixBoxSet,3,0,0,"Ear book",36pp,100,33,"Neon Orange",0,,OPTIMAL,,1902
KSCOPE966,GODSTICKS,"FACED WITH RAGE",2LP,2,0,0,"Wide Spine",,140,45,Black,0,,CSV,,1903
KSCOPE601,"NORDIC GIANTS","AMPLIFY HUMAN VIBRATION",CD,1,0,0,Digipack4,8pp,,,,0,,SP,,1904
KSCOPE968,"NORDIC GIANTS","AMPLIFY HUMAN VIBRATION",LP,1,0,0,Single,2pp,180,33,Black,0,,CSV,,1905
CDVILED709,OPETH,"STILL LIFE",CD,1,0,0,Jewel,12pp,,,,0,,SP,,1906
KSCOPE954,NO-MAN,"RETURNING JESUS",2LP,2,0,0,Gatefold,,180,33,Black,0,,OPTIMAL,,1907
KSCOPE540,"PAUL DRAPER","SPOOKY ACTION",Cassette,1,0,0,Single,,,,,0,,Fairview,,1908
SMDCD608,"FLEETWOOD MAC",BOSTON,2CD,2,0,0,Brilliant,12pp,,,,0,,SP,,1909
KSCOPE969,"TANGERINE DREAM","QUANTUM GATE (green vinyl)",2LP,2,0,0,Gatefold,,180,33,"Dark Green",0,,OPTIMAL,,1910
KSCOPE538,"STEVEN WILSON","GET ALL YOU DESERVE",CDBox,3,0,0,"Media book",24pp,,,,0,"2CD + Blu-ray",TAKT,,1911
KSCOPE705,"PAUL DRAPER","GREY HOUSE",7``,1,0,0,Single,,40,,Coloured,0,,OPTIMAL,,1912
CHARLYB920,"JAZZ ON A SUMMER`S DAY","JAZZ ON A SUMMER`S DAY O.S.T.",MixBoxSet,4,0,0,"Ear book",44pp,100,33,Black,0,"CD + DVD + 2 x 10""",OPTIMAL,,1913
SMALP1096,"PRETTY THINGS","S.F. SORROW (Sainsbury`s exclusive)",LP,1,0,0,Gatefold,,180,33,Red,0,,OPTIMAL,,1914
VILES713,"ROTTING CHRIST","THE CALL",7``,1,0,0,Single,,40,45,Black,0,,TAKT,,1915
SUN-KC1706,"JOHNNY CASH","I LOVE YOU BECAUSE / YOU'RE THE NEAREST THING TO HEAVEN",7``,1,0,0,Single,,40,45,Red,0,,TAKT,,1916
SMABX1097,"MOTHER GONG","ROBOT WOMAN",4CD,4,0,0,"Ear book",,,,,0,"3CD + DVD",OPTIMAL,,1917
KSCOPE970,MANSUN,"ATTACK OF THE GREY LANTERN (Black)",2LP,2,0,0,Gatefold,,140,33,Black,0,,OPTIMAL,,1918
CDVILEF714,AUTOPSY,"PUNCTURING THE GROTESQUE",CD,1,0,0,Digipack4,Other,,,,0,"8 page poster book",VDC,,1919
VILELP714,AUTOPSY,"PUNCTURING THE GROTESQUE",LP,1,0,0,Single,,180,33,Black,0,,TAKT,,1920
VILES715,MAYHEM,"FREEZING MOON / CARNAGE",7``,1,0,0,Single,,40,45,Black,0,,TAKT,,1921
KSCOPE971,MANSUN,"ONE EP",12``,1,0,0,Single,,180,33,Black,0,,TAKT,,1922
CHARLYL290,"CURTIS MAYFIELD",SUPERFLY,2LP,2,0,0,Gatefold,,140,33,Black,0,,OPTIMAL,,1923
VILELP716,BEHEMOTH,"THE APOSTASY",LP,1,0,0,Single,,180,33,Black,0,,OPTIMAL,,1924
KSCOPE972,"PINK FLOYD","LONDON 1966/1967",10``,1,0,0,Single,,100,,Black,0,,OPTIMAL,,1925
KSCOPE974,"THE PINEAPPLE THIEF","8 YEARS LATER (RECORD STORE DAY)",LP,1,0,0,Single,,180,33,White,0,,OPTIMAL,,1926
KSCOPE975,"PAUL DRAPER","LIVE AT SCALA",2LP,2,0,0,Gatefold,,140,,Black,1,,OPTIMAL,,1927
KSCOPE600,TESSERACT,SONDER,2CD,2,0,0,"Media book",24pp,,,,0,,TAKT,,1928
KSCOPE977,"PORCUPINE TREE","FEAR OF A BLANK PLANET",2LP,2,0,0,Gatefold,,140,33,Black,0,,OPTIMAL,,1929
KSCOPE973,"GLEB KOLYADIN (iamthemorning)","GLEB KOLYADIN",LP,1,0,0,Single,,180,33,Black,0,,OPTIMAL,,1930
KSCOPE602,"GLEB KOLYADIN (iamthemorning)","GLEB KOLYADIN",CD,1,0,0,Digipack4,8pp,,,,0,,SP,,1931
KSCOPE976,TESSERACT,"SONDER (White Vinyl)",LP,1,0,0,Single,4pp,180,33,White,0,,OPTIMAL,,1932
KSCOPE978,"THE PINEAPPLE THIEF","ABDUCTED AT BIRTH",2LP,2,0,0,"Wide Spine",,140,33,Black,0,,OPTIMAL,,1933
CDVILED722,CANDLEMASS,"EPICUS DOOMICUS METALLICUS",CD,1,0,0,Jewel,8pp,,,,0,OBI,VDC,,1934
CDVILED723,BEHEMOTH,DEMIGOD,CD,1,0,0,Jewel,16pp,,,,0,OBI,VDC,,1935
CDVILED724,KATATONIA,"DEAD END KINGS",CD,1,0,0,Jewel,20pp,,,,0,OBI,VDC,,1936
CDVILED725,AUTOPSY,"MACABRE ETERNAL",CD,1,0,0,Jewel,16pp,,,,0,OBI,VDC,,1938
CDVILED726,DARKTHRONE,"HATE THEM",CD,1,0,0,Jewel,8pp,,,,0,OBI,VDC,,1939
CDVILED727,CANDLEMASS,"ANCIENT DREAMS",CD,1,0,0,Jewel,12pp,,,,0,OBI,VDC,,1940
CDVILED728,BLOODBATH,"GRAND MORBID FUNERAL",CD,1,0,0,Jewel,16pp,,,,0,OBI,VDC,,1941
CDVILED729,BLOODBATH,"THE WACKEN CARNAGE",CD+DVD,2,0,0,Brilliant,16pp,,,,0,,OPTIMAL,,1942
KSCOPE541,MANSUN,"ATTACK OF THE GREY LANTERN (Deluxe)",MixBoxSet,4,0,0,"Ear book",Other,,,,0,"3CD + DVD",OPTIMAL,,1943
KSCOPE603,MANSUN,"ATTACK OF THE GREY LANTERN",CD,1,0,0,"Media book",16pp,,,,0,,TAKT,,1944
KSCOPE604,"PAUL DRAPER","SPOOKY ACTION / LIVE AT SCALA",2CD,2,0,0,"Digipack other",,,,,0,"Slipcase w 2 x Digipak4",SP,,1945
KSCOPE488,"PORCUPINE TREE","COMA DIVINE",2CD,2,0,0,Digipack6,,,,,0,,SP,,1948
KSCOPE487,"PORCUPINE TREE","THE SKY MOVES SIDEWAYS",2CD,2,0,0,Digipack6,,,,,0,,SP,,1949
KSCOPE539,"PORCUPINE TREE","ARRIVING SOMEWHERE",MixBoxSet,3,0,0,"Media book",16pp,,,,0,"2CD + Blu-ray",TAKT,,1950
KSCOPE980,BLACKFIELD,"OPEN MIND: THE BEST OF BLACKFIELD",2LP,2,0,0,Gatefold,,140,33,Black,0,"Etching D side",OPTIMAL,,1951
KSCOPE606,BLACKFIELD,"OPEN MIND: THE BEST OF BLACKFIELD",CD,1,0,0,Digipack4,8pp,,,,0,,SP,,1952
KSCOPE981,"PORCUPINE TREE","IN ABSENTIA",2LP,2,0,0,Gatefold,,180,33,White,0,,OPTIMAL,,1954
KSCOPE982,"PORCUPINE TREE",DEADWING,2LP,2,0,0,Gatefold,,180,33,Clear,0,,OPTIMAL,,1955
KSCOPE607,GAZPACHO,SOYUZ,CD,1,0,0,"Media book",24pp,,,,0,,TAKT,,1956
KSCOPE983,GAZPACHO,SOYUZ,LP,1,0,0,Single,4pp,180,33,Black,1,,OPTIMAL,,1957
IM003,NICO,"I'M NOT SAYIN' / THE LAST MILE",7``,1,0,0,Gatefold,,40,45,White,0,,TAKT,,1958
SMACD1104,FAMILY,FEARLESS,CD,1,0,0,Digipack4,4pp,,,,0,,VDC,,1959
SMACD1102,FAMILY,"A SONG FOR ME",CD,1,0,0,Digipack4,4pp,,,,0,,VDC,,1960
SMACD1103,FAMILY,BANDSTAND,CD,1,0,0,Digipack4,4pp,,,,0,,VDC,,1961
KSCOPE609,"THE PINEAPPLE THIEF","ALL THE WARS",CD,1,0,0,Digipack4,8pp,,,,0,,VDC,,1962
SMACDX1115,"PRETTY THINGS","S.F. SORROW",CD,1,0,0,Digipack4,16pp,,,,0,,VDC,,1963
SMACDX1116,"THE PRETTY THINGS","THE PRETTY THINGS",CD,1,0,0,Digipack4,16pp,,,,0,,VDC,,1964
SMACDX1105,"OZRIC TENTACLES","PUNGENT EFFULGENT",CD,1,0,0,Digipack4,4pp,,,,0,,VDC,,1965
SMACDX1106,"OZRIC TENTACLES",ERPLAND,CD,1,0,0,Digipack4,4pp,,,,0,,VDC,,1966
SMACDX1107,"OZRIC TENTACLES",PYRAMIDION,CD,1,0,0,Digipack4,4pp,,,,0,,VDC,,1967
SMACDX1108,"OZRIC TENTACLES","WATERFALL CITIES",CD,1,0,0,Digipack4,4pp,,,,0,,VDC,,1968
SMACDX1109,"OZRIC TENTACLES","JURASSIC SHIFT",CD,1,0,0,Digipack4,8pp,,,,0,,VDC,,1969
SMACDX1110,"OZRIC TENTACLES","LIVE UNDERSLUNKY",CD,1,0,0,Digipack4,4pp,,,,0,,VDC,,1970
KSCOPE985,"PORCUPINE TREE","IN ABSENTIA",2LP,2,0,0,Gatefold,,180,33,Black,0,,OPTIMAL,,1971
KSCOPE986,"PORCUPINE TREE",DEADWING,2LP,2,0,0,Gatefold,,180,33,Black,0,,OPTIMAL,,1972
SMABX1065P,"WISHBONE ASH","THE VINTAGE YEARS 1970-1991 SAMPLER",CD,1,0,0,Single,,,,,0,,OPTIMAL,,1973
SUNLP1220,"JOHNNY CASH","WITH HIS HOT AND BLUE GUITAR",LP,1,0,0,Single,2pp,180,33,Blue,0,,OPTIMAL,,1976
SUNSLP1235,"JOHNNY CASH","SINGS THE SONGS THAT MADE HIM FAMOUS",LP,1,0,0,Single,2pp,180,33,Yellow,0,,OPTIMAL,,1977
SUNSLP1240,"JOHNNY CASH",GREATEST!,LP,1,0,0,Single,2pp,180,33,White,0,,OPTIMAL,,1978
CHARLYL186,"CLUB SOUL","THE SCENE CLUB",LP,1,0,0,Single,,180,33,Black,0,,TAKT,,1979
CHARLYL187,"CLUB SOUL","THE TWISTED WHEEL",LP,1,0,0,Single,,180,33,Black,0,,TAKT,,1980
IMBX012,"SMALL FACES","OGDENS' NUTGONE FLAKE",3LP,6,0,0,BoxSet,36pp,140,33,Coloured,0,"3 x LP",OPTIMAL,,1981
CHARLYL188,"CLUB SOUL","THE CATACOMBS",LP,1,0,0,Single,,180,33,Black,0,,TAKT,,1983
SUNSLP1245,"JOHNNY CASH","SINGS HANK WILLIAMS AND OTHER FAVORITE TUNES",LP,1,0,0,Single,2pp,180,33,Orange,0,,OPTIMAL,,1984
SUNSLP1275,"JOHNNY CASH","ORIGINAL SUN SOUND OF JOHNNY CASH",LP,1,0,0,Single,2pp,180,33,Magenta,0,,OPTIMAL,,1986
CHARLYL190,"CLUB SOUL","WIGAN CASINO SOUL CLUB",LP,1,0,0,Single,,180,33,Black,0,,TAKT,,1987
SUNLP1270,"JOHNNY CASH","ALL ABOARD THE BLUE TRAIN",LP,1,0,0,Single,2pp,180,33,Blue,0,,OPTIMAL,,1988
IM087,"SMALL FACES","LAZY SUNDAY",7``,1,0,0,Single,,40,45,Coloured,0,,TAKT,,1990
VILELP733,MAYHEM,"LIVE IN JESSHEIM",LP,1,0,0,Single,,180,33,Black,0,,OPTIMAL,,1991
SMACDX1122,MARILLION,BEST.LIVE.,2CD,2,0,0,Digipack6,,,,,0,,SP,,1993
SMACDX1117,W.A.S.P.,W.A.S.P.,CD,1,0,0,Digipack4,4pp,,,,0,,SP,,1994
SMACDX1118,W.A.S.P.,"LIVE... IN THE RAW",CD,1,0,0,Digipack4,4pp,,,,0,,SP,,1995
SMACDX1119,W.A.S.P.,"THE HEADLESS CHILDREN",CD,1,0,0,Digipack4,4pp,,,,0,,SP,,1996
VILELP734,"VIOLATION WOUND","WITH MAN IN CHARGE",LP,1,0,0,Single,,180,33,Black,0,,TAKT,,1997
CDVILEF734,"VIOLATION WOUND","WITH MAN IN CHARGE",CD,1,0,0,Digipack4,16pp,,,,0,,SP,,1998
SUNLP1255,"JOHNNY CASH","NOW HERE'S JOHNNY CASH",LP,1,0,0,Single,2pp,180,33,Red,0,,OPTIMAL,,1999
KSCOPE610,"THE PINEAPPLE THIEF","WHAT WE HAVE SOWN",CD,1,0,0,Digipack4,8pp,,,,0,,VDC,,2000
KSCOPE611,"PAUL DRAPER","LIVE AT SCALA",CD,1,0,0,Digipack4,,,,,0,,SP,,2001
CDVILED730,AUTOPSY,"SEVERED SURVIVAL",CD,1,0,0,Jewel,8pp,,,,0,OBI,VDC,,2002
AF45151,"GERSHON KINGSLEY AND THE MOOG","POP CORN",12``,1,0,0,Single,,180,45,Yellow,0,,TAKT,,2004
CDVILED680,THERION,"OF DARKNESS",CD,1,0,0,Jewel,8pp,,,,0,OBI,VDC,,2005
CDVILED731,DARKTHRONE,PANZERFAUST,CD,1,0,0,Jewel,8pp,,,,0,OBI,VDC,,2006
CDVILED732,AUTOPSY,"THE HEADLESS RITUAL",CD,1,0,0,Jewel,16pp,,,,0,OBI,VDC,,2007
KSCOPE987,"LUNATIC SOUL","UNDER THE FRAGMENTED SKY",LP,1,0,0,Gatefold,,180,33,Clear,0,,OPTIMAL,,2008
KSCOPE612,"LUNATIC SOUL","UNDER THE FRAGMENTED SKY",CD,1,0,0,Digipack4,16pp,,,,0,,SP,,2009
KSCOPE988,"THE PINEAPPLE THIEF",DISSOLUTION,LP,1,0,0,Single,4pp,180,33,Black,0,,OPTIMAL,,2010
KSCOPE613,"THE PINEAPPLE THIEF",DISSOLUTION,CD,1,0,0,SleevePac,24pp,,,,0,,OPTIMAL,,2011
KSCOPE543,"THE PINEAPPLE THIEF",DISSOLUTION,Blu-ray,1,0,0,Amaray,16pp,,,,0,,OPTIMAL,,2012
KSCOPE544,"THE PINEAPPLE THIEF",DISSOLUTION,MixBoxSet,4,0,0,"Ear book",52pp,,,,0,"2CD + DVD + BD",OPTIMAL,,2013
KSCOPE984,IAMTHEMORNING,"OCEAN SOUNDS",LP,1,0,0,Single,,180,33,Black,0,,OPTIMAL,,2014
CDVILED735,MAYHEM,"LIVE IN LEIPZIG",CD,1,0,0,Jewel,16pp,,,,0,OBI,VDC,,2015
KSCOPE614,GAZPACHO,"TICK TOCK",CD,1,0,0,Digipack4,8pp,,,,0,,SP,,2016
KSCOPE989,MANSUN,"WIDE OPEN SPACE",12``,1,0,0,Single,Other,140,45,White,0,"OBI wrap",OPTIMAL,,2019
KSCOPE990,TESSERACT,"SONDER (Picture Disc)",LP,1,0,0,Single,4pp,,33,"Picture Disc",0,,OPTIMAL,,2020
KSCOPE991,ULVER,"CHILDHOOD`S END",2LP,2,0,0,Gatefold,,140,33,Black,0,,OPTIMAL,,2021
CDVILED736,KATATONIA,"LAST FAIR DEAL GONE DOWN",CD,1,0,0,Jewel,12pp,,,,0,OBI,VDC,,2022
VILELP737,BANISHED,"DELIVER ME UNTO PAIN",LP,1,0,0,Single,,180,33,Black,0,,TAKT,,2023
CDVILED716,BEHEMOTH,"THE APOSTASY",CD,1,0,0,Jewel,12pp,,,,0,OBI,VDC,,2024
CDVILED738,DARKTHRONE,"ARCTIC THUNDER",CD,1,0,0,Jewel,12pp,,,,0,OBI,VDC,,2026
KSCOPE992,MANSUN,"ATTACK OF THE GREY LANTERN (Heavyweight Purple)",2LP,2,0,0,Gatefold,,180,33,Purple,0,,OPTIMAL,,2028
KSCOPE615,"THE PINEAPPLE THIEF","ONE THREE SEVEN",CD,1,0,0,Digipack4,8pp,,,,0,,SP,,2029
KSCOPE993,"THE PINEAPPLE THIEF","TIGHTLY UNWOUND",2LP,2,0,0,Gatefold,,140,33,Black,0,,OPTIMAL,,2030
KSCOPE994,TESSERACT,"SONDER (White Vinyl Art Print)",LP,1,0,0,Single,4pp,180,33,White,0,"with Art Print",OPTIMAL,,2031
CDVILEF741,BLOODBATH,"THE ARROW OF SATAN IS DRAWN",CD,1,0,0,Digipack4,20pp,,,,0,,OPTIMAL,,2032
VILELP741,BLOODBATH,"THE ARROW OF SATAN IS DRAWN",LP,1,0,0,Gatefold,,180,33,Black,0,,OPTIMAL,,2033
VILELP739,ABSCESS,HORRORHAMMER,LP,1,0,0,Single,,180,33,Blue,0,,TAKT,,2034
CHARLYL295,"NORTHERN SOUL","CLUB CLASSICS",2LP,2,0,0,Gatefold,,140,33,Black,0,,OPTIMAL,,2036
IMEB012,"SMALL FACES","OGDENS' NUTGONE FLAKE",MixBoxSet,4,0,0,"Ear book",,,,,0,"3CD + DVD ",OPTIMAL,,2037
CHARLYS300,"POINT OF VIEW / CLIFF HOLMES","I`M SUPERMAN / I NEED YA` BABY",7``,1,0,0,Single,,40,45,Black,0,Dinked,OPTIMAL,,2038
KSCOPE616,"TANGERINE DREAM","QUANTUM GATE / QUANTUM KEY",2CD,2,0,0,Digipack6,8pp,,,,0,,SP,,2044
CDVILED742,DARKTHRONE,"SARDONIC WRATH",CD,1,0,0,Jewel,12pp,,,,0,,VDC,,2045
KSCOPE605,NOSOUND,"ALLOW YOURSELF",CD,1,0,0,Digipack6,16pp,,,,0,,SP,,2049
KSCOPE979,NOSOUND,"ALLOW YOURSELF",LP,1,0,0,Gatefold,,180,33,Clear,0,,OPTIMAL,,2050
KSCOPE995,"GIANCARLO ERRA",ENDS,LP,1,0,0,Single,,180,33,Coloured,0,,OPTIMAL,,2051
KSCOPE617,"GIANCARLO ERRA",ENDS,CD,1,0,0,Digipack6,16pp,,,,0,,SP,,2052
KSCOPE996,NOSOUND,SOL29,2LP,2,0,0,Gatefold,,180,33,Black,0,,OPTIMAL,,2053
KSCOPE425,NOSOUND,"A SENSE OF LOSS",CD,1,0,0,Digipack4,12pp,,,,0,,SP,,2055
KSCOPE1029,GONG,"REJOICE! I`M DEAD!",2LP,2,0,0,"Wide Spine",,140,33,Black,0,,OPTIMAL,,2056
SMALP1124,GONG,"I SEE YOU",2LP,2,0,0,Gatefold,,140,33,Black,0,,OPTIMAL,,2057
KSCOPE618,NOSOUND,"TEIDE 2390",CD+DVD,1,0,0,"Media book",24pp,,,,0,"Re-stickered KSCOPE320 - ONLY SELL 1000",TAKT,,2058
KSCOPE619,NOSOUND,AFTERTHOUGHTS,CD,1,0,0,Digipack4,12pp,,,,0,,SP,,2059
KSCOPE620,NOSOUND,SCINTILLA,CD,1,0,0,Digipack4,12pp,,,,0,,SP,,2060
KSCOPE621,NOSOUND,LIGHTDARK,CD,1,0,0,Digipack4,12pp,,,,0,,SP,,2061
KSCOPE622,NOSOUND,"THE NORTHERN RELIGION OF THINGS",CD,1,0,0,Digipack4,8pp,,,,0,,SP,,2062
CDVILED743,KATATONIA,"LAST FAIR DAY GONE NIGHT",CD+DVD,2,0,0,Brilliant,20pp,,,,0,,SP,,2063
VILELP744,AUTOPSY,"SIGN OF THE CORPSE",12``,1,0,0,Single,,180,45,Black,0,,TAKT,,2064
CDVILEDX745,MYSTICUM,"NEVER STOP THE MADNESS: THE ROADBURN INFERNO",CD+DVD,2,0,0,Digipack6,16pp,,,,0,,SP,,2066
CHARLYS297,"ERNIE K-DOE","A CERTAIN GIRL / HERE COME THE GIRLS",7``,1,0,0,Single,,40,45,Black,0,,OPTIMAL,,2067
CHARLYS294,"LITTLE HANK","MISTER BANG BANG MAN",7``,1,0,0,Single,,40,45,Black,0,,OPTIMAL,,2068
CHARLYS298,"LITTLE RICHIE","JUST ANOTHER HEARTACHE",7``,1,0,0,Single,,40,45,Black,0,,OPTIMAL,,2069
CHARLYS299,"CONNIE LAVERNE / THE ANDERSON BROTHERS","CAN`T LIVE WITHOUT YOU / I CAN SEE HIM LOVING YOU",7``,1,0,0,Single,,40,45,Black,0,,OPTIMAL,,2070
KSCOPE623,KATATONIA,SANCTITUDE,CD+Blu-ray,2,0,0,Brilliant,8pp,,,,0,,OPTIMAL,,2071
CDVILED746,MORK,ISEBAKKE,CD,1,0,0,Jewel,,,,,0,OBI,VDC,,2072
VILELP746,MORK,ISEBAKKE,LP,1,0,0,Single,,180,33,Black,0,,TAKT,,2073
CDVILED747,MORK,"DEN VANDRENDE SKYGGE",CD,1,0,0,Jewel,,,,,0,OBI,VDC,,2074
VILELP747,MORK,"DEN VANDRENDE SKYGGE",LP,1,0,0,Single,,180,33,Black,0,,TAKT,,2075
VILELP745,MYSTICUM,"NEVER STOP THE MADNESS: THE ROADBURN INFERNO",LP,1,0,0,Single,,180,33,Black,0,"+ DVD in wallet",TAKT,,2076
IMKC1972,"HUMBLE PIE","ON 79TH STREET",LP,1,0,0,Single,,180,33,Black,0,,,,2077
CDVILED749,DARKTHRONE,PLAGUEWIELDER,CD,1,0,0,Jewel,8pp,,,,0,OBI,VDC,,2078
CDVILED748,ISENGARD,HOSTMORKE,CD,1,0,0,Jewel,4pp,,,,0,OBI,SP,,2079
CDVILED750,"CRADLE OF FILTH","ELEVEN BURIAL MASSES",CD,1,0,0,Jewel,8pp,,,,0,OBI,SP,,2080
CDVILED751,DARKTHRONE,"TOTAL DEATH",CD,1,0,0,Jewel,8pp,,,,0,OBI,SP,,2081
VILELP749,"MY DYING BRIDE","THE BARGHEST O`WHITBY",LP,1,0,0,Single,,140,33,Black,0,,OPTIMAL,,2082
SMABX1123,"PRETTY THINGS","S.F. SORROW 50th ANNIVERSARY EDITION",MixBoxSet,8,0,0,BoxSet,,,,Black,0,"3 x LP + 4 x 7""",TAKT,,2083
KSCOPE997,"THE PINEAPPLE THIEF","DISSOLUTION (CLEAR VINYL)",LP,1,0,0,Single,,180,33,Clear,0,,OPTIMAL,,2084
KSCOPE999,"THE PINEAPPLE THIEF","DISSOLUTION (WHITE VINYL)",LP,1,0,0,Single,,180,33,White,0,,OPTIMAL,,2085
CDVILED653,AUTOPSY,"CRITICAL MADNESS: THE DEMO YEARS",CD,1,0,0,Jewel,8pp,,,,0,OBI,VDC,,2086
CDVILED753,"MY DYING BRIDE","FEEL THE MISERY",CD,1,0,0,Digipack4,16pp,,,,0,"Initial 2K Overstickered CDVILEF493",SP,,2087
CDVILED754,PENTAGRAM,"CURIOUS VOLUME",CD,1,0,0,Digipack4,12pp,,,,0,"Initial 2.7K Overstickered CDVILEF554",SP,,2088
CDVILED755,KATATONIA,"THE FALL OF HEARTS",CD,1,0,0,Digipack4,16pp,,,,0,"Initial 2.7K Overstickered CDVILEF548",SP,,2089
VILELP756,DARKTHRONE,PANZERFAUST,"LP Picture Disc",1,0,0,Single,,,,"Picture Disc",0,,OPTIMAL,,2090
VILELP757,EVOKEN,"ANTITHESIS OF LIGHT",2LP,2,0,0,Gatefold,,140,33,Black,0,,TAKT,,2091
CDVILED758,"CRADLE OF FILTH","BITTER SUITES TO SUCCUBI",CD,1,0,0,Jewel,12pp,,,,0,OBI,VDC,,2092
CDVILED759,"CRADLE OF FILTH","DARKLY DARKLY VENUS AVERSA",CD,1,0,0,Jewel,12pp,,,,0,OBI,VDC,,2093
CDVILED760,"CRADLE OF FILTH","THE MANTICORE & OTHER HORRORS (CD)",CD,1,0,0,Jewel,8pp,,,,0,"Initial 800 Overstickered CDVILEF409",OPTIMAL,,2094
KSCOPE998,"STEVEN WILSON","HAND. CANNOT. ERASE.",2LP,2,0,0,Gatefold,,140,33,Black,0,,OPTIMAL,,2095
VILELP761,BLOODBATH,"UNBLESSING THE PURITY (10`` EP)",LP,1,0,0,Single,,100,45,Black,0,,OPTIMAL,,2096
KSCOPE627,"ED WYNNE","SHIMMER INTO NATURE",CD,1,0,0,Digipack4,,,,,0,,SP,,2097
KSCOPE1004,"ED WYNNE","SHIMMER INTO NATURE",LP,1,0,0,Gatefold,,180,33,Black,0,,TAKT,,2098
VILELP764,AUTOPSY,"RETRIBUTION FOR THE DEAD",12``,1,0,0,Single,,140,45,Black,0,,TAKT,,2099
VILELP765,"DEVIATED INSTINCT","GUTTURAL BREATH",LP,1,0,0,Single,,180,33,Black,0,,TAKT,,2100
KSCOPE1000,"THE PINEAPPLE THIEF","DISSOLUTION (RED VINYL)",LP,1,0,0,Single,,180,33,Red,0,,OPTIMAL,,2101
CDVILED767,"DHG (DODHEIMSGARD)","A UMBRA OMEGA",CD,1,0,0,Jewel,16pp,,,,0,,SP,,2102
VILELP759,"CRADLE OF FILTH","DARKLY DARKLY VENUS AVERSA",2LP,2,0,0,Gatefold,,140,33,Black,0,,OPTIMAL,,2103
KSCOPE1002,BLACKFIELD,"OPEN MIND: THE BEST OF BLACKFIELD",2LP,2,0,0,Gatefold,,140,33,Orange,0,"Etching D side",OPTIMAL,,2104
VILELP768,CANDLEMASS,"CANDLEMASS LIVE",2LP,2,0,0,Gatefold,,140,33,Black,0,,TAKT,,2106
KSCOPE1003,BLACKFIELD,"OPEN MIND: THE BEST OF BLACKFIELD",2LP,2,0,0,Gatefold,,140,33,White,0,"Etching D side",OPTIMAL,,2107
VILELP769,CANDLEMASS,"DYNAMO DOOM",LP,1,0,0,Single,,180,33,Gold,0,,TAKT,,2108
CDVILED768,CANDLEMASS,"CANDLEMASS LIVE",CD,1,0,0,Digipack4,8pp,,,,0,,SP,,2109
VILELP766,"DEVIATED INSTINCT","ROCK `N` ROLL CONFORMITY",LP,1,0,0,Single,,180,33,Black,0,,TAKT,,2110
EBVILE018,BLOODBATH,"THE ARROW OF SATAN IS DRAWN",MixBoxSet,2,0,0,Gatefold,,40,33,Black,0,"CD + 7"" with poster in slipcase",OPTIMAL,,2112
KSCOPE1012,"RICHARD BARBIERI",VARIANTS.1+2,2LP,2,0,0,Gatefold,,180,33,Black,0,,OPTIMAL,,2113
KSCOPE1034,"RICHARD BARBIERI",VARIANTS.3+4,2LP,2,0,0,Gatefold,2pp,180,33,Black,0,,OPTIMAL,,2114
KSCOPE1005,"RICHARD BARBIERI",VARIANTS.5,LP,1,0,0,Single,2pp,180,33,Black,0,,OPTIMAL,,2115
SMACDX1128,"NODENS ICTUS","THE COZMIC KEY",CD,1,0,0,Digipack4,,,,,0,,SP,,2116
SFILMLP002,"ORIGINAL SOUNDTRACK","THE WIZARD OF OZ - OST",LP,1,0,0,Single,,140,33,Black,0,,OPTIMAL,,2117
SFILMLP003,"ORIGINAL SOUNDTRACK","SINGIN` IN THE RAIN - OST",LP,1,0,0,Single,,140,33,Black,0,,OPTIMAL,,2118
KSCOPE608,IAMTHEMORNING,"OCEAN SOUNDS",CD+Blu-ray,1,0,0,Digipack6,8pp,,,,0,,OPTIMAL,,2119
KSCOPE628,ANATHEMA,"INTERNAL LANDSCAPES 2008-2018",CD,1,0,0,Digipack4,16pp,,,,0,,OPTIMAL,,2120
KSCOPE1017,ANATHEMA,"INTERNAL LANDSCAPES 2008-2018",2LP,2,0,0,Gatefold,,140,33,Black,0,,OPTIMAL,,2121
KSCOPE1009,ANATHEMA,"INTERNAL LANDSCAPES 2008-2018 (CLEAR RED VINYL)",2LP,2,0,0,Gatefold,,140,33,"Clear Red",0,,OPTIMAL,,2122
KSCOPE1013,ANATHEMA,"INTERNAL LANDSCAPES 2008-2018 (CLEAR BLUE VINYL)",2LP,2,0,0,Gatefold,,140,33,"Light Blue",0,,OPTIMAL,,2123
KSCOPE630,"WHITE MOTH BLACK BUTTERFLY","ATONE (EXPANDED EDITION)",CD,1,0,0,Digipack4,8pp,,,,0,,SP,,2124
VILELP783,BLOODBATH,"THE ARROW OF SATAN IS DRAWN (CRYSTAL CLEAR VINYL)",LP,1,0,0,Gatefold,,180,33,Clear,0,,OPTIMAL,,2125
VILELP777,BLOODBATH,"THE ARROW OF SATAN IS DRAWN (SILVER VINYL)",LP,1,0,0,Gatefold,,180,33,Silver,0,,OPTIMAL,,2126
VILELP790,BLOODBATH,"THE ARROW OF SATAN IS DRAWN (RED VINYL - OMERCH EXCLUSIVE)",LP,1,0,0,Gatefold,,180,33,Red,0,,OPTIMAL,,2127
KSCOPE1016,BLACKFIELD,"OPEN MIND: THE BEST OF BLACKFIELD",2LP,2,0,0,Gatefold,,140,33,Yellow,0,,OPTIMAL,,2128
CDVILED778,FLEURETY,"MIN TID SKAL KOMME",CD,1,0,0,Jewel,8pp,,,,0,,OPTIMAL,,2129
KSCOPE1006,ANATHEMA,"INTERNAL LANDSCAPES 2008-2018 (CLEAR VINYL)",2LP,2,0,0,Gatefold,,140,33,Clear,0,,OPTIMAL,,2131
KSCOPE1007,"PAUL DRAPER PRESENTS","ATTACK OF THE GREY LANTERN - LIVE AT THE RITZ",2LP,2,0,0,"Wide Spine",,140,33,Black,1,,OPTIMAL,,2132
VILELP780,CANCER,"SHADOW GRIPPED (RED VINYL)",LP,1,0,0,Single,,180,33,Red,0,,TAKT,,2133
VILELP763,CANCER,"SHADOW GRIPPED",LP,1,0,0,Single,,180,33,Black,0,,TAKT,,2134
CDVILEF763,CANCER,"SHADOW GRIPPED",CD,1,0,0,Jewel,12pp,,,,0,,SP,,2135
SMABX1126,FAMILY,"AT THE BBC",MixBoxSet,8,0,0,"Ear book",48pp,,,,0,"in slipcase and with poster",OPTIMAL,,2136
VILEMC741,BLOODBATH,"THE ARROW OF SATAN IS DRAWN",Cassette,1,0,0,Single,,,,,0,"Plastic case - Inlay with 3 flaps",Fairview,,2137
VILELP727,CANDLEMASS,"ANCIENT DREAMS",LP,1,0,0,Single,,,,"Picture Disc",0,,CSV,,2139
K10YR,"VARIOUS ARTISTS","10 YEARS OF KSCOPE",CD,1,0,0,Other,,,,,0,Wallet,OPTIMAL,,2141
VILELP778,FLEURETY,"MIN TID SKAL KOMME",LP,1,0,0,Single,,180,33,Black,0,,OPTIMAL,,2142
SMALP1127,"WISHBONE ASH","LIVE AT GLASGOW APOLLO 77",2LP,2,0,0,"Wide Spine",,140,33,Black,0,,OPTIMAL,,2143
SMACD1127,"WISHBONE ASH","LIVE AT GLASGOW APOLLO 77",CD,1,0,0,SleevePac,,,,,0,,OPTIMAL,,2144
KSCOPE1008,"THE PINEAPPLE THIEF","WHAT WE HAVE SOWN",2LP,2,0,0,Gatefold,,140,33,Black,0,,OPTIMAL,,2145
CDVILED784,BEHEMOTH,"ABYSSUS ABYSSUM INVOCAT",CD,1,0,0,Jewel,8pp,,,,0,,SP,,2146
KSCOPE1010,"THE PINEAPPLE THIEF","YOUR WILDERNESS",LP,1,0,0,Single,,180,33,Black,0,,OPTIMAL,,2147
VILELP779,"OBTAINED ENSLAVEMENT",WITCHCRAFT,LP,1,0,0,Single,,140,33,Black,0,,OPTIMAL,,2148
KSCOPE545,MANSUN,SIX,MixBoxSet,4,0,0,"Ear book",,,,,0,"3CD + DVD-V - 48 page hardback book",OPTIMAL,,2149
KSCOPE1011,MANSUN,"SIX (Black Vinyl)",2LP,2,0,0,Gatefold,,140,33,Black,0,,OPTIMAL,,2151
KSCOPE1014,O.R.K.,RAMAGEHEAD,LP,1,0,0,Single,,180,33,Black,0,,OPTIMAL,,2152
KSCOPE637,O.R.K.,RAMAGEHEAD,CD,1,0,0,SleevePac,12pp,,,,0,"Poster Book",OPTIMAL,,2153
KSCOPE1023,NOSOUND,"ALLOW YOURSELF",LP,1,0,0,Single,,140,33,Black,0,,OPTIMAL,,2155
CHARLYF847,"SMALL FACES","GREATEST HITS - THE IMMEDIATE YEARS 1967 - 1969",CD,1,0,0,SleevePac,16pp,,,,0,,TAKT,,2157
CHARLYL183,GONG,"FLYING TEAPOT",LP,1,0,0,Gatefold,16pp,180,33,Clear,0,,OPTIMAL,,2158
CHARLYP305,GONG,"FLYING TEAPOT",CD,1,0,0,Digipack4,8pp,,,,0,,OPTIMAL,,2159
CHARLYL184,GONG,"ANGELS EGG",LP,1,0,0,Gatefold,,180,33,Clear,0,,OPTIMAL,,2163
CHARLYP306,GONG,"ANGELS EGG",CD,1,0,0,Digipack4,8pp,,,,0,,OPTIMAL,,2164
CHARLYL314,"NORTHERN SOUL","CLUB CLASSICS (MORRISON`S EXCLUSIVE)",2LP,2,0,0,Gatefold,,140,33,Yellow,0,,OPTIMAL,,2167
IALP1RSD2019,"13TH FLOOR ELEVATORS","THE PSYCHEDELIC SOUNDS OF THE 13TH FLOOR ELEVATORS (PICTURE DISC)","LP Picture Disc",1,0,0,Single,,,,"Picture Disc",0,,CSV,,2168
KSCOPE1024,TESSERACT,POLARIS,2LP,2,0,0,"Wide Spine",,140,33,Black,0,,OPTIMAL,,2169
KSCOPE1025,GAZPACHO,"TICK TOCK",LP+7``,2,0,0,Single,,140,,Black,0,,OPTIMAL,,2170
KSCOPE1026,"RICHARD BARBIERI","THINGS BURIED",2LP,2,0,0,"Wide Spine",,140,33,Black,0,,OPTIMAL,,2171
KSCOPE1027,"RICHARD BARBIERI","STRANGER INSIDE",2LP,2,0,0,"Wide Spine",,140,33,Black,0,,OPTIMAL,,2172
KSCOPE1028,"THE PINEAPPLE THIEF","SOMEONE HERE IS MISSING",LP,1,0,0,Single,,180,33,Black,0,,OPTIMAL,,2173
VILELP789,OBLITERATION,"PERPETUAL DECAY",LP,1,0,0,Single,,140,33,Black,0,,OPTIMAL,,2174
KSCOPE1030,ANATHEMA,UNTOUCHABLE,2LP,2,0,0,"Wide Spine",,140,33,Black,0,,OPTIMAL,,2176
KSCOPE1032,MANSUN,"LEGACY EP",12``,1,0,0,Single,Other,140,33,Red,0,"OBI wrap",OPTIMAL,,2177
KSCOPE639,GONG,"REJOICE! I`M DEAD!",CD,1,0,0,Digipack4,8pp,,,,0,,SP,,2182
KSCOPE640,"CRIPPLED BLACK PHOENIX","THE RESURRECTIONISTS",CD,1,0,0,Digipack4,8pp,,,,0,,OPTIMAL,,2183
KSCOPE641,"CRIPPLED BLACK PHOENIX","NIGHT RAIDER",CD,1,0,0,Digipack4,8pp,,,,0,,OPTIMAL,,2184
KSCOPE1031,"CRIPPLED BLACK PHOENIX","NIGHT RAIDER",2LP,2,0,0,"Wide Spine",,140,33,Black,0,,OPTIMAL,,2185
KSCOPE642,KATATONIA,"DETHRONED & UNCROWNED",CD,1,0,0,Digipack4,8pp,,,,0,,OPTIMAL,,2187
KSCOPE1015,IAMTHEMORNING,"THE BELL",LP,1,0,0,Gatefold,4pp,180,33,Black,0,"4pp 'poster' book",OPTIMAL,,2188
KSCOPE638,IAMTHEMORNING,"THE BELL",CD,1,0,0,SleevePac,16pp,,,,0,,OPTIMAL,,2189
CDVILED794,DODHEIMSGARD,"KRONET TIL KONGE",CD,1,0,0,Jewel,8pp,,,,0,OBI,SP,,2190
CHARLYL313,"THE TRASHMEN","SURFIN` BIRD - THE VERY BEST OF THE TRASHMEN",LP,1,0,0,Single,,180,33,Black,0,,OPTIMAL,,2193
CHARLYP313,"THE TRASHMEN","SURFIN` BIRD - THE BEST OF THE TRASHMEN",CD,1,0,0,Jewel,8pp,,,,0,,SP,,2194
SMABX1091,"GENTLE GIANT","UNBURIED TREASURE",MixBoxSet,30,0,0,BoxSet,,,,,0,"30 Discs, Hardback Book, Gig Compendium, Jigsaw, Signed Photo, 2 Posters, Mask, Tour Programme",CSV,,2195
KSCOPE1033,O.R.K.,RAMAGEHEAD,LP,1,0,0,Single,,180,33,Clear,0,,OPTIMAL,,2196
VILELP586,"SHIP OF FOOLS","CLOSE YOUR EYES (FORGET THE WORLD)",LP,1,0,0,Single,,140,33,Black,0,,OPTIMAL,,2197
VILELP604,"CRADLE OF FILTH","MIDNIGHT IN THE LABYRINTH",2LP,2,0,0,"Wide Spine",,140,33,Black,0,,OPTIMAL,,2198
SMACDX1142,"THE PRETTY THINGS","GET THE PICTURE?",CD,1,0,0,Digipack4,8pp,,,,0,,VDC,,2200
SMACDX1144,"PRETTY THINGS",PARACHUTE,CD,1,0,0,Digipack4,8pp,,,,0,,VDC,,2201
SMACDX1143,"THE PRETTY THINGS",EMOTIONS,CD,1,0,0,Digipack4,8pp,,,,0,,OPTIMAL,,2202
KSCOPE1036,MANSUN,"SIX (Blue Vinyl)",2LP,2,0,0,Gatefold,,180,33,Blue,0,,OPTIMAL,,2203
KSCOPE1066,MANSUN,"SIX (Clear Vinyl)",2LP,2,0,0,Gatefold,,180,33,Clear,0,,OPTIMAL,,2204
KSCOPE1054,MANSUN,"SIX (Green Vinyl)",2LP,2,0,0,Gatefold,,180,33,Green,0,,OPTIMAL,,2205
KSCOPE666,MANSUN,SIX,CD,1,0,0,SleevePac,20pp,,,,0,,OPTIMAL,,2208
CDVILED797,"MY DYING BRIDE","FOR LIES I SIRE",CD,1,0,0,Jewel,12pp,,,,0,,SP,,2209
CDVILED798,"THE GATHERING",ALWAYS...,CD,1,0,0,Jewel,8pp,,,,0,,OPTIMAL,,2211
CDVILED642,"ROTTING CHRIST","THY MIGHTY CONTRACT",CD,1,0,0,Jewel,8pp,,,,0,,SP,,2213
KSCOPE643,"NORTH ATLANTIC OSCILLATION","GRIND SHOW",CD,1,0,0,Digipack6,,,,,0,,OPTIMAL,,2214
KSCOPE1035,"NORTH ATLANTIC OSCILLATION","GRIND SHOW",LP,1,0,0,Single,,140,33,Black,0,,OPTIMAL,,2215
CHARLYL317,"NORTHERN SOUL","SHADES OF SOUL",LP,1,0,0,Single,,180,33,Black,0,,OPTIMAL,,2216
CDVILEDX645,MAYHEM,"LIVE IN SARPSBORG",CD+DVD,2,0,0,Brilliant,16pp,,,,0,,SP,,2218
CDVILEDX646,MAYHEM,"LIVE IN JESSHEIM",CD+DVD,2,0,0,Brilliant,16pp,,,,0,,OPTIMAL,,2219
KSCOPE1037,"TANGERINE DREAM","MACHU PICCHU",LP,1,0,0,Single,4pp,140,33,Yellow,0,,OPTIMAL,,2221
KSCOPE644,"LUNATIC SOUL",IMPRESSIONS,CD,1,0,0,Digipack4,8pp,,,,0,,OPTIMAL,,2222
SMACD1146,"STEVE HILLAGE",DUSSELDORF,2CD,2,0,0,Brilliant,16pp,,,,0,,SP,,2223
VILELP796,"MY DYING BRIDE","TOWARDS THE SINISTER",12``,1,0,0,Single,,180,33,Red,0,"Limited Edition Individually Numbered",OPTIMAL,,2224
SMALP1145,"PETER GREEN","THE BEST OF PETER GREEN SPLINTER GROUP",2LP,2,0,0,"Wide Spine",,140,33,Black,0,,OPTIMAL,,2225
SMACDX1145,"PETER GREEN","THE BEST OF PETER GREEN SPLINTER GROUP",CD,1,0,0,Digipack4,,,,,0,,OPTIMAL,,2226
VILELP799,MORK,"DET SVARTE JUV",LP,1,0,0,Gatefold,,180,33,Black,0,,OPTIMAL,,2228
CDVILEF799,MORK,"DET SVARTE JUV",CD,1,0,0,Jewel,12pp,,,,0,OBI,OPTIMAL,,2229
SMACDX1148,"ROGER CHAPMAN AND THE SHORTLIST","LIVE IN HAMBURG",2CD,2,0,0,Brilliant,8pp,,,,0,,SP,,2230
SMACDX1150,W.A.S.P.,HELLDORADO,CD,1,0,0,Digipack4,8pp,,,,0,,SP,,2231
SMACDX1151,W.A.S.P.,"INSIDE THE ELECTRIC CIRCUS",CD,1,0,0,Digipack4,8pp,,,,0,,OPTIMAL,,2232
KSCOPE645,"THE PINEAPPLE THIEF","YOUR WILDERNESS",CD,1,0,0,Digipack4,8pp,,,,0,,OPTIMAL,,2233
SMACDX1149,W.A.S.P.,"THE LAST COMMAND",CD,1,0,0,Digipack4,8pp,,,,0,,OPTIMAL,,2234
KSCOPE646,KLONE,"LE GRAND VOYAGE",CD,1,0,0,Digipack4,,,,,0,,OPTIMAL,,2235
KSCOPE1038,KLONE,"LE GRAND VOYAGE",LP,0,0,0,,,,,,0,,OPTIMAL,,2236
SMACDX1040,"OZRIC TENTACLES","TANTRIC OBSTACLES",CD,1,0,0,Digipack4,,,,,0,,OPTIMAL,,2237
CHARLYL307,"NORTHERN SOUL",ALL-DAYER,LP,1,0,0,Single,,180,33,Black,0,,OPTIMAL,,2238
SMACDX1152,"OZRIC TENTACLES",STRANGEITUDE,CD,1,0,0,Digipack4,4pp,,,,0,,VDC,,2239
VILELP788,KATATONIA,"NIGHT IS THE NEW DAY",2LP,2,0,0,Gatefold,4pp,180,33,Red,0,,OPTIMAL,,2240
EBVILE019,KATATONIA,"NIGHT IS THE NEW DAY",MixBoxSet,1,0,0,"Ear book",48pp,100,45,Red,0,"2CD | DVD | 10""",OPTIMAL,,2242
SMALP1107,"OZRIC TENTACLES",PYRAMIDION,LP,1,0,0,Single,,140,33,Green,0,,OPTIMAL,,2243
KSCOPE1021,"DANIEL TOMPKINS",CASTLES,LP,1,0,0,Single,,180,,Black,0,,OPTIMAL,,2245
VILELP785,DARKTHRONE,"OLD STAR",LP,1,0,0,Single,,180,33,Black,0,,OPTIMAL,,2246
CDVILEF785,DARKTHRONE,"OLD STAR",CD,1,1,0,Jewel,8pp,,,,0,,OPTIMAL,,2247
VILEMC785,DARKTHRONE,"OLD STAR",Cassette,1,0,0,Single,,,,,0,"Plastic case - Inlay with 3 flaps",Fairview,,2248
CDVILED804,MYSTICUM,"LOST MASTERS OF THE UNIVERSE",CD,1,0,0,Jewel,8pp,,,,0,,OPTIMAL,,2249
CDVILED803,"CRADLE OF FILTH","EVERMORE DARKLY",CD,1,0,0,Jewel,12pp,,,,0,,SP,,2250
KSCOPE1039,GONG,"THE UNIVERSE ALSO COLLAPSES",LP,1,0,0,Single,,180,,Pink,0,,OPTIMAL,,2253
KSCOPE634,GONG,"THE UNIVERSE ALSO COLLAPSES",CD,1,0,0,Digipack4,8pp,,,,0,,OPTIMAL,,2254
KSCOPE1020,GONG,"THE UNIVERSE ALSO COLLAPSES",LP,1,0,0,Single,,180,33,Black,0,,OPTIMAL,,2256
SMACDX1156,"OZRIC TENTACLES","THE YUMYUM TREE",CD,1,0,0,Jewel,4pp,,,,0,,OPTIMAL,,2257
SMACDX1135,"FLEETWOOD MAC","BOSTON VOLUME 1",CD,1,0,0,Digipack4,8pp,,,,0,,VDC,,2258
SMACDX1136,"FLEETWOOD MAC","BOSTON VOLUME 2",CD,1,0,0,Digipack4,8pp,,,,0,,VDC,,2259
SMACDX1137,"FLEETWOOD MAC","BOSTON VOLUME 3",CD,1,0,0,Digipack4,8pp,,,,0,,VDC,,2260
CHARLYL319,"JERRY LEE LEWIS","GREATEST HITS (ASDA Father's Day exclusive)",LP,1,0,0,Single,,180,33,Green,0,,OPTIMAL,,2261
EBVILE020,DARKTHRONE,"OLD STAR","7`` x 3",3,0,0,BoxSet,2pp,40,,,0,"3 x 7"" (black, white, clear) + 3 x 2pp inserts",OPTIMAL,,2262
VILELP807,DARKTHRONE,"OLD STAR (Purple Vinyl)",LP,1,0,0,Single,,180,33,Purple,0,,OPTIMAL,,2263
VILELP821,DARKTHRONE,"OLD STAR (Green Vinyl)",LP,1,0,0,Single,,180,33,Green,0,,OPTIMAL,,2264
VILELP836,DARKTHRONE,"OLD STAR (Orange Vinyl)",LP,1,0,0,Single,,180,33,Orange,0,,OPTIMAL,,2265
VILELP814,DARKTHRONE,"OLD STAR (Picture Disc)",LP,1,0,0,Single,,,33,"Picture Disc",0,,OPTIMAL,,2266
SMACDX1038,"PETER GREEN SPLINTER GROUP","SOHO LIVE - AT RONNIE SCOTT`S",2CD,2,0,0,Brilliant,8pp,,,,0,,SP,,2267
SMACDX1074,"PETER GREEN SPLINTER GROUP","DESTINY ROAD",CD,1,0,0,Digipack4,8pp,,,,0,,OPTIMAL,,2268
SMACDX1073,"PETER GREEN SPLINTER GROUP","THE ROBERT JOHNSON SONGBOOK",CD,1,0,0,Digipack4,,,,,0,,OPTIMAL,,2269
SMALP1130,"PETER GREEN WITH NIGEL WATSON","HOT FOOT POWDER",LP,1,0,0,Single,,180,33,"Neon Yellow",0,,OPTIMAL,,2270
SMACDX1130,"PETER GREEN WITH NIGEL WATSON","HOT FOOT POWDER",CD,1,0,0,Digipack4,8pp,,,,0,,OPTIMAL,,2271
SMACDX1075,"PETER GREEN SPLINTER GROUP","SPLINTER GROUP",CD,1,0,0,Digipack6,,,,,0,,OPTIMAL,,2272
KSCOPE1040,"PORCUPINE TREE","STUPID DREAM (BURNING SHED EXCLUSIVE)",2LP,2,0,0,Gatefold,,180,33,Green,0,,OPTIMAL,,2273
KSCOPE1041,"PORCUPINE TREE","THE SKY MOVES SIDEWAYS (BURNING SHED EXCLUSIVE)",2LP,2,0,0,Gatefold,,180,33,Red,0,,OPTIMAL,,2274
SMACD967,W.A.S.P.,"THE LAST COMMAND",2CD,2,0,0,"Media book",,,,,0,,TAKT,,2275
KSCOPE635,"DANIEL TOMPKINS",CASTLES,CD,1,0,0,Digipack4,8pp,,,,0,,OPTIMAL,,2276
CHARLYL318,"VAN MCCOY & FRIENDS",DANCIN',LP,1,0,0,Single,,180,33,Black,0,,OPTIMAL,,2277
CHARLYL320,"RED BIRD RECORDS","GO GIRLS: THE WOMEN OF RED BIRD (Sainsbury's Exclusive)",LP,1,0,0,Single,,180,33,Pink,0,,OPTIMAL,,2278
CDVILED808,"THE GATHERING","ALMOST A DANCE",CD,1,0,0,Jewel,,,,,0,,VDC,,2279
VILELP808,"THE GATHERING","ALMOST A DANCE",LP,1,0,0,Single,,180,33,Black,0,,TAKT,,2280
CDVILED810,"THE GATHERING",SOUVENIRS,CD,1,0,0,Jewel,,,,,0,,VDC,,2281
VILELP810,"THE GATHERING",SOUVENIRS,2LP,2,0,0,Gatefold,,140,33,Black,0,,TAKT,,2282
CDVILED812,"THE GATHERING",HOME,CD,1,0,0,Jewel,8pp,,,,0,,VDC,,2283
VILELP812,"THE GATHERING",HOME,2LP,2,0,0,Gatefold,,140,33,Black,0,,TAKT,,2284
CDVILED805,DARKTHRONE,"RAVISHING GRIMNESS",CD,1,0,0,Jewel,8pp,,,,0,OBI,SP,,2285
CDVILED806,DARKTHRONE,GOATLORD,CD,1,0,0,Jewel,8pp,,,,0,,SP,,2287
VILELP840,DARKTHRONE,"OLD STAR (White Vinyl)",LP,1,0,0,Single,,180,33,White,0,,OPTIMAL,,2288
SMACD1155,"STEVE HILLAGE","THE GOLDEN VIBE",CD,1,0,0,Digipack4,8pp,,,,0,,OPTIMAL,,2289
SMALP1155,"STEVE HILLAGE","THE GOLDEN VIBE",2LP,2,0,0,Gatefold,,140,33,Black,0,,OPTIMAL,,2290
VILELP813,CANCER,BALLCUTTER,12``,1,0,0,Single,,140,33,Yellow,0,,TAKT,,2291
SMACDX1157,W.A.S.P.,"FIRST BLOOD LAST CUTS",CD,1,0,0,Digipack4,8pp,,,,0,,VDC,,2292
KSCOPE647,GODSTICKS,EMERGENCE,CD,1,0,0,Digipack4,12pp,,,,0,,VDC,,2293
SMALP1157,W.A.S.P.,"FIRST BLOOD LAST CUTS",2LP,2,0,0,Gatefold,,140,33,Black,0,,OPTIMAL,,2294
VILELP831,DARKTHRONE,"OLD STAR (Red Vinyl)",LP,1,0,0,Single,,180,33,Red,0,,OPTIMAL,,2295
VILELP827,DARKTHRONE,"OLD STAR (Gold Vinyl)",LP,1,0,0,Single,,180,33,Gold,0,,OPTIMAL,,2296
CHARLYL330,FUNKADELIC,"ONE NATION UNDER A GROOVE (HMV Father's Day exclusive)",LP,1,0,0,Gatefold,,180,33,Pink,0,,OPTIMAL,,2304
CHARLYL326,"SOUL SHACK","TIME & PLACE",LP,1,0,0,Single,,180,33,Black,0,,OPTIMAL,,2305
KSCOPE648,IAMTHEMORNING,LIGHTHOUSE,CD,1,0,0,Digipack4,8pp,,,,0,"Use up KS352 print",SP,,2306
SMACDX1120,"IAN ANDERSON","HOMO ERRATICUS",CD,1,0,0,Digipack4,8pp,,,,0,,VDC,,2307
KSCOPE650,"TANGERINE DREAM","QUANTUM GATE",CD,1,0,0,Digipack4,8pp,,,,0,,SP,,2308
CHARLYL308,"NORTHERN SOUL",ALL-NIGHTER,LP,1,0,0,Single,,180,33,Black,0,,OPTIMAL,,2309
VILELP771,MAYHEM,"HENHOUSE RECORDINGS",LP,1,0,0,Single,,180,33,Black,0,,OPTIMAL,,2310
VILELP772,MAYHEM,"OUT FROM THE DARK",LP,1,0,0,Single,,180,33,Black,0,,OPTIMAL,,2311
CHARLYL189,"CLUB SOUL","THE GOLDEN TORCH",LP,1,0,0,Single,,180,33,Black,0,,OPTIMAL,,2312
CHARLYL331,"SUN RECORDS","THE BLUES CAME DOWN FROM MEMPHIS (HMV Father's Day exclusive)",LP,1,0,0,Single,,180,33,Blue,0,,OPTIMAL,,2313
KSCOPE1044,"THE PINEAPPLE THIEF","LITTLE MAN",2LP,2,0,0,"Wide Spine",,140,33,Black,0,,OPTIMAL,,2314
VILELP818,"MY DYING BRIDE","A MAP OF ALL OUR FAILURES",2LP,2,0,0,Gatefold,,140,33,Black,0,,OPTIMAL,,2315
VILELP819,DARKTHRONE,"GOATLORD: ORIGINAL",LP,1,0,0,Single,,140,33,Black,0,,OPTIMAL,,2316
CHARLYD599,"CLUB SOUL","VOLUME 5 - WIGAN CASINO SOUL CLUB",CD,1,0,0,Digipack4,8pp,,,,0,,SP,,2317
VILELP822,KATATONIA,"DISCOURAGED ONES",2LP,2,0,0,Gatefold,,140,33,Black,0,,OPTIMAL,,2318
VILELP823,"MY DYING BRIDE","TOWARDS THE SINISTER",12``,1,0,0,Single,,180,33,Black,0,,OPTIMAL,,2319
CDVILED824,"BARREN EARTH","THE DEVIL`S RESOLVE",CD,1,1,0,Jewel,16pp,,,,0,"Over stickered CDVILEF342X",OPTIMAL,,2320
CDVILED825,THINE,"THE DEAD CITY BLUEPRINT",CD,1,0,0,Jewel,20pp,,,,0,"Over stickered  CDVILEF427",OPTIMAL,,2321
CDVILED826,"(NOCTURNO CULTO`S) GIFT OF GODS",RECEIVE,CD,1,0,0,Jewel,8pp,,,,0,"Over stickered CDVILEF487",VDC,,2322
CDVILED828,AUTOPSY,"TOURNIQUETS, HACKSAWS AND GRAVES",CD,1,0,0,Jewel,16pp,,,,0,"Over stickered CDVILEF491",OPTIMAL,,2323
CDVILED830,NOVEMBRE,URSA,CD,1,0,0,Digipack4,12pp,,,,0,"Over stickered CDVILEF552",SP,,2324
CDVILED832,SIKTH,OPACITIES,CD,1,0,0,Digipack4,8pp,,,,0,"Over stickered CDVILEF569",SP,,2325
CDVILED833,T.O.M.B.,"FURY NOCTURNUS",CD,1,0,0,Digipack4,12pp,,,,0,"Over stickered CDVILEF629",SP,,2326
CHARLYL325,"CLUB SOUL","GO MOD!",2LP,2,0,0,Gatefold,,140,33,Black,0,,OPTIMAL,,2328
CHARLYL327,"CLUB SOUL","SOUL STREET",LP,1,0,0,Single,,180,33,Black,0,,OPTIMAL,,2329
KSCOPE553,"STEVEN WILSON","THE RAVEN THAT REFUSED TO SING",CD+Blu-ray,2,0,0,Digipack6,16pp,,,,0,,OPTIMAL,,2330
KSCOPE554,"STEVEN WILSON","HAND. CANNOT. ERASE.",CD+Blu-ray,2,0,0,Digipack6,16pp,,,,0,,OPTIMAL,,2331
CDVILED643,"ROTTING CHRIST","NON SERVIAM",CD,1,0,0,Jewel,8pp,,,,0,,SP,,2332
SMACDX1159,"OZRIC TENTACLES","TECHNICIANS OF THE SACRED",2CD,2,0,0,Brilliant,8pp,,,,0,,SP,,2333
CDVILED816,AUTOPSY,"SKULL GRINDER",CD,1,0,0,Jewel,4pp,,,,0,,VDC,,2334
CDVILED829,KHOLD,"TIL ENDES",CD,1,0,0,Jewel,8pp,,,,0,"Over stickered CDVILEF550",OPTIMAL,,2335
SMALP1158,"MOTT THE HOOPLE","LIVE AT HAMMERSMITH 1973",2LP,2,0,0,Gatefold,,180,33,Black,0,"12pp Poster",OPTIMAL,,2336
VILELP815,MORTEM,RAVNSVART,LP,1,0,0,Single,,180,33,Black,0,,OPTIMAL,,2337
CDVILEF815,MORTEM,RAVNSVART,CD,1,0,0,Jewel,12pp,,,,0,,OPTIMAL,,2338
SMALP1128,"NODENS ICTUS","THE COZMIC KEY",LP,1,0,0,Single,,180,33,Blue,0,,OPTIMAL,,2339
EBVILE021,MAYHEM,"CURSED IN ETERNITY",LPBox,4,0,0,BoxSet,,140,33,Black,0,"76pp Book",OPTIMAL,,2340
KSCOPE1045,GODSTICKS,EMERGENCE,LP,1,0,0,Single,,180,33,Black,0,,OPTIMAL,,2341
KSCOPE653,BLACKFIELD,"BLACKFIELD V",CD,1,0,0,Digipack4,12pp,,,,0,"Over stickered KSCOPE360",OPTIMAL,,2342
KSCOPE632,"THE ANCHORESS","THE ART OF LOSING",CD,1,0,0,SleevePac,24pp,,,,0,,OPTIMAL,,2344
KSCOPE1018,"THE ANCHORESS","THE ART OF LOSING",2LP,2,0,0,Gatefold,,140,33,Black,0,,OPTIMAL,,2345
KSCOPE952,"BRUCE SOORD (The Pineapple Thief)","ALL THIS WILL BE YOURS",LP,1,0,0,Single,,180,33,Black,0,,OPTIMAL,,2346
CHARLYF848,"13TH FLOOR ELEVATORS","THE PSYCHEDELIC SOUNDS OF THE 13TH FLOOR ELEVATORS",2CD,2,0,0,Brilliant,16pp,,,,0,,SP,,2347
CHARLYF849,"13TH FLOOR ELEVATORS","EASTER EVERYWHERE",2CD,2,0,0,Brilliant,16pp,,,,0,,SP,,2348
CHARLYF850,"13TH FLOOR ELEVATORS","BULL OF THE WOODS",2CD,2,0,0,Brilliant,16pp,,,,0,,SP,,2349
SMABX1139,"THE PRETTY THINGS","THE FINAL BOW",MixBoxSet,5,0,0,"Ear book",52pp,100,33,Black,0,"2CD + 2DVD + 10``",OPTIMAL,,2350
SMALP1139,"THE PRETTY THINGS","THE FINAL BOW",2LP,2,0,0,Gatefold,,140,,Black,0,,OPTIMAL,,2351
VILELP839,"VIOLATION WOUND","DYING TO LIVE, LIVING TO DIE",LP,1,0,0,Single,,180,33,Black,0,,OPTIMAL,,2352
CDVILED841,OPETH,"THE ROUNDHOUSE TAPES",2CD,2,0,0,Jewel,8pp,,,,0,,SP,,2353
CHARLYS301,"WILLIE HARPER / LEE DORSEY","HERE COMES THE HURT AGAIN",7``,1,0,0,Single,,40,45,Black,0,Dinked,OPTIMAL,,2354
VILELP834,"DIABOLICAL MASQUERADE","DEATH`S DESIGN",LP,1,0,0,Single,,180,33,Gold,0,,TAKT,,2355
CDVILEF839,"VIOLATION WOUND","DYING TO LIVE, LIVING TO DIE",CD,1,0,0,Digipack4,16pp,,,,0,,OPTIMAL,,2356
KSCOPE1046,GONG,"I SEE YOU",2LP,2,0,0,"Wide Spine",,140,33,Black,0,,OPTIMAL,,2357
VILELP842,KATATONIA,"JHVA ELOHIM METH",12``,1,0,0,Single,,180,45,Blue,0,,OPTIMAL,,2358
KSCOPE656,"THE PINEAPPLE THIEF","HOLD OUR FIRE",CD,1,0,0,Digipack6,16pp,,,,0,,OPTIMAL,,2359
KSCOPE1047,"THE PINEAPPLE THIEF","HOLD OUR FIRE",LP,1,0,0,Single,,180,33,Black,0,,OPTIMAL,,2360
KSCOPE1053,"THE PINEAPPLE THIEF","UNCOVERING THE TRACKS",12``,1,0,0,Single,,140,45,Red,0,,OPTIMAL,,2361
KSCOPE552,"STEVEN WILSON","GRACE FOR DROWNING",CD+Blu-ray,3,0,0,Digipack8,16pp,,,,0,"2CD + Blu-ray",CSV,,2362
CHARLYX693,"JAZZ ON A SUMMER`S DAY","JAZZ ON A SUMMER`S DAY O.S.T.",CD+DVD,2,0,0,Brilliant,16pp,,,,0,,OPTIMAL,,2364
VILELP835,"BARREN EARTH","THE CURSE OF THE RED RIVER",LP,1,0,0,Single,,180,33,Black,0,,OPTIMAL,,2365
CHARLYD593,FUNKADELIC,"ONE NATION UNDER A GROOVE",CD,1,0,0,Digipack4,8pp,,,,0,,SP,,2366
SMALP1162,"MOTT THE HOOPLE","THE GOLDEN AGE OF ROCK `N` ROLL",2LP,2,0,0,Gatefold,,140,33,Black,0,,OPTIMAL,,2367
KSCOPE550,"STEVEN WILSON","GET ALL YOU DESERVE",CD+Blu-ray,3,0,0,Digipack8,8pp,,,,0,"2CD + Blu-ray",OPTIMAL,,2368
CHARLYL338,"DENIECE CHANDLER","WONDER LOVE",LP,1,0,0,Single,,180,33,Black,0,,OPTIMAL,,2369
KSCOPE651,"LUNATIC SOUL","THROUGH SHADED WOODS",CD,1,0,0,Digipack4,16pp,,,,0,,SP,,2371
KSCOPE1042,"LUNATIC SOUL","THROUGH SHADED WOODS",LP,1,0,0,Gatefold,,180,33,Black,0,,OPTIMAL,,2372
KSCOPE1043,GODSTICKS,INESCAPABLE,LP,1,0,0,Single,,180,33,Black,0,,OPTIMAL,,2374
CHARLYL340,"JOE SIMON","TWO SIDES OF JOE SIMON",LP,1,0,0,Single,,180,33,Black,0,,OPTIMAL,,2375
SMALP1170,"MOTT THE HOOPLE","THE GOLDEN AGE OF ROCK `N` ROLL (Orange Vinyl)",2LP,2,0,0,Gatefold,,140,33,Orange,0,,OPTIMAL,,2376
KSCOPE489,"BRUCE SOORD (The Pineapple Thief)","ALL THIS WILL BE YOURS",CD,1,0,0,SleevePac,16pp,,,,0,,OPTIMAL,,2377
KSCOPE555,"BRUCE SOORD (The Pineapple Thief)","ALL THIS WILL BE YOURS",MixBoxSet,3,0,0,"Ear book",40pp,,,,0,,OPTIMAL,,2378
KSCOPE654,ULVER,"WARS OF THE ROSES",CD,1,0,0,Digipack4,16pp,,,,0,,SP,,2380
KSCOPE649,"RICHARD BARBIERI","PLANETS + PERSONA",CD,1,0,0,Digipack4,16pp,,,,0,,SP,,2381
SMACDX1163,"CARL PERKINS & FRIENDS","BLUE SUEDE SHOES - A ROCKABILLY SESSION",CD+DVD,2,0,0,Brilliant,8pp,,,,0,,SP,,2382
VILELP843,CANCER,"TO THE GORY END",LP,1,0,0,Single,,180,33,Yellow,0,,SP,,2384
VILELP844,CANCER,"DEATH SHALL RISE",LP,1,0,0,Single,,180,33,Red,0,,SP,,2385
VILELP845,CANCER,"THE SINS OF MANKIND",LP,1,0,0,Single,,180,33,Coloured,0,"PMS 499",SP,,2386
CDVILED847,CANCER,"SHADOW GRIPPED",CD,1,0,0,Jewel,12pp,,,,0,"Over stickered CDVILEF763",SP,,2387
CDVILED846,"VIOLATION WOUND","WITH MAN IN CHARGE",CD,1,0,0,Digipack4,16pp,,,,0,"Over stickered CDVILEF734",SP,,2388
CDVILED848,AKERCOCKE,"RENAISSANCE IN EXTREMIS",CD,1,0,0,Digipack4,16pp,,,,0,"Over stickered CDVILEF636",SP,,2389
CDVILED849,SIKTH,"THE FUTURE IN WHOSE EYES?",CD,1,0,0,Digipack4,16pp,,,,0,"Over stickered CDVILEF669",SP,,2390
CDVILED850,CANDLEMASS,NIGHTFALL,CD,1,0,0,Digipack4,8pp,,,,0,,OPTIMAL,,2391
VILELP850,CANDLEMASS,"NIGHTFALL (Edel Exclusive)",LP,1,0,0,Single,,,,Gold,0,,OPTIMAL,,2392
KSCOPE658,GAZPACHO,SOYUZ,CD,1,0,0,Digipack4,16pp,,,,0,,SP,,2393
CDVILEDX771,MAYHEM,"HENHOUSE RECORDINGS",CD+DVD,1,0,0,Brilliant,4pp,,,,0,,OPTIMAL,,2394
CDVILED772,MAYHEM,"OUT FROM THE DARK",CD,1,0,0,Jewel,4pp,,,,0,,OPTIMAL,,2395
CDVILED641,"ROTTING CHRIST","PASSAGE TO ARCTURO",CD,1,0,0,Jewel,4pp,,,,0,,OPTIMAL,,2396
SMALP1166,"MOTT THE HOOPLE","THE GOLDEN AGE OF ROCK `N` ROLL (Pink Vinyl, Edel)",2LP,2,0,0,Gatefold,,140,33,Pink,0,,OPTIMAL,,2397
SMABX1091P,"GENTLE GIANT","UNBURIED TREASURE (PROMO CD)",CD,1,0,0,Other,,,,,0,"Folding Wallet",OPTIMAL,,2398
SMALP1120,"IAN ANDERSON","HOMO ERRATICUS",2LP,2,0,0,"Wide Spine",,140,,Black,0,,OPTIMAL,,2399
KSCOPE655,"DANIEL CAVANAGH (Anathema)","MONOCHROME/COLOUR (Special Edition)",CD,1,0,0,Digipack4,16pp,,,,0,,SP,,2400
VILELP728,BLOODBATH,"GRAND MORBID FUNERAL",LP,1,0,0,Single,,180,33,Black,0,,OPTIMAL,,2401
KSCOPE652,GODSTICKS,INESCAPABLE,CD,1,0,0,Digipack4,12pp,,,,0,,SP,,2402
KSCOPE659,"GLEB KOLYADIN (iamthemorning)","GLEB KOLYADIN",CD,1,0,0,Digipack4,8pp,,,,0,,SP,,2403
SMALP1159,"OZRIC TENTACLES","TECHNICIANS OF THE SACRED",2LP,2,0,0,"Wide Spine",,140,33,Black,0,,OPTIMAL,,2404
SMACDX1028,"JOHN MARTYN","SOLID AIR (CLASSICS REVISITED)",2CD,2,0,0,Brilliant,8pp,,,,0,,SP,,2405
SMACDX1164,"LOVE WITH ARTHUR LEE","THE FOREVER CHANGES CONCERT",CD+DVD,2,0,0,Brilliant,8pp,,,,0,,SP,,2406
SMACDX1125,MARILLION,"RADIATION 2013",2CD,2,0,0,Brilliant,8pp,,,,0,,SP,,2407
SMACD1165,MARILLION,"SOMEWHERE IN LONDON",2CD+DVD,3,0,0,Other,,,,,0,Digisleeve,SP,,2408
SMACDX1167,FAMILY,HISTORY,2CD,2,0,0,Brilliant,8pp,,,,0,,SP,,2409
VILELP851,KATATONIA,"DANCE OF DECEMBER SOULS",LP,1,0,0,Single,,180,33,Black,0,,OPTIMAL,,2410
KSCOPE661,"MARIANA SEMKINA",SLEEPWALKING,CD,1,0,0,SleevePac,16pp,,,,0,,OPTIMAL,,2411
KSCOPE1048,"MARIANA SEMKINA",SLEEPWALKING,LP,1,0,0,Single,,180,33,Black,0,,OPTIMAL,,2412
CDVILED852,BLOODBATH,"THE ARROW OF SATAN IS DRAWN",CD,1,0,0,Digipack4,8pp,,,,0,,OPTIMAL,,2413
CHARLYL336,"ANN SEXTON","LOVING YOU, LOVING ME",LP,1,0,0,Single,,180,33,Black,0,,OPTIMAL,,2414
CHARLYL337,"ANN SEXTON","THE BEGINNING",LP,1,0,0,Single,,180,33,Black,0,,OPTIMAL,,2415
KSCOPE548,"PORCUPINE TREE","IN ABSENTIA",MixBoxSet,4,0,0,"Ear book",,,,,0,"3CD+Blu-ray in 100 page book",OPTIMAL,,2416
CDVILED853,MORK,"EREMITTENS DAL",CD,1,0,0,Digipack4,,,,,0,"Uses CDVILEF706 print with barcode sticker",SP,,2418
VILELP854,KATATONIA,"CITY BURIALS",2LP,2,0,0,Gatefold,,140,33,Black,0,,OPTIMAL,,2419
CDVILEF854,KATATONIA,"CITY BURIALS",CD,1,0,0,Digipack4,16pp,,,,0,,OPTIMAL,,2420
KSCOPE662,"THE PINEAPPLE THIEF","VERSIONS OF THE TRUTH",CD,1,0,0,SleevePac,16pp,,,,0,,OPTIMAL,,2421
KSCOPE1064,GAZPACHO,FIREWORKER,2LP,1,0,0,Gatefold,,140,,Black,0,,OPTIMAL,,2422
KSCOPE664,GAZPACHO,FIREWORKER,CD,1,0,0,Digipack4,16pp,,,,0,,OPTIMAL,,2423
KSCOPE1062,"THE PINEAPPLE THIEF","VERSIONS OF THE TRUTH",LP,1,0,0,Single,,180,,Black,0,,OPTIMAL,,2426
KSCOPE562,"THE PINEAPPLE THIEF","VERSIONS OF THE TRUTH",MixBoxSet,1,0,0,"Ear book",,,,,0,,OPTIMAL,,2427
CDVILED855,FLEURETY,"THE WHITE DEATH",CD,1,0,0,Digipack4,12pp,,,,0,"Over stickered CDVILEF689",SP,,2428
KSCOPE1049,MANSUN,"THE DEAD FLOWERS REJECT",LP,1,0,0,Single,,180,33,White,0,,OPTIMAL,,2429
KSCOPE549,BLACKFIELD,"LIVE IN NYC",CD+DVD,2,0,0,Brilliant,8pp,,,,0,,OPTIMAL,,2430
KSCOPEVOL11,KSCOPE,"THE BEST OF 2019",CD,1,0,0,Single,,,,,0,Wallet,OPTIMAL,,2432
CDVILED856,"MY DYING BRIDE","EVINTA (SPECIAL)",2CD,2,0,0,"Media book",20pp,,,,0,"Over stickered CDVILEF302X",TAKT,,2433
KSCOPE1051,"TANGERINE DREAM","RECURRING DREAMS",2LP,2,0,0,Gatefold,,140,,Black,0,,OPTIMAL,,2434
KSCOPE665,"TANGERINE DREAM","RECURRING DREAMS",CD,1,0,0,Digipack6,,,,,0,,OPTIMAL,,2435
KSCOPE667,"JONATHAN HULTEN","CHANTS FROM ANOTHER PLACE",CD,1,0,0,Digipack4,16pp,,,,0,,OPTIMAL,,2436
KSCOPE1052,"JONATHAN HULTEN","CHANTS FROM ANOTHER PLACE",LP,1,0,0,Single,8pp,180,33,Black,0,,OPTIMAL,,2437
KSCOPE1068,ANATHEMA,"WE`RE HERE BECAUSE WE`RE HERE",2LP,2,0,0,Gatefold,,140,33,Clear,0,,OPTIMAL,,2438
KSCOPE668,ANATHEMA,"WE`RE HERE BECAUSE WE`RE HERE",CD,1,0,0,Digipack4,8pp,,,,0,,OPTIMAL,,2439
KSCOPE669,"LUNATIC SOUL",FRACTURED,CD,1,0,0,Digipack4,12pp,,,,0,,SP,,2440
CDVILED857,ISENGARD,VINTERSKUGGE,CD,1,0,0,Jewel,4pp,,,,0,,OPTIMAL,,2441
VILELP858,TAAKE,NATTESTID...,LP,1,0,0,Gatefold,,180,33,Black,0,poster,OPTIMAL,,2442
CDVILED779,"OBTAINED ENSLAVEMENT",WITCHCRAFT,CD,1,0,0,Jewel,8pp,,,,0,,OPTIMAL,,2444
KSCOPE1055,"CRIPPLED BLACK PHOENIX","WE SHALL SEE VICTORY",2LP,2,0,0,"Wide Spine",,140,33,Black,0,,OPTIMAL,,2445
SMALP1169,"MOTT THE HOOPLE","THE GOLDEN AGE OF ROCK `N` ROLL (RSD US 2020 Exclusive)",2LP,2,0,0,Gatefold,,140,33,Blue,0,,OPTIMAL,,2446
CDVILEF860,KATATONIA,"CITY BURIALS",CD,1,0,0,"Media book",24pp,,,,0,,TAKT,,2447
VILELP861,KATATONIA,"DANCE OF DECEMBER SOULS",LP,1,0,0,Single,,180,33,Purple,0,,OPTIMAL,,2448
CHARLYL347,GONG,"CAMEMBERT ELECTRIQUE",LP,1,0,0,Gatefold,,180,33,Black,0,"3 x inserts",OPTIMAL,,2449
KSCOPE652A,GODSTICKS,"MOTION - INESCAPABLE ACOUSTIC TRACKS",CD,1,0,0,Single,,,,,0,"Promo wallet for Burning Shed",,,2454
CDVILED858,TAAKE,NATTESTID...,CD,1,0,0,Jewel,8pp,,,,0,,VDC,,2455
KSCOPE670,GAZPACHO,NIGHT,2CD,2,0,0,Brilliant,8pp,,,,0,,SP,,2456
VILELP881,KATATONIA,"CITY BURIALS (Silver - German Coloured Version)",2LP,2,0,0,Gatefold,,140,33,Silver,0,,OPTIMAL,,2458
VILELP870,KATATONIA,"CITY BURIALS (Crystal Clear - Peaceville Coloured Version)",2LP,2,0,0,Gatefold,,140,33,White,0,,OPTIMAL,,2460
VILELP863,KATATONIA,"CITY BURIALS (White - Omerch Coloured Version)",2LP,2,0,0,Gatefold,,140,33,Coloured,0,,OPTIMAL,,2461
KSCOPE675,"THE PINEAPPLE THIEF",MAGNOLIA,CD,1,0,0,Digipack4,8pp,,,,0,,SP,,2464
KSCOPE1067,"OZRIC TENTACLES","STRANGEITUDE (2020 ED WYNNE REMASTER)",LP,1,0,0,Single,,180,33,Green,0,,OPTIMAL,,2472
KSCOPE1061,"OZRIC TENTACLES","ERPLAND (2020 ED WYNNE REMASTER)",2LP,2,0,0,"Wide Spine",,140,33,Turquoise,0,,OPTIMAL,,2473
KSCOPE1059,"OZRIC TENTACLES","PUNGENT EFFULGENT (2020 ED WYNNE REMASTER)",LP,1,0,0,Single,,180,33,Blue,0,,OPTIMAL,,2474
CDVILED864,MORK,"DET SVARTE JUV",CD,1,0,0,Jewel,12pp,,,,0,,OPTIMAL,,2475
VILELP860,KATATONIA,"CITY BURIALS (Clear - General Coloured Version)",2LP,2,0,0,Gatefold,,140,33,Clear,0,,OPTIMAL,,2476
VILELP859,HELLRIPPER,"THE AFFAIR OF THE POISONS",LP,1,0,0,Single,,180,33,Black,0,,OPTIMAL,,2477
CDVILEF859,HELLRIPPER,"THE AFFAIR OF THE POISONS",CD,1,0,0,Jewel,8pp,,,,0,OBI,VDC,,2478
VILEMC859,HELLRIPPER,"THE AFFAIR OF THE POISONS",Cassette,1,0,0,Jewel,,,,,0,,Fairview,,2480
KSCOPE671,ANEKDOTEN,"A TIME OF DAY",CD,1,0,0,Digipack4,12pp,,,,0,,SP,,2482
KSCOPE660,ANEKDOTEN,"FROM WITHIN",CD,1,0,0,Digipack4,12pp,,,,0,,SP,,2483
KSCOPE657,ANEKDOTEN,NUCLEUS,CD,1,0,0,Digipack4,12pp,,,,0,,SP,,2484
KSCOPE1057,ANEKDOTEN,NUCLEUS,LP,1,0,0,Single,,180,33,Black,0,,OPTIMAL,,2485
KSCOPE1071,ANEKDOTEN,"A TIME OF DAY",LP,1,0,0,Single,,180,33,Black,0,,OPTIMAL,,2486
KSCOPE1060,ANEKDOTEN,"FROM WITHIN",LP,1,0,0,Single,,180,33,Black,0,,OPTIMAL,,2487
KSCOPE673,"CRIPPLED BLACK PHOENIX","WE SHALL SEE VICTORY",2CD,2,0,0,Brilliant,6pp,,,,0,,SP,,2488
KSCOPE674,"ED WYNNE","SHIMMER INTO NATURE (EXPANDED)",CD,1,0,0,Digipack4,,,,,0,,SP,,2490
KSCOPE676,GAZPACHO,DEMON,CD,1,0,0,Jewel,20pp,,,,0,,SP,,2491
SROLLCD849X,"CRAZY CAVAN & THE RHYTHM ROCKERS","CRAZY RHYTHM",CD,1,0,0,Jewel,12pp,,,,0,,SP,,2492
EBVILE022,DARKTHRONE,"UNHOLY BLACK METAL",Cassette,5,0,0,BoxSet,36pp,,,,0,"5 x MC | 2 x Poster | 9 x Postcard",,,2493
USLP1177,"THE O`JAYS","THE BEST OF THE O`JAYS",2LP,2,0,0,Gatefold,,140,33,Black,0,,OPTIMAL,,2494
KSCOPE1072,"STEVEN WILSON","INSURGENTES (REMASTER)",2LP,2,0,0,Gatefold,,140,33,Black,0,,OPTIMAL,,2495
VILELP865,MORK,"ROTA TIL ONDSKAP",LP,1,0,0,Single,,180,33,Black,0,,OPTIMAL,,2497
KSCOPE1069,"TANGERINE DREAM","FRANZ KAFKA - THE CASTLE",2LP,2,0,0,Gatefold,,140,,Black,0,,OPTIMAL,,2498
KSCOPE1073,"OZRIC TENTACLES","JURASSIC SHIFT (2020 ED WYNNE REMASTER)",LP,1,0,0,Single,,180,33,Pink,0,,OPTIMAL,,2499
KSCOPE1074,"OZRIC TENTACLES","ARBORESCENCE (2020 ED WYNNE REMASTER)",LP,1,0,0,Single,,180,33,Red,0,,OPTIMAL,,2500
KSCOPE1077,"OZRIC TENTACLES","CURIOUS CORN (2020 ED WYNNE REMASTER PURPLE LP)",LP,1,0,0,Single,,180,33,Purple,0,,OPTIMAL,,2501
KSCOPE1075,"OZRIC TENTACLES","BECOME THE OTHER (2020 ED WYNNE REMASTER)",2LP,2,0,0,"Wide Spine",,140,33,Yellow,0,"D side etching",OPTIMAL,,2502
KSCOPE1079,"OZRIC TENTACLES","WATERFALL CITIES (2020 ED WYNNE REMASTER)",2LP,2,0,0,Single,,140,33,Black,0,,TAKT,,2504
SMALP1179,PENDRAGON,"THE WORLD",2LP,2,0,0,"Wide Spine",,140,33,Black,0,,OPTIMAL,,2505
KSCOPE556,"THE PINEAPPLE THIEF","WHERE WE STOOD",CD+Blu-ray,2,0,0,Brilliant,8pp,,,,0,,OPTIMAL,,2506
VILELP871,"CARPATHIAN FOREST","WE`RE GOING TO HELL FOR THIS",LP,1,0,0,Single,,180,33,Black,0,,OPTIMAL,,2507
SMALP1178,"MOTT THE HOOPLE","LIVE ON BROADWAY 1974",2LP,2,0,0,Gatefold,,140,33,Black,0,,OPTIMAL,,2508
SMALP1134,"THE PRETTY THINGS","BARE AS BONE, BRIGHT AS BLOOD",LP,1,0,0,Gatefold,2pp,180,33,Red,0,,OPTIMAL,,2509
SMACD1134,"THE PRETTY THINGS","BARE AS BONE, BRIGHT AS BLOOD",CD,1,0,0,Digipack4,16pp,,,,0,,VDC,,2510
VILELP872,SIGH,"SCORN DEFEAT",LP,1,0,0,Single,,180,33,White,0,,OPTIMAL,,2512
KSCOPE557,"THE ANCHORESS","THE ART OF LOSING",3CD,3,0,0,"Media book",,,,,0,"48pp DVD size hard back book",TAKT,,2513
USLP1180,"THE ISLEY BROTHERS","AT THEIR VERY BEST",2LP,2,0,0,Gatefold,,140,33,Black,0,,OPTIMAL,,2515
KSCOPE561,"THE PINEAPPLE THIEF","VERSIONS OF THE TRUTH",Blu-ray,1,0,0,Amaray,16pp,,,,0,,OPTIMAL,,2516
SMABX1140,"JOHN MAYALL","THE FIRST GENERATION 1965 - 1974",MixBoxSet,35,0,0,BoxSet,,,,,0,"35 CDs, 168pp Hardback Book, Press Pack, 2 Posters, Signed Picture, 128pp Fanclub Letters Book",CSV,,2517
KSCOPE1081,"BRUCE SOORD WITH JONAS RENKSE","WISDOM OF CROWDS",2LP,2,0,0,"Wide Spine",,140,33,Black,0,,OPTIMAL,,2519
SMABX1129,CARAVAN,"WHO DO YOU THINK WE ARE?",MixBoxSet,37,0,0,BoxSet,,,,,0,"35 CD, Blu-ray, DVD | 144pp Hardback Book | 3 Press Packs | 2 Posters | Signed Picture | Family Tree | Map",CSV,,2520
KSCOPE1082,"GIANCARLO ERRA","DEPARTURE TAPES",LP,1,0,0,Gatefold,,180,33,Coloured,0,,OPTIMAL,,2521
KSCOPE682,"GIANCARLO ERRA","DEPARTURE TAPES",CD+DVD,1,0,0,Digipack6,16pp,,,,0,,OPTIMAL,,2523
VILELP869,"MORTA SKULD","SUFFER FOR NOTHING",LP,1,0,0,Gatefold,,180,,Black,0,,OPTIMAL,,2525
CDVILEF869,"MORTA SKULD","SUFFER FOR NOTHING",CD,1,0,0,Jewel,8pp,,,,0,,VDC,,2526
VILELP877,AUTOPSY,"LIVE IN CHICAGO",2LP,2,0,0,Gatefold,,140,33,Black,0,,OPTIMAL,,2527
CDVILEF877,AUTOPSY,"LIVE IN CHICAGO",CD,1,0,0,Jewel,8pp,,,,0,,VDC,,2528
KSCOPE564,"OZRIC TENTACLES","TRAVELLING THE GREAT CIRCLE: PUNGENT EFFULGENT TO JURASSIC SHIFT",MixBoxSet,6,0,0,"Ear book",,,,,0,"6CD + DVD | 80pp Book",OPTIMAL,,2529
KSCOPE1084,"THE PINEAPPLE THIEF","VERSIONS OF THE TRUTH (RED GERMANY)",LP,1,0,0,Single,,180,,Red,0,,OPTIMAL,,2530
KSCOPE1085,"THE PINEAPPLE THIEF","VERSIONS OF THE TRUTH (CLEAR BURNING SHED)",LP,1,0,0,Single,,180,,Clear,0,,OPTIMAL,,2531
KSCOPE1083,"THE PINEAPPLE THIEF","VERSIONS OF THE TRUTH (COLOURED VARIETY)",LP,1,0,0,Single,,180,,Coloured,0,"Variety of Colours",OPTIMAL,,2532
VILELP880,"MY DYING BRIDE","EVINTA MMXX",2LP,2,0,0,Gatefold,,140,,Coloured,0,"LP1 Black / LP2 Red",OPTIMAL,,2533
VILELP879,ISENGARD,VARJEVNDOGN,LP,1,0,0,Single,,180,33,Clear,0,,OPTIMAL,,2535
VILELP876,ISENGARD,VARJEVNDOGN,LP,1,0,0,Single,,180,33,Black,0,,OPTIMAL,,2536
CDVILEF876,ISENGARD,VARJEVNDOGN,CD,1,0,0,Jewel,8pp,,,,0,,VDC,,2538
CDVILEDX882,"CRADLE OF FILTH","MIDNIGHT IN THE LABYRINTH",2CD,2,0,0,Brilliant,4pp,,,,0,,VDC,,2540
KSCOPE546,MANSUN,"CLOSED FOR BUSINESS",MixBoxSet,26,0,0,BoxSet,,,,,0,"24 CDs + 1 DVD; 160 page Hardback Book; 108 page Fanzine Book, 44 page Studio Notes Book; 5 Art Prints; 4 Postcards; Paul Draper Signed Lyric Sheet",CSV,,2541
CDVILEDX872,SIGH,"SCORN DEFEAT",2CD,2,0,0,Brilliant,16pp,,,,0,,VDC,,2542
SMACD1189,"RICK WAKEMAN","THE RED PLANET",CD,1,0,0,Jewel,20pp,,,,0,,SP,,2543
SMALP1189,"RICK WAKEMAN","THE RED PLANET",2LP,2,0,0,Gatefold,,140,,Black,0,,CSV,,2544
KSCOPE679,ANATHEMA,"DISTANT SATELLITES",CD,1,0,0,Digipack4,8pp,,,,0,,VDC,,2545
KSCOPE1078,"OZRIC TENTACLES","SPACE FOR THE EARTH",LP,1,0,0,Single,,180,33,Black,0,,OPTIMAL,,2546
VILELP884,OPETH,"THE ROUNDHOUSE TAPES",3LP,3,0,0,Gatefold,,140,33,Black,0,,OPTIMAL,,2548
CDVILED884,OPETH,"THE ROUNDHOUSE TAPES",2CD+DVD,3,0,0,Digipack6,,,,,0,,TAKT,,2549
SMALP1190,"THE PRETTY THINGS","BARE AS BONE, BRIGHT AS BLOOD (CLEAR AMAZON UK)",LP,1,0,0,Gatefold,2pp,180,33,Clear,0,,OPTIMAL,,2550
KSCOPE1086,"OZRIC TENTACLES","SPACE FOR THE EARTH",LP,1,0,0,Single,,180,33,Turquoise,0,,OPTIMAL,,2552
KSCOPE1087,"OZRIC TENTACLES","SPACE FOR THE EARTH",LP,1,0,0,Single,,180,33,Green,0,,OPTIMAL,,2556
PTNK121CBX,"PORCUPINE TREE","THE DELERIUM YEARS",MixBoxSet,13,0,0,BoxSet,,,,,0,"13 CDs, 136pp Book, 2 Posters",TAKT,,2558
KSCOPE677,"JON GOMM","THE FAINTEST IDEA",CD,1,0,0,Digipack4,16pp,,,,0,,SP,,2559
KSCOPE1076,"JON GOMM","THE FAINTEST IDEA",2LP,1,0,0,Gatefold,,140,33,Black,0,"D Side Etching",OPTIMAL,,2561
KSCOPE558,"JON GOMM","THE FAINTEST IDEA",2CD+DVD,3,0,0,"Ear book",,,,,0,"48 pages",OPTIMAL,,2562
KSCOPE680,"LUNATIC SOUL","THROUGH SHADED WOODS",2CD,2,0,0,"Media book",20pp,,,,0,,TAKT,,2563
SMALP1183,"PRETTY THINGS","PARACHUTE (50th Anniversary Edition)",2LP,2,0,0,Gatefold,4pp,140,33,Black,0,"D-side etching",OPTIMAL,,2564
VILELP885,KATATONIA,"DEAD AIR",2LP,2,0,0,Gatefold,,140,33,Black,0,,OPTIMAL,,2565
CDVILEF885,KATATONIA,"DEAD AIR",2CD+DVD,2,0,0,Digipack8,16pp,,,,0,,SP,,2566
KSCOPE678,"OZRIC TENTACLES","SPACE FOR THE EARTH",CD,1,0,0,Digipack4,,,,,0,,SP,,2567
KSCOPE1092,"THE PINEAPPLE THIEF","THE SOORD SESSIONS VOLUME 4",LP,1,0,0,Single,,180,33,"Dark Green",0,,OPTIMAL,,2568
KSCOPE2207,"LUNATIC SOUL","THROUGH SHADED WOODS (DELUXE)",Digital,1,0,0,Gatefold,,180,33,Green,0,,OPTIMAL,,2569
KSCOPE1090,"LUNATIC SOUL","THROUGH SHADED WOODS",LP,1,0,0,Gatefold,,180,33,Green,0,,OPTIMAL,,2570
KSCOPE1099,"TANGERINE DREAM","VIEWS FROM A RED TRAIN",2LP,2,0,0,Gatefold,,140,33,Black,0,,OPTIMAL,,2571
KSCOPE1098,"TANGERINE DREAM","MALA KUNIA",2LP,2,0,0,Gatefold,,140,33,Black,0,,OPTIMAL,,2572
KSCOPE1097,"TANGERINE DREAM","CHANDRA: THE PHANTOM FERRY - PART 2",2LP,2,0,0,Gatefold,,140,33,Black,0,,OPTIMAL,,2573
KSCOPE1096,"TANGERINE DREAM","CHANDRA: THE PHANTOM FERRY - PART 1",2LP,2,0,0,Gatefold,,140,33,Black,0,,OPTIMAL,,2574
KSCOPE681,"DANIEL TOMPKINS",RUINS,CD,1,0,0,Digipack4,8pp,,,,0,,SP,,2575
KSCOPE683,ULVER,"MESSE I.X-VI.X",CD,1,0,0,Digipack4,8pp,,,,0,,OPTIMAL,,2577
KSCOPE1093,ANATHEMA,"WEATHER SYSTEMS",2LP,2,0,0,Gatefold,,140,33,Black,0,,OPTIMAL,,2578
SMABX1175,NIRVANA,SONGLIFE,LPBox,6,0,0,BoxSet,,140,33,Black,0,"6LP Box | 52pp Perfect Bound Book | Signed Print",OPTIMAL,,2579
VILELP888,MORK,PESTA,12``,1,0,0,Single,,140,33,Black,0,,OPTIMAL,,2580
TRANSM132LBX,"PORCUPINE TREE","OCTANE TWISTED",LPBox,4,0,0,BoxSet,,140,33,Black,0,,OPTIMAL,,2581
USLP1204,"CANCELLED - EVELYN `CHAMPAGNE` KING","DISCO GOLD",2LP,2,0,0,Gatefold,,140,33,Black,0,,OPTIMAL,,2582
USLP1201,"PHYLLIS HYMAN","THE ESSENTIAL",2LP,2,0,0,Gatefold,,140,33,Black,0,,SP,,2584
VILELP889,GEHENNA,"ADIMIRON BLACK",LP,1,0,0,Single,,180,33,Black,0,,OPTIMAL,,2586
CDVILED781,CANDLEMASS,"TALES OF CREATION",CD,1,0,0,Jewel,16pp,,,,0,,VDC,,2587
KSCOPE1111,"THE ANCHORESS","THE ART OF LOSING",2LP,2,0,0,Gatefold,,140,33,Gold,0,,OPTIMAL,,2588
KSCOPE1110,"THE ANCHORESS","THE ART OF LOSING",2LP+7``,3,0,0,Gatefold,,140,33,Black,0,,OPTIMAL,,2589
TRANSM181CD,"PORCUPINE TREE","THE SKY MOVES SIDEWAYS",2CD,2,0,0,Digipack6,,,,,0,,SP,,2590
TRANSM211CD,"PORCUPINE TREE","STUPID DREAM",CD,1,0,0,Digipack4,8pp,,,,0,,SP,,2591
TRANSM221CD,"PORCUPINE TREE","LIGHTBULB SUN",CD,1,0,0,Digipack4,8pp,,,,0,,SP,,2592
TRANSM171CD,"PORCUPINE TREE","UP THE DOWNSTAIR",CD,1,0,0,Digipack4,8pp,,,,0,,SP,,2594
TRANSM172LP,"PORCUPINE TREE","UP THE DOWNSTAIR",2LP,2,0,0,Gatefold,,140,33,Black,0,,OPTIMAL,,2595
TRANSM131CD,"PORCUPINE TREE","OCTANE TWISTED",2CD+DVD,3,0,0,Digipack6,,,,,0,,SP,,2596
KSCOPE566,"OZRIC TENTACLES","VITAMIN ENHANCED",6CD,6,0,0,"Ear book",48pp,,,,0,,OPTIMAL,,2598
KSCOPE1112,ULVER,"WARS OF THE ROSES",LP,1,0,0,Single,,140,,Black,0,,CSV,,2600
SMACDX1207,W.A.S.P.,"DOUBLE LIVE ASSASSINS",2CD,2,0,0,Brilliant,12pp,,,,0,,SP,,2601
KSCOPE1113,"RICHARD BARBIERI","UNDER A SPELL (Red Vinyl)",2LP,2,0,0,Gatefold,,140,33,Red,0,,OPTIMAL,,2603
KSCOPE1109,"RICHARD BARBIERI","UNDER A SPELL",2LP,2,0,0,Gatefold,,140,33,Black,0,,OPTIMAL,,2605
KSCOPE685,"RICHARD BARBIERI","UNDER A SPELL",CD,1,0,0,Digipack4,8pp,,,,0,,SP,,2606
USLP1198,"GLADYS KNIGHT & THE PIPS","THE HITS",2LP,2,0,0,Gatefold,,140,33,Black,0,,OPTIMAL,,2607
SMALP1206,GONG,"LIVE A LONGLAVILLE 27/10/1974",2LP,2,0,0,Gatefold,,140,33,Black,0,,OPTIMAL,,2608
SMACDX1210,"RICK WAKEMAN","THE RED PLANET",CD+DVD,1,0,0,Digipack6,16pp,,,,0,,SP,,2609
VILELP894,MORK,KATEDRALEN,LP,1,0,0,Gatefold,,140,33,Black,0,,TAKT,,2611
VILELP891,CANDLEMASS,"GREEN VALLEY `LIVE`",2LP,2,0,0,Gatefold,,140,33,Black,0,,TAKT,,2612
VILELP900,DARKTHRONE,"UNDER A FUNERAL MOON",LP,1,0,0,Gatefold,2pp,180,33,Silver,0,,OPTIMAL,,2613
CDVILEF894,MORK,KATEDRALEN,CD,1,0,0,Jewel,12pp,,,,0,,VDC,,2614
KSCOPE691,MARILLION,"THIS STRANGE ENGINE",CD,1,0,0,Digipack4,12pp,,,,0,,VDC,,2616
KSCOPE1101,MARILLION,"THIS STRANGE ENGINE",2LP,2,0,0,Gatefold,,140,,Black,0,,OPTIMAL,,2617
KSCOPE1102,MARILLION,RADIATION,2LP,2,0,0,Gatefold,,140,33,Black,0,,OPTIMAL,,2618
KSCOPE692,MARILLION,RADIATION,2CD,2,0,0,Digipack6,,,,,0,,SP,,2619
KSCOPE1103,MARILLION,MARILLION.COM,2LP,2,0,0,Gatefold,,140,33,Black,0,,OPTIMAL,,2621
KSCOPE693,MARILLION,MARILLION.COM,CD,1,0,0,Digipack4,8pp,,,,0,,SP,,2622
KSCOPE1104,MARILLION,ANORAKNOPHOBIA,2LP,2,0,0,Gatefold,,140,33,Black,0,,OPTIMAL,,2624
KSCOPE694,MARILLION,ANORAKNOPHOBIA,CD,1,0,0,Digipack4,8pp,,,,0,,SP,,2626
KSCOPE695,MARILLION,MARBLES,2CD,2,0,0,Digipack6,,,,,0,,VDC,,2628
KSCOPE1105,MARILLION,MARBLES,3LP,3,0,0,Gatefold,8pp,140,33,Black,0,,OPTIMAL,,2629
KSCOPE1106,MARILLION,"SOMEWHERE ELSE",2LP,2,0,0,Gatefold,,140,33,Black,0,,OPTIMAL,,2631
KSCOPE696,MARILLION,"SOMEWHERE ELSE",CD,1,0,0,Digipack4,12pp,,,,0,,SP,,2632
CDVILEF891,CANDLEMASS,"GREEN VALLEY `LIVE`",CD+DVD,2,0,0,Brilliant,12pp,,,,0,,VDC,,2633
TRANSM261CD,"PORCUPINE TREE","THE INCIDENT",CD,1,0,0,Digipack4,8pp,,,,0,,SP,,2634
TRANSM262LP,"PORCUPINE TREE","THE INCIDENT",2LP,2,0,0,Gatefold,,140,33,Black,0,,OPTIMAL,,2636
KSCOPE568,"THE PINEAPPLE THIEF","THE SOORD SESSIONS VOLUMES 1- 4",4CD,4,0,0,"Ear book",48pp,,,,0,,OPTIMAL,,2638
VILELP893,SIGH,"EASTERN DARKNESS",2LP,2,0,0,Gatefold,,140,33,Black,0,,TAKT,,2639
CDVILEDX899,VALKYRJA,CONTAMINATION,CD,1,0,0,Digipack4,16pp,,,,0,,VDC,,2640
VILELP899,VALKYRJA,CONTAMINATION,2LP,2,0,0,Gatefold,,140,33,Black,0,,TAKT,,2641
KSCOPE1100,"DANIEL TOMPKINS",RUINS,LP,1,0,0,Single,,180,33,Black,0,,OPTIMAL,,2643
CDVILEF901,KATATONIA,MNEMOSYNEAN,2CD,2,0,0,"Media book",24pp,,,,0,,TAKT,,2645
VILELP901,KATATONIA,MNEMOSYNEAN,3LP,3,0,0,Gatefold,12pp,140,33,Black,0,,TAKT,,2646
EBVILE024,DARKTHRONE,"SHADOWS OF ICONOCLASM",MixBoxSet,1,0,0,BoxSet,60pp,140,33,Black,0,"6LP, 4MC, 7``, DVD, poster, 10`` print, 2 x postcards",TAKT,,2647
TRANSM251CD,"PORCUPINE TREE","FEAR OF A BLANK PLANET",CD,1,0,0,Digipack4,8pp,,,,0,,SP,,2648
CDVILEF910,DARKTHRONE,"ETERNAL HAILS......",CD,1,0,0,Jewel,8pp,,,,0,,OPTIMAL,,2649
VILELP910,DARKTHRONE,"ETERNAL HAILS......",LP,1,0,0,Single,,180,33,Black,0,,OPTIMAL,,2651
VILEMC910,DARKTHRONE,"ETERNAL HAILS......",Cassette,1,0,0,Jewel,,,,,0,"4 panel inlay",Fairview,,2653
KSCOPE690,GAZPACHO,"FIREWORKING AT ST.CROIX",CD,1,0,0,Digipack4,16pp,,,,0,,SP,,2654
KSCOPE1119,GAZPACHO,"FIREWORKING AT ST.CROIX",2LP,2,0,0,Gatefold,2pp,140,33,Black,0,,OPTIMAL,,2656
KSCOPE571,GAZPACHO,"FIREWORKING AT ST.CROIX",Blu-ray,1,0,0,Amaray,20pp,,,,0,,OPTIMAL,,2658
KSCOPE570,GAZPACHO,"FIREWORKING AT ST.CROIX",MixBoxSet,4,0,0,"Ear book",48pp,,,,0,"BD + DVD + 2CD",OPTIMAL,,2660
VILELP887,PITCHSHIFTER,INDUSTRIAL,LP,1,0,0,Single,,180,33,Black,0,,TAKT,,2661
CDVILED914,"DIABOLICAL MASQUERADE","RAVENDUSK IN MY HEART",CD,1,0,0,Jewel,8pp,,,,0,,OPTIMAL,,2663
CDVILED915,"DIABOLICAL MASQUERADE","THE PHANTOM LODGE",CD,1,0,0,Jewel,8pp,,,,0,,OPTIMAL,,2664
CDVILED916,"DIABOLICAL MASQUERADE",NIGHTWORK,CD,1,0,0,Jewel,4pp,,,,0,,SP,,2665
CDVILED917,"DIABOLICAL MASQUERADE","DEATH`S DESIGN",CD,1,0,0,Jewel,4pp,,,,0,,SP,,2666
SMABX1176,"LAURA NYRO","AMERICAN DREAMER",MixBoxSet,8,0,0,BoxSet,,140,33,Black,0,,OPTIMAL,,2667
VILELP438,GODKILLER,"THE REBIRTH OF THE MIDDLE AGES EP",LP,1,0,0,Single,,180,33,Black,0,,TAKT,,2669
KSCOPE687,"WHITE MOTH BLACK BUTTERFLY","THE COST OF DREAMING",CD,1,0,0,Digipack6,16pp,,,,0,,SP,,2671
KSCOPE567,TESSERACT,PORTALS,MixBoxSet,4,0,0,,48pp,,,,0,"2CD+BD+DVD window style hard cover outer with 48pp perfect bound book in rigid slipcase",TAKT,,2672
KSCOPE569,TESSERACT,PORTALS,Blu-ray,1,0,0,Amaray,16pp,,,,0,,OPTIMAL,,2674
KSCOPE689,TESSERACT,PORTALS,2CD,2,0,0,Digipack6,20pp,,,,0,,OPTIMAL,,2676
KSCOPE1115,TESSERACT,PORTALS,3LP,3,0,0,Gatefold,,140,33,Black,0,,OPTIMAL,,2677
KSCOPE1114,"WHITE MOTH BLACK BUTTERFLY","THE COST OF DREAMING",LP,1,0,0,Single,,180,33,Black,0,,OPTIMAL,,2678
VILELP902,KATATONIA,"MNEMOSYNEAN (WHITE VINYL)",3LP,3,0,0,Gatefold,12pp,140,33,White,0,,TAKT,,2679
KSCOPE722,KLONE,"LE GRAND VOYAGE",CD,1,0,0,Digipack4,8pp,,,,0,,OPTIMAL,,2681
VILELP922,CANDLEMASS,"GREEN VALLEY `LIVE` (GREEN VINYL)",2LP,2,0,0,Gatefold,,140,33,Green,0,,TAKT,,2682
KSCOPE1117,MANSUN,"CLOSED FOR BUSINESS (SEVEN EP)",12``,1,0,0,Single,,180,33,Clear,0,,OPTIMAL,,2684
TRANSM222LP,"PORCUPINE TREE","LIGHTBULB SUN",2LP,2,0,0,Gatefold,,140,33,Black,0,,OPTIMAL,,2686
CDVILED921,KATATONIA,"NIGHT IS THE NEW DAY",CD,1,0,0,Jewel,12pp,,,,0,,OPTIMAL,,2687
KSCOPE686,"GLEB KOLYADIN","GLEB KOLYADIN (EXPANDED)",CD,1,0,0,Digipack4,8pp,,,,0,,SP,,2689
VILELP911,DARKTHRONE,"ETERNAL HAILS....... (PICTURE DISC)",LP,1,0,0,Single,,140,33,"Picture Disc",0,,OPTIMAL,,2691
VILELP912,DARKTHRONE,"ETERNAL HAILS...... (GOLD VINYL - SWEDEN)",LP,1,0,0,Single,,180,33,Gold,0,,OPTIMAL,,2692
VILELP913,DARKTHRONE,"ETERNAL HAILS...... (OXBLOOD VINYL)",LP,1,0,0,Single,,180,33,Coloured,0,,OPTIMAL,,2694
VILELP923,DARKTHRONE,"ETERNAL HAILS...... (MARBLE - PEACEVILLE)",LP,1,0,0,Single,,180,33,Marble,0,,OPTIMAL,,2696
VILELP924,DARKTHRONE,"ETERNAL HAILS...... (GREEN - USA)",LP,1,0,0,Single,,180,33,Green,0,,OPTIMAL,,2697
VILELP925,DARKTHRONE,"ETERNAL HAILS...... (SILVER - EDEL)",LP,1,0,0,Single,,180,33,Silver,0,,OPTIMAL,,2698
VILELP926,DARKTHRONE,"ETERNAL HAILS...... (BLUE - NORWAY)",LP,1,0,0,Single,,180,33,Blue,0,,OPTIMAL,,2700
EBVILE026,DARKTHRONE,"ETERNAL HAILS......",MixBoxSet,4,0,0,BoxSet,,180,33,Purple,0,"LP / CD / MC",OPTIMAL,,2702
KSCOPE1120,"THE HELICOPTER OF THE HOLY GHOST",AFTERS,LP,1,0,0,Single,,140,,Black,0,,OPTIMAL,,2703
KSCOPE1123,KLONE,"ALIVE (SILVER VINYL)",2LP,2,0,0,Gatefold,2pp,140,33,Silver,0,,OPTIMAL,,2705
KSCOPE1116,KLONE,ALIVE,2LP,2,0,0,Gatefold,2pp,140,33,Black,0,,OPTIMAL,,2707
KSCOPE688,KLONE,ALIVE,CD,1,0,0,Digipack4,16pp,,,,0,,SP,,2709
KSCOPE1121,TRIFECTA,FRAGMENTS,LP,1,0,0,Single,,180,33,Black,0,,OPTIMAL,,2711
KSCOPE720,TRIFECTA,FRAGMENTS,CD,1,0,0,SleevePac,,,,,0,,SP,,2713
CDVILED927,DARKTHRONE,"OLD STAR",CD,1,0,0,Jewel,8pp,,,,0,,OPTIMAL,,2715
TRANSM272LP,"PORCUPINE TREE",RECORDINGS,2LP,2,0,0,Gatefold,,140,33,Black,0,,CSV,,2717
VILELP918,ULVER,"THEMES FROM WILLIAM BLAKE`S THE MARRIAGE OF HEAVEN AND HELL (Red & White)",2LP,2,0,0,Gatefold,,140,33,Coloured,0,"Red & White Vinyl",TAKT,,2719
VILELP919,ULVER,"THEMES FROM WILLIAM BLAKE`S THE MARRIAGE OF HEAVEN AND HELL (Red)",2LP,2,0,0,Gatefold,,140,33,Red,0,,TAKT,,2720
VILELP920,ULVER,"THEMES FROM WILLIAM BLAKE`S THE MARRIAGE OF HEAVEN AND HELL (White)",2LP,2,0,0,Gatefold,,140,33,White,0,,TAKT,,2721
CDVILEF918,ULVER,"THEMES FROM WILLIAM BLAKE`S THE MARRIAGE OF HEAVEN AND HELL",2CD,2,0,0,Digipack6,24pp,,,,0,,SP,,2722
CDVILED887,PITCHSHIFTER,INDUSTRIAL,CD,1,0,0,Jewel,8pp,,,,0,,VDC,,2723
SMACD1215,"WISHBONE ASH","PORTSMOUTH 1980",2CD,2,0,0,SleevePac,,,,,0,,OPTIMAL,,2724
SMALP1215,"WISHBONE ASH","PORTSMOUTH 1980",2LP,2,0,0,"Wide Spine",,140,33,Black,0,,SP,,2725
SMALP1216,"STEVE HILLAGE","THE GLASTONBURY EXPERIENCE (LIVE 1979)",2LP,2,0,0,Gatefold,,140,33,Black,0,,TAKT,,2727
KSCOPE1134,TRIFECTA,"FRAGMENTS (Orange Vinyl)",LP,1,0,0,Single,,180,33,"Neon Orange",0,,OPTIMAL,,2728
SMABX1129P,CARAVAN,"WHO DO YOU THINK WE ARE? (PROMO CD SAMPLER)",CD,1,0,0,Single,,,,,0,,OPTIMAL,,2729
TRANSM271CD,"PORCUPINE TREE",RECORDINGS,CD,1,0,0,Digipack4,8pp,,,,0,,SP,,2730
CDVILED933,"MORTA SKULD","WOUNDS DEEPER THAN TIME",CD,1,0,0,Jewel,20pp,,,,0,,SP,,2731
VILELP817,MORTEM,"SLOW DEATH",LP+7``,2,0,0,Single,,140,33,Black,0,,TAKT,,2732
KSCOPE725,ANATHEMA,"THE OPTIMIST",CD,1,0,0,Digipack4,16pp,,,,0,,SP,,2733
KSCOPE718,"TIM BOWNESS & GIANCARLO ERRA","MEMORIES OF MACHINES",CD+DVD,2,0,0,Digipack6,,,,,0,,SP,,2734
KSCOPE1118,"TIM BOWNESS & GIANCARLO ERRA","MEMORIES OF MACHINES",2LP,2,0,0,Gatefold,,140,33,Black,0,,OPTIMAL,,2735
CDVILED844,CANCER,"DEATH SHALL RISE",2CD,2,1,0,Brilliant,16pp,,,,0,,VDC,,2736
CDVILED843,CANCER,"TO THE GORY END",2CD,2,1,0,Jewel,8pp,,,,0,,VDC,,2737
CDVILED845,CANCER,"THE SINS OF MANKIND",CD,1,1,0,Jewel,8pp,,,,0,,VDC,,2738
KSCOPE1133,"GAVIN HARRISON","SANITY & GRAVITY",LP,1,0,0,Single,,140,33,Black,0,,SP,,2739
KSCOPE719,"OZRIC TENTACLES","SPACE FOR THE EARTH (THE TOUR THAT DIDN`T HAPPEN EDITION)",2CD,2,1,0,Digipack4,,,,,0,"2 x Digi in Slipcase",SP,,2740
KSCOPE699,"THE HELICOPTER OF THE HOLY GHOST",AFTERS,CD,1,0,0,Digipack4,,,,,0,,OPTIMAL,,2741
KSCOPE1136,"THE PINEAPPLE THIEF","NOTHING BUT THE TRUTH",2LP,2,0,0,Gatefold,4pp,140,33,Black,0,,OPTIMAL,,2742
KSCOPE736,"THE PINEAPPLE THIEF","NOTHING BUT THE TRUTH",2CD,2,0,0,Digipack6,16pp,,,,0,,OPTIMAL,,2743
TRANSM252LP,"PORCUPINE TREE","FEAR OF A BLANK PLANET",2LP,2,0,0,Gatefold,,140,33,Black,0,,OPTIMAL,,2744
VILELP936,KATATONIA,"DETHRONED & UNCROWNED",2LP,2,0,0,Gatefold,,140,33,Black,0,,OPTIMAL,,2745
CDVILED936,KATATONIA,"DETHRONED & UNCROWNED",CD,1,0,0,Jewel,8pp,,,,0,,VDC,,2746
KSCOPE1138,GONG,"ZERO TO INFINITY",2LP,2,0,0,Single,,140,,Black,0,,TAKT,,2747
KSCOPE576,"THE PINEAPPLE THIEF","NOTHING BUT THE TRUTH",Blu-ray,1,0,0,Amaray,20pp,,,,0,,OPTIMAL,,2748
KSCOPE575,"THE PINEAPPLE THIEF","NOTHING BUT THE TRUTH",MixBoxSet,4,0,0,"Ear book",60pp,,,,0,2CD+BD+DVD,OPTIMAL,,2749
TRANSM212LP,"PORCUPINE TREE","STUPID DREAM",2LP,2,0,0,Gatefold,,140,33,Black,0,,OPTIMAL,,2750
EBVILE025,"PARADISE LOST","THE LOST AND THE PAINLESS",MixBoxSet,7,0,0,"Ear book",,,,,0,"6CD + DVD; 96pp Book",OPTIMAL,,2751
TRANSM151CD,"PORCUPINE TREE","ON THE SUNDAY OF LIFE",CD,1,0,0,Digipack4,8pp,,,,0,,SP,,2752
TRANSM161CD,"PORCUPINE TREE","VOYAGE 34",CD,1,0,0,Digipack4,8pp,,,,0,,SP,,2753
TRANSM191CD,"PORCUPINE TREE",SIGNIFY,CD,1,0,0,Digipack4,8pp,,,,0,,SP,,2754
TRANSM201CD,"PORCUPINE TREE","COMA DIVINE",2CD,2,0,0,Digipack6,,,,,0,,SP,,2755
TRANSM281CD,"PORCUPINE TREE","NIL RECURRING",CD,1,0,0,Digipack4,8pp,,,,0,,SP,,2756
KSCOPE717,"JON GOMM","SECRETS NOBODY KEEPS",CD,1,0,0,Digipack4,16pp,,,,0,,SP,,2757
VILELP944,VALKYRJA,"THRONE ABLAZE",LP,1,0,0,Gatefold,,140,,Black,0,,TAKT,,2758
SMALP1212,CARAVAN,"IT`S NONE OF YOUR BUSINESS",LP,1,0,0,Single,,140,,Black,0,,TAKT,,2759
SMACD1212,CARAVAN,"IT`S NONE OF YOUR BUSINESS",CD,1,0,0,Digipack4,8pp,,,,0,,SP,,2760
SMACD1216,"STEVE HILLAGE","THE GLASTONBURY EXPERIENCE (LIVE 1979)",CD,2,0,0,"Media book",24pp,,,,0,,TAKT,,2761
TRANSM232LP,"PORCUPINE TREE","IN ABSENTIA",2LP,2,0,0,Gatefold,,140,33,Black,0,,OPTIMAL,,2762
CDVILED438,GODKILLER,"THE REBIRTH OF THE MIDDLE AGES EP",CD,1,0,0,Jewel,4pp,,,,0,,VDC,,2763
EBVILE028,CANDLEMASS,"EPICUS DOOMICUS METALLICUS (3LP SET)",3LP,3,1,0,BoxSet,,140,,Black,0,,TAKT,,2764
VILELP945,KATATONIA,"BRAVE MURDER DAY",LP,1,0,0,Single,,140,33,Clear,0,"crystal clear vinyl",OPTIMAL,,2765
TRANSM192LP,"PORCUPINE TREE",SIGNIFY,2LP,2,0,0,Gatefold,,140,33,Black,0,,OPTIMAL,,2766
SMALP1219,CARAVAN,"IT`S NONE OF YOUR BUSINESS (Blue Vinyl)",LP,1,0,0,Single,,180,33,Blue,0,,TAKT,,2767
SMALP1218,CARAVAN,"IT`S NONE OF YOUR BUSINESS (Red Vinyl)",LP,1,0,0,Single,,180,33,Red,0,,TAKT,,2768
SMABX1213,HORSLIPS,"MORE THAN YOU CAN CHEW",MixBoxSet,35,0,0,BoxSet,,,,,0,"33CDs | 2DVDs | Hardback Book | Lyric Book | Poster | Signed Photos | 12 Postcards",CSV,,2769
KSCOPE1141,TESSERACT,POLARIS,"LP Picture Disc",1,0,0,Single,,,,"Picture Disc",0,,CSV,,2770
KSCOPE1142,MANSUN,"ATTACK OF THE GREY LANTERN","LP Picture Disc",1,0,0,Single,,,,"Picture Disc",0,,CSV,,2771
SMALP1217,W.A.S.P.,"I WANNA BE SOMEBODY","12`` Picture Disc",1,0,0,Single,,,,"Picture Disc",0,,CSV,,2772
TRANSM241CD,"PORCUPINE TREE",DEADWING,CD,1,0,0,Digipack4,8pp,,,,0,,SP,,2773
TRANSM242LP,"PORCUPINE TREE",DEADWING,2LP,2,0,0,Gatefold,,140,33,Black,0,,OPTIMAL,,2774
VILELP947,"MORTUARY DRAPE","WISDOM - VIBRATION - REPENT",12``,1,0,0,Single,,140,45,Purple,0,,TAKT,,2775
CDVILEF947,"MORTUARY DRAPE","WISDOM - VIBRATION - REPENT",CD,1,0,0,Jewel,8pp,,,,0,"8pp Poster Book",VDC,,2776
VILELP909,BEHEMOTH,"ANTICHRISTIAN PHENOMENON",LP,1,0,0,Single,,140,45,Coloured,0,,TAKT,,2777
SMACD1206,GONG,"LIVE A LONGLAVILLE 27/10/1974",2CD,2,0,0,Digipack6,12pp,,,,0,"Poster Book",SP,,2778
KSCOPE743,GONG,"PULSING SIGNALS",2CD,2,0,0,Digipack6,8pp,,,,0,,SP,,2779
KSCOPE1143,GONG,"PULSING SIGNALS",2LP,2,0,0,Gatefold,,140,,Black,0,,TAKT,,2780
TRANSM231CD,"PORCUPINE TREE","IN ABSENTIA",CD,1,0,0,Digipack4,8pp,,,,0,,SP,,2781
KSCOPE1137,TESSERACT,PORTALS,3LP,3,0,0,Gatefold,,140,33,Blue,0,,OPTIMAL,,2782
CDVILED945,KATATONIA,"BRAVE MURDER DAY",2CD,2,0,0,Jewel,24pp,,,,0,,VDC,,2783
KSCOPE1022,"PAUL DRAPER","CULT LEADER TACTICS (standard vinyl)",LP,1,0,0,Single,,140,33,Black,0,,OPTIMAL,,2784
KSCOPE1158,"PAUL DRAPER","CULT LEADER TACTICS (violet vinyl)",LP,1,0,0,Gatefold,,,33,Purple,0,,OPTIMAL,,2785
KSCOPE1146,"PAUL DRAPER","CULT LEADER TACTICS (clear vinyl)",LP,1,0,0,Gatefold,,140,33,Clear,0,,OPTIMAL,,2786
KSCOPE636,"PAUL DRAPER","CULT LEADER TACTICS",CD,1,0,0,Digipack4,16pp,,,,0,,SP,,2787
KSCOPE1161,"PAUL DRAPER","CULT LEADER TACTICS (gatefold + 7``)",LP+7``,1,0,0,Gatefold,,140,33,Black,0,,OPTIMAL,,2788
KSCOPE574,"PAUL DRAPER","CULT LEADER TACTICS",MixBoxSet,4,0,0,"Ear book",60pp,,,,0,,OPTIMAL,,2789
VILELP946,"STATIC ABYSS","LABYRINTH OF VEINS",LP,1,0,0,Single,,140,33,Black,0,,TAKT,,2790
KSCOPE1145,"TANGERINE DREAM","PROBE 6-8",12``,1,0,0,Single,,140,33,Black,0,,OPTIMAL,,2792
KSCOPE735,"TANGERINE DREAM","PROBE 6-8",CD,1,0,0,Digipack4,4pp,,,,0,,OPTIMAL,,2793
VILELP820,"OPERA IX","SACRO CULTO",2LP,2,0,0,Gatefold,,140,33,Black,0,,TAKT,,2794
KSCOPE1050,"PAUL DRAPER","CULT LEADER TACTICS (green vinyl)",LP,1,0,0,Gatefold,,140,33,Green,0,,OPTIMAL,,2795
VILELP950,KHOLD,PHANTOM,LP,1,0,0,Single,,140,33,Black,0,,TAKT,,2796
VILELP328,KHOLD,"MASTERPISS OF PAIN",LP,1,0,0,Single,,140,33,Black,0,,TAKT,,2797
KSCOPE572,"TANGERINE DREAM","LA DIVINA COMMEDIA",MixBoxSet,6,0,0,"Ear book",60pp,,,,0,"5CD + DVD",OPTIMAL,,2798
TRANSM243BX,"PORCUPINE TREE",DEADWING,MixBoxSet,4,0,0,"Ear book",,,,,0,"3CD + Blu-ray | 108 page hardback book",OPTIMAL,,2799
KSCOPE726,"OZRIC TENTACLES","PUNGENT EFFULGENT",CD,1,0,0,Digipack4,4pp,,,,0,,OPTIMAL,,2800
KSCOPE727,"OZRIC TENTACLES",ERPLAND,CD,1,0,0,Digipack4,4pp,,,,0,,OPTIMAL,,2801
KSCOPE728,"OZRIC TENTACLES",STRANGEITUDE,CD,1,0,0,Digipack4,4pp,,,,0,,OPTIMAL,,2802
KSCOPE729,"OZRIC TENTACLES","JURASSIC SHIFT",CD,1,0,0,Digipack4,8pp,,,,0,,OPTIMAL,,2803
KSCOPE581,"STEVEN WILSON","GET ALL YOU DESERVE",CD+Blu-ray,3,0,0,Digipack6,,,,,0,2CD+BD,SP,,2804
CDVILEDX935,"MY DYING BRIDE","FOR DARKEST EYES",CD+DVD,2,0,0,Brilliant,12pp,,,,0,,SP,,2806
CDVILEDX817,MORTEM,"SLOW DEATH",2CD,2,0,0,Single,16pp,,,,0,,SP,,2807
KSCOPE744,"ENVY OF NONE","ENVY OF NONE",CD,1,0,0,Digipack4,16pp,,,,0,"16 page poster book",SP,,2808
KSCOPE1144,"ENVY OF NONE","ENVY OF NONE",LP,1,0,0,Single,,140,33,Black,0,,OPTIMAL,,2809
KSCOPE1154,"ENVY OF NONE","ENVY OF NONE (Blue Vinyl)",LP,1,0,0,Single,,140,33,Blue,0,,,,2810
KSCOPE1164,"ENVY OF NONE","ENVY OF NONE (White Vinyl)",LP,1,0,0,Single,,140,33,White,0,,OPTIMAL,,2811
VILELP874,ANATHEMA,"A VISION OF A DYING EMBRACE",LP,1,0,0,Single,,140,33,Black,0,,SP,,2812
VILELP935,"MY DYING BRIDE","FOR DARKEST EYES",2LP,2,0,0,Gatefold,,140,33,Black,0,,SP,,2813
KSCOPE724,"GAVIN HARRISON","SANITY & GRAVITY",CD,1,0,0,Digipack4,,,,,0,,SP,,2814
KSCOPE730,"PAUL DRAPER","CULT LEADER TACTICS",Cassette,1,0,0,Jewel,,,,,0,,Fairview,,2815
KSCOPE731,"PAUL DRAPER","CULT LEADER TACTICS (Alt. CD)",CD,1,0,0,Digipack4,16pp,,,,0,,SP,,2816
EBVILE023,BLOODBATH,"ERYTHROPSIA (EARBOOK)",5CD,5,0,0,"Ear book",,,,,0,"96 Page Book",OPTIMAL,,2817
VILELP956,"PARADISE LOST","GOTHIC EP",LP,1,0,0,Single,,140,45,Black,0,,SP,,2818
KSCOPE733,"THE ANCHORESS","THE ART OF LOSING (expanded)",CD,1,0,0,SleevePac,24pp,,,,0,"4pp Digi Sleeve",SP,,2819
KSCOPE742,"OZRIC TENTACLES","THE BITS BETWEEN THE BITS",CD,1,0,0,Digipack4,,,,,0,,SP,,2820
TRANSM311CD,"PORCUPINE TREE","ARRIVING SOMEWHERE",CD+Blu-ray,3,0,0,Digipack6,,,,,0,"2CD + Blu-ray",SP,,2821
TRANSM321CD,"PORCUPINE TREE",ANESTHETIZE,2CD+DVD,3,0,0,Digipack6,,,,,0,,SP,,2822
SMALP1196,NIRVANA,SECRETS,LP,1,0,0,Single,,140,33,Green,0,,OPTIMAL,,2823
KSCOPE1019,"TANGERINE DREAM",RAUM,2LP,2,0,0,Gatefold,,140,33,Black,0,,OPTIMAL,,2824
KSCOPE633,"TANGERINE DREAM",RAUM,CD,1,0,0,Digipack4,12pp,,,,0,,SP,,2825
KSCOPE737,"OZRIC TENTACLES",ERPSONGS,CD,1,0,0,Digipack4,,,,,0,,VDC,,2826
KSCOPE738,"OZRIC TENTACLES","TANTRIC OBSTACLES",CD,1,0,0,Digipack4,,,,,0,,VDC,,2827
KSCOPE739,"OZRIC TENTACLES","LIVE ETHEREAL CEREAL",CD,1,0,0,Digipack4,,,,,0,,VDC,,2828
KSCOPE740,"OZRIC TENTACLES","THERE IS NOTHING",CD,1,0,0,Digipack4,,,,,0,,VDC,,2829
KSCOPE741,"OZRIC TENTACLES","SLIDING GLIDING WORLDS",CD,1,0,0,Digipack4,,,,,0,,VDC,,2830
KSCOPE582,"ENVY OF NONE","ENVY OF NONE (Special Edition)",LP+CD,3,0,0,Gatefold,,140,33,Blue,0,"Gatefold with 2CD, LP, 28pp Book in Ocard",OPTIMAL,,2832
VILELP958,DODHEIMSGARD,"666 INTERNATIONAL",LP,1,0,0,Single,,140,33,Black,0,,VDC,,2833
KSCOPE1150,"PAUL DRAPER","CULT LEADER TACTICS (picture disc)",LP,1,0,0,Single,,,,"Picture Disc",0,,OPTIMAL,,2834
CDVILED893,SIGH,"EASTERN DARKNESS",2CD,2,0,0,Jewel,12pp,,,,0,,VDC,,2835
VILELP960,DOOM,"WAR CRIMES ( INHUMAN BEINGS )",LP,1,0,0,Single,,140,33,Black,0,,OPTIMAL,,2836
VILELP964,THORNS,THORNS,LP,1,0,0,Single,,140,33,Black,0,,OPTIMAL,,2838
SMABX1161,"WISHBONE ASH","LIVING PROOF (Live Recordings 1976-1980)",LPBox,10,0,0,BoxSet,60pp,140,33,Black,0,"10LP | 5 x gatefold | 2 x Slipcase | Replica Newspaper | Numbered Certificate",CSV,,2839
KSCOPE1147,"TANGERINE DREAM","RAUM (Orange Vinyl)",2LP,2,0,0,Gatefold,,140,33,Orange,0,,OPTIMAL,,2840
TRANSM152LP,"PORCUPINE TREE","ON THE SUNDAY OF LIFE",2LP,2,0,0,Gatefold,,140,33,Black,0,,OPTIMAL,,2841
CDVILEF946,"STATIC ABYSS","LABYRINTH OF VEINS",CD,1,1,0,Jewel,8pp,,,,0,,VDC,,2842
TRANSM182LP,"PORCUPINE TREE","THE SKY MOVES SIDEWAYS",2LP,2,0,0,Gatefold,,140,33,Black,0,,OPTIMAL,,2843
KSCOPE734,GONG,"THE UNIVERSE ALSO COLLAPSES",CD,1,0,0,Digipack4,8pp,,,,0,,SP,,2844
KSCOPE745,TESSERACT,POLARIS,CD,1,0,0,Digipack4,12pp,,,,0,,SP,,2845
KSCOPE1167,"MARIUSZ DUDA","LOCKDOWN SPACES",LP,1,0,0,Gatefold,,140,33,Black,0,,OPTIMAL,,2846
KSCOPE1166,"MARIUSZ DUDA","CLAUSTROPHOBIC UNIVERSE (COLOURED VINYL)",LP,1,0,0,Gatefold,,140,33,Clear,0,,OPTIMAL,,2847
KSCOPE1165,"MARIUSZ DUDA","INTERIOR DRAWINGS (ORANGE VINYL)",LP,1,0,0,Gatefold,,140,33,Coloured,0,,OPTIMAL,,2848
KSCOPE755,"MARIUSZ DUDA","INTERIOR DRAWINGS",CD,1,0,0,Digipack4,,,,,0,,SP,,2849
KSCOPE1155,"MARIUSZ DUDA","INTERIOR DRAWINGS",LP,1,0,0,Gatefold,,140,,Black,0,,OPTIMAL,,2852
KSCOPE583,"MARIUSZ DUDA","LOCKDOWN TRILOGY",4CD,4,0,0,"Ear book",48pp,,,,0,,OPTIMAL,,2853
KSCOPE756,"MARIUSZ DUDA","CLAUSTROPHOBIC UNIVERSE",CD,1,0,0,Digipack4,,,,,0,,SP,,2854
KSCOPE757,"MARIUSZ DUDA","LOCKDOWN SPACES",CD,1,0,0,Digipack4,,,,,0,,SP,,2855
KSCOPE1159,"LUNATIC SOUL","LUNATIC SOUL",LP,1,0,0,Single,,140,33,Black,0,,CSV,,2856
KSCOPE1168,"OZRIC TENTACLES","JURASSIC SHIFT (2020 ED WYNNE REMASTER)",LP,1,0,0,Single,,140,33,Black,0,,OPTIMAL,,2857
KSCOPE1169,"OZRIC TENTACLES","PUNGENT EFFULGENT (2020 ED WYNNE REMASTER)",LP,1,0,0,Single,,140,44,Black,0,,OPTIMAL,,2858
KSCOPE1170,"OZRIC TENTACLES","STRANGEITUDE (2020 ED WYNNE REMASTER)",LP,1,0,0,Single,,140,33,Black,0,,OPTIMAL,,2859
VILELP959,DARKTHRONE,"ASTRAL FORTRESS (Black)",LP,1,0,0,Single,,140,33,Black,0,,OPTIMAL,,2860
VILELP976,"MY DYING BRIDE","TURN LOOSE THE SWANS",LP,1,0,0,Single,,140,33,Black,0,,CSV,,2861
VILELP977,CANDLEMASS,"ANCIENT DREAMS",LP,1,0,0,Single,,140,33,Black,0,,CSV,,2862
KSCOPE1172,"THE PINEAPPLE THIEF","GIVE IT BACK",LP,1,0,0,Single,,140,33,Black,0,,OPTIMAL,,2863
VILELP980,BLOODBATH,"NIGHTMARES MADE FLESH",LP,1,0,0,Single,,140,33,Black,0,,OPTIMAL,,2864
VILELP979,BLOODBATH,"RESURRECTION THROUGH CARNAGE",LP,1,0,0,Single,,140,33,Black,0,,OPTIMAL,,2865
VILELP978,BLOODBATH,"BREEDING DEATH",LP,1,0,0,Single,,140,33,Black,0,,OPTIMAL,,2866
VILELP962,ANATHEMA,"THE SILENT ENIGMA",LP,1,0,0,Single,,140,33,Black,0,,CSV,,2867
VILELP988,BLOODBATH,"BREEDING DEATH (RED VINYL)",LP,1,0,0,Single,,140,33,Red,0,,OPTIMAL,,2868
VILELP989,BLOODBATH,"RESURRECTION THROUGH CARNAGE (SILVER VINYL)",LP,1,0,0,Single,,140,33,Silver,0,,OPTIMAL,,2869
VILELP990,BLOODBATH,"NIGHTMARES MADE FLESH (ORANGE VINYL)",LP,1,0,0,Single,,140,33,Orange,0,,OPTIMAL,,2870
VILELP981,KATATONIA,"CITY BURIALS",LP,1,0,0,Single,,140,33,Black,0,"Half-Speed Master",SP,,2871
KSCOPE1174,"OZRIC TENTACLES","BECOME THE OTHER (2020 ED WYNNE REMASTER)",LP,1,0,0,Single,,140,33,Black,0,,SP,,2873
VILELP968,SIGH,"EASTERN DARKNESS",LP,1,0,0,Single,,140,33,Black,0,,TAKT,,2874
KSCOPE584,"THE PINEAPPLE THIEF","GIVE IT BACK",CD+Blu-ray,2,0,0,Digipack6,12pp,,,,0,,OPTIMAL,,2875
KSCOPE747,"THE PINEAPPLE THIEF","GIVE IT BACK",CD,1,0,0,Digipack4,8pp,,,,0,,SP,,2876
VILELP957,CANCER,"TO THE GORY END",LP,1,0,0,Single,,140,33,Yellow,0,,SP,,2877
SMALP1234,"CARL PERKINS & FRIENDS","BLUE SUEDE SHOES - A ROCKABILLY SESSION",LP,1,0,0,Single,,140,33,Black,0,,VDC,,2878
SMABX1181P,"AL STEWART","THE ADMIRALTY LIGHTS: THE ULTIMATE AL STEWART COLLECTION",CD,1,0,0,Single,,,,,0,,OPTIMAL,,2879
VILELP948,SIGH,SHIKI,LP,1,0,0,Gatefold,,140,33,Black,0,,OPTIMAL,,2880
KSCOPE1175,MANSUN,"ATTACK OF THE GREY LANTERN",LP,1,0,0,Single,,140,33,Black,0,,CSV,,2881
TRANSM162LP,"PORCUPINE TREE","VOYAGE 34",2LP,2,0,0,Gatefold,,140,33,Black,0,,OPTIMAL,,2882
VILELP971,DARKTHRONE,"THE UNDERGROUND RESISTANCE",LP,1,0,0,Single,,140,33,Black,0,,OPTIMAL,,2883
KSCOPE1171,"OZRIC TENTACLES","ARBORESCENCE (2020 ED WYNNE REMASTER)",LP,1,0,0,Single,,140,33,Black,0,,OPTIMAL,,2884
VILELP798,"THE GATHERING",ALWAYS...,LP,1,0,0,Single,,140,33,White,0,,OPTIMAL,,2885
VILELP953,DARKTHRONE,"A BLAZE IN THE NORTHERN SKY (WHITE)",LP,1,0,0,Single,,140,33,White,0,,OPTIMAL,,2887
VILELP954,DARKTHRONE,"A BLAZE IN THE NORTHERN SKY (CLEAR - HANDMADE SLEEVE)",LP,1,0,0,Single,,140,33,Clear,0,,OPTIMAL,,2888
CDVILED986,HELLRIPPER,"THE AFFAIR OF THE POISONS",CD,1,0,0,Jewel,8pp,,,,0,,VDC,,2891
VILELP951,"PROPHECY OF DOOM","ACKNOWLEDGE THE CONFUSION MASTER",LP,1,0,0,Single,,140,33,Black,0,,CSV,,2892
VILELP987,KATATONIA,"BRAVE MURDER DAY",LP,1,0,0,Single,,140,33,Black,0,,OPTIMAL,,2893
SMALP1233,"MOTT THE HOOPLE","ALL THE YOUNG DUDES (ORANGE VINYL)",2LP,2,0,0,Gatefold,24pp,140,33,Orange,0,,OPTIMAL,,2894
SMABX1233,"MOTT THE HOOPLE","ALL THE YOUNG DUDES - 50TH ANNIVERSARY DELUXE EDITION",MixBoxSet,5,1,0,BoxSet,Other,140,33,Black,0,"72pp Hardback Book in Slipcase with 2CD+2LP+12``",TAKT,,2895
KSCOPE1160,"LUNATIC SOUL","LUNATIC SOUL II",LP,1,0,0,Single,,140,33,Black,0,,OPTIMAL,,2896
TRANSM282LP,"PORCUPINE TREE","NIL RECURRING",LP,1,0,0,Single,,140,33,Black,0,,OPTIMAL,,2897
VILELP937,MAYHEM,"PFA DEMOS",LP,1,0,0,Single,,140,33,Black,0,,OPTIMAL,,2901
KSCOPE1173,"ED WYNNE AND GRE VANDERLOO","TUMBLING THROUGH THE FLOATIVERSE (Blue Vinyl)",LP,1,0,0,Single,,140,33,Blue,0,,OPTIMAL,,2902
KSCOPE1176,"ED WYNNE AND GRE VANDERLOO","TUMBLING THROUGH THE FLOATIVERSE",LP,1,0,0,Single,,140,33,Black,0,,OPTIMAL,,2903
KSCOPE766,"ED WYNNE AND GRE VANDERLOO","TUMBLING THROUGH THE FLOATIVERSE",CD,1,0,0,Digipack4,,,,,0,,SP,,2904
KSCOPE1190,BLACKFIELD,"BLACKFIELD V",LP,1,0,0,Single,,140,33,Black,0,,OPTIMAL,,2905
VILELP955,MORK,"DEN SVEVENDE FESTNING",LP,1,0,0,Single,,140,33,Black,0,,OPTIMAL,,2906
CDVILEDX874,ANATHEMA,"A VISION OF A DYING EMBRACE",CD+DVD,2,0,0,Brilliant,4pp,,,,0,,SP,,2907
VILELP972,"THOU ART LORD",EOSFOROS,LP,1,0,0,Single,,140,33,Black,0,,TAKT,,2908
VILELP973,"THOU ART LORD",APOLLYON,LP,1,0,0,Single,,140,33,Black,0,,TAKT,,2909
SMABX1220,"GENTLE GIANT","FRONT ROW CENTER (US Dates 1976-1980)(10LP BOX)",LPBox,10,0,0,BoxSet,60pp,140,33,Black,0,"10LP | 2 x 3LP, 2 x 2LP Gatefolds | 2 x Slipcase | Numbered Certificate",CSV,,2910
KSCOPE715,ANATHEMA,UNIVERSAL,CD+DVD,2,0,0,Digipack6,,,,,0,,SP,,2911
KSCOPE721,"THE PINEAPPLE THIEF","WHERE WE STOOD",CD+Blu-ray,2,0,0,Brilliant,8pp,,,,0,,OPTIMAL,,2912
VILELP993,PENTAGRAM,RELENTLESS,LP,1,0,0,Single,,140,33,Black,0,,OPTIMAL,,2913
VILELP994,CANDLEMASS,NIGHTFALL,LP,1,0,0,Single,,140,33,Black,0,,OPTIMAL,,2915
VILELP699,AKERCOCKE,"DECADES OF DEVIL WORSHIP",LP,1,0,0,Single,,140,33,Black,0,,OPTIMAL,,2916
KSCOPE1153,"JON GOMM","THE FAINTEST IDEA",LP,1,0,0,Single,,140,33,Black,0,,OPTIMAL,,2917
KSCOPE1151,TESSERACT,POLARIS,LP,1,0,0,Single,,140,33,Black,0,,CSV,,2919
VILELP991,MYSTICUM,"IN THE STREAMS OF INFERNO",LP,1,0,0,Single,,140,33,Black,0,,OPTIMAL,,2920
CDVILED978,BLOODBATH,"BREEDING DEATH",CD,1,0,0,Jewel,4pp,,,,0,,VDC,,2921
CDVILED979,BLOODBATH,"RESURRECTION THROUGH CARNAGE",CD,1,0,0,Jewel,8pp,,,,0,,VDC,,2922
CDVILED980,BLOODBATH,"NIGHTMARES MADE FLESH",CD,1,0,0,Jewel,12pp,,,,0,,VDC,,2923
VILELP952,DARKTHRONE,"A BLAZE IN THE NORTHERN SKY (GIMME RADIO BLUE)",LP,1,0,0,Single,,140,33,Blue,0,,OPTIMAL,,2924
SMACD1244,W.A.S.P.,"THE BEST OF THE BEST",2CD,2,0,0,Digipack6,,,,,0,,SP,,2925
KSCOPE1194,"GLEB KOLYADIN (iamthemorning)","THE OUTLAND",LP,1,0,0,Single,,140,33,Black,0,,OPTIMAL,,2926
SMABX1181,"AL STEWART","THE ADMIRALTY LIGHTS: THE ULTIMATE AL STEWART COLLECTION",MixBoxSet,1,0,0,BoxSet,,,,,0,,CSV,,2927
CDVILED972,"THOU ART LORD",EOSFOROS,CD,1,0,0,Jewel,4pp,,,,0,,VDC,,2928
CDVILED973,"THOU ART LORD",APOLLYON,CD,1,0,0,Jewel,8pp,,,,0,,VDC,,2929
CDVILED951,"PROPHECY OF DOOM","ACKNOWLEDGE THE CONFUSION MASTER",CD,1,0,0,Jewel,8pp,,,,0,,VDC,,2930
KSCOPE1183,"TANGERINE DREAM","MACHU PICCHU",LP,1,0,0,Single,,140,33,Black,0,,OPTIMAL,,2931
KSCOPE751,"TANGERINE DREAM","MACHU PICCHU",CD,1,0,0,Digipack4,4pp,,,,0,,SP,,2932
VILELP985,ISENGARD,"SPECTRES OVER GORGOROTH",LP,1,0,0,Single,,140,33,Black,0,,OPTIMAL,,2933
VILELP984,ISENGARD,VANDREREN,LP,1,0,0,Single,,140,33,Black,0,,OPTIMAL,,2934
KSCOPE749,BLACKFIELD,"BLACKFIELD IV",CD,1,0,0,Digipack4,8pp,,,,0,,SP,,2935
VILELP999,DARKTHRONE,"A BLAZE IN THE NORTHERN SKY (EDEL TRANS RED)",LP,1,0,0,Single,,140,33,Red,0,,OPTIMAL,,2936
SMACD1214,"JEFF COTTON","THE FANTASY OF REALITY",CD,1,0,0,Digipack4,10pp,,,,0,,SP,,2937
SMALP1214,"JEFF COTTON","THE FANTASY OF REALITY",2LP,2,0,0,Gatefold,,140,33,Black,0,,TAKT,,2938
KSCOPE1162,"LUNATIC SOUL","WALKING ON A FLASHLIGHT BEAM (BLUE VINYL)",2LP,2,0,0,Gatefold,,140,33,Blue,0,,OPTIMAL,,2939
VILELP998,"CRADLE OF FILTH","BITTER SUITES TO SUCCUBI",LP,1,0,0,Single,,140,33,Black,0,,OPTIMAL,,2940
VILELP970,"PARADISE LOST","LIVE DEATH",LP,1,0,0,Single,,140,33,Black,0,,OPTIMAL,,2941
VILELP983,SIGH,"SHIKI (GREEN VINYL)",LP,1,0,0,Gatefold,,140,33,Green,0,,OPTIMAL,,2942
CDVILEF948,SIGH,SHIKI,CD,1,0,0,Jewel,12pp,,,,0,,VDC,,2943
VILELP967,"DHG (DODHEIMSGARD)","SUPERVILLAIN OUTCAST",LP,1,0,0,Single,,140,33,Black,0,,OPTIMAL,,2944
KSCOPE748,"GLEB KOLYADIN (iamthemorning)","THE OUTLAND",CD,1,0,0,Digipack4,16pp,,,,0,,SP,,2945
VILELP992,"ROTTING CHRIST","A DEAD POEM",LP,1,0,0,Single,,140,33,Black,0,,OPTIMAL,,2946
CDVILED992,"ROTTING CHRIST","A DEAD POEM",CD,1,0,0,Jewel,8pp,,,,0,,VDC,,2947
KSCOPE1177,GAZPACHO,BRAVO,LP,1,0,0,Single,,140,33,Black,0,"Half-speed Master",OPTIMAL,,2948
KSCOPE750,O.R.K.,"INFLAMED RIDES",CD,1,0,0,Digipack4,6pp,,,,0,,SP,,2949
VILELP1000,DARKTHRONE,"ASTRAL FORTRESS (Burning Shed Curacao)",LP,1,0,0,Single,,140,33,Blue,0,,OPTIMAL,,2950
VILELP1001,DARKTHRONE,"ASTRAL FORTRESS (Norway White)",LP,1,0,0,Single,,140,33,White,0,,OPTIMAL,,2951
VILELP1003,DARKTHRONE,"ASTRAL FORTRESS (HMV Green)",LP,1,0,0,Single,,140,33,Green,0,,OPTIMAL,,2952
VILELP1004,DARKTHRONE,"ASTRAL FORTRESS (Sweden Gold)",LP,1,0,0,Single,,140,33,Gold,0,,OPTIMAL,,2953
VILELP1005,DARKTHRONE,"ASTRAL FORTRESS (Germany Violet)",LP,1,0,0,Single,,140,33,Purple,0,,OPTIMAL,,2954
VILELP1006,DARKTHRONE,"ASTRAL FORTRESS (USA Yellow)",LP,1,0,0,Single,,140,33,Yellow,0,,OPTIMAL,,2955
VILELP1007,DARKTHRONE,"ASTRAL FORTRESS (General Silver)",LP,1,0,0,Single,,140,33,Silver,0,,OPTIMAL,,2956
VILELP1010,AUTOPSY,"MORBIDITY TRIUMPHANT (VIOLET VINYL)",LP,1,0,0,Single,,140,33,Coloured,0,,OPTIMAL,,2957
KSCOPE1185,"OZRIC TENTACLES","TANTRIC OBSTACLES",2LP,2,0,0,Single,,140,33,Black,0,,TAKT,,2958
EBVILE030,CANDLEMASS,"NIGHTFALL (BOXSET)",3LP,3,1,0,BoxSet,,140,,,0,,TAKT,,2959
KSCOPE1178,GAZPACHO,"WHEN EARTH LETS GO",LP,1,0,0,Single,,140,33,Black,0,"Half-speed Master",OPTIMAL,,2960
KSCOPE716,"JONATHAN HULTEN","CHANTS FROM ANOTHER PLACE (EXPANDED)",CD,1,0,0,Digipack4,16pp,,,,0,,SP,,2961
KSCOPE1196,O.R.K.,"SCREAMNASIUM (GREEN VINYL)",LP,1,0,0,Single,,140,33,Green,0,,OPTIMAL,,2962
KSCOPE1122,O.R.K.,SCREAMNASIUM,LP,1,0,0,Single,,140,33,Black,0,,OPTIMAL,,2963
KSCOPE723,O.R.K.,SCREAMNASIUM,CD,1,0,0,Digipack4,16pp,,,,0,"16 page poster book",SP,,2964
KSCOPE1198,"OZRIC TENTACLES","LIVE UNDERSLUNKY",2LP,2,0,0,Single,,140,33,Black,0,,TAKT,,2966
KSCOPE762,"PAUL DRAPER","ATTACK OF THE GREY LANTERN - LIVE AT THE RITZ",CD,1,0,0,Digipack4,,,,,0,,SP,,2967
KSCOPE1184,"OZRIC TENTACLES",ERPSONGS,2LP,2,0,0,Single,,140,33,Black,0,,TAKT,,2968
KSCOPE1186,"OZRIC TENTACLES","LIVE ETHEREAL CEREAL",2LP,2,0,0,Single,,140,33,Black,0,,TAKT,,2969
KSCOPE1187,"OZRIC TENTACLES","THERE IS NOTHING",2LP,2,0,0,Single,,140,33,Black,0,,TAKT,,2970
KSCOPE1188,"OZRIC TENTACLES","SLIDING GLIDING WORLDS",2LP,2,0,0,Single,,140,33,Black,0,,TAKT,,2971
KSCOPE1189,"OZRIC TENTACLES","THE BITS BETWEEN THE BITS",2LP,2,0,0,Single,,140,,Black,0,,TAKT,,2972
KSCOPE1180,GAZPACHO,"MARCH OF GHOSTS",LP,1,0,0,Single,,140,33,Black,0,"Half-speed Master",OPTIMAL,,2973
CDVILEDX982,KATATONIA,"DEAD END KINGS",CD+DVD,2,0,1,Digipack6,16pp,,,,0,,SP,,2974
VILEMC937,MAYHEM,"PFA DEMOS",Cassette,1,0,0,Jewel,,,,,0,"Inlay with 3 flaps",Fairview,,2975
EBVILE027,MAYHEM,"PURE FUCKING ARMAGEDDON",LPBox,6,0,0,BoxSet,,140,33,"Picture Disc",0,"80pp Bk, Poster, DVD",OPTIMAL,,2976
VILEMC654,AUTOPSY,"MORBIDITY TRIUMPHANT",Cassette,1,0,0,Jewel,,,,,0,,Fairview,,2977
VILELP1011,AUTOPSY,"MORBIDITY TRIUMPHANT (WHITE VINYL)",LP,1,0,0,Single,,140,33,White,0,,OPTIMAL,,2978
VILELP1016,CANDLEMASS,"EPICUS DOOMICUS METALLICUS (Edel Red Vinyl)",LP,1,0,0,Single,,140,33,Red,0,,OPTIMAL,,2979
VILELP437,"ANCIENT WISDOM","FOR SNOW COVERED THE NORTHLAND",LP,1,0,0,Single,,140,33,Black,0,,OPTIMAL,,2980
KSCOPE753,"OZRIC TENTACLES","AT THE PONGMASTERS BALL",CD+DVD,2,0,0,Brilliant,12pp,,,,0,,SP,,2981
CDVILEDX970,"PARADISE LOST","LIVE DEATH",CD+DVD,2,0,0,Brilliant,4pp,,,,0,,VDC,,2982
CDVILEF959,DARKTHRONE,"ASTRAL FORTRESS",CD,1,0,0,Jewel,8pp,,,,0,,VDC,,2983
KSCOPE1179,GAZPACHO,"MISSA ATROPOS",LP,1,0,0,Single,,140,33,Black,0,"Half-speed Master",OPTIMAL,,2984
KSCOPE1197,ANATHEMA,HINDSIGHT,LP,1,0,0,Single,,140,33,Black,0,,OPTIMAL,,2985
EBVILE029,DARKTHRONE,"ASTRAL FORTRESS",MixBoxSet,3,0,0,BoxSet,,140,33,Clear,0,"LP, CD, Cassette, A4 Letter, Art Prints",OPTIMAL,,2986
KSCOPE752,"OZRIC TENTACLES","LIVE UNDERSLUNKY",CD,1,0,0,Digipack4,4pp,,,,0,,OPTIMAL,,2987
VILELP982,KATATONIA,"DEAD END KINGS",LP,1,0,0,Single,,140,33,Black,0,"Half-Speed Master",OPTIMAL,,2988
KSCOPE1195,O.R.K.,"INFLAMED RIDES (BLUE VINYL)",LP,1,0,0,Single,,140,33,Blue,0,,OPTIMAL,,2989
VILELP1015,ANATHEMA,ETERNITY,LP,1,0,0,Single,,140,33,Black,0,,OPTIMAL,,2990
CDVILED1019,ULVER,"THEMES FROM WILLIAM BLAKE`S THE MARRIAGE OF HEAVEN AND HELL",2CD,2,0,0,Digipack6,24pp,,,,0,"Barcode Stickered CDVILEF918 Overstock",,,2991
VILELP995,KATATONIA,"THE GREAT COLD DISTANCE",LP,1,0,0,Single,,140,33,Black,0,"Half-Speed Master",OPTIMAL,,2992
VILELP969,CANDLEMASS,"EPICUS DOOMICUS METALLICUS",LP,1,0,0,Single,,140,33,Black,0,,OPTIMAL,,2993
VILELP1021,"ACCIDENTAL SUICIDE",DECEASED,LP,1,0,0,Single,,140,33,Black,0,,OPTIMAL,,2994
CDVILED1021,"ACCIDENTAL SUICIDE",DECEASED,CD,1,0,0,Jewel,4pp,,,,0,,VDC,,2995
VILELP1020,"ROTTING CHRIST","ABYSSIC BLACK METAL",LP,1,0,0,Single,,140,33,Black,0,,OPTIMAL,,2996
VILELP1002,MORK,DYPET,LP,1,0,0,Single,,140,33,Black,0,"previously was a gatefold",OPTIMAL,,2997
CDVILEF1002,MORK,DYPET,CD,1,0,0,Digipack4,12pp,,,,0,,SP,,2998
KSCOPE732,"TANGERINE DREAM","RECURRING DREAMS",CD,1,0,0,Digipack4,4pp,,,,0,,SP,,2999
KSCOPE1107,ANATHEMA,"WE`RE HERE BECAUSE WE`RE HERE",2LP,2,0,0,Gatefold,,140,33,Black,0,,OPTIMAL,,3000
KSCOPE764,ANATHEMA,"WE`RE HERE BECAUSE WE`RE HERE",CD,1,0,0,Digipack4,12pp,,,,0,,SP,,3001
KSCOPE765,ANATHEMA,"THE BEST OF 2008-2018",CD,1,0,0,Digipack4,16pp,,,,0,"Barcode Stickered KSCOPE628 Overstock",,,3002
KSCOPE1108,"JONATHAN HULTEN","THE FOREST SESSIONS",LP,1,0,0,Single,,140,33,Black,0,,OPTIMAL,,3003
KSCOPE763,"JONATHAN HULTEN","THE FOREST SESSIONS",CD+DVD,2,0,0,Digipack6,16pp,,,,0,,OPTIMAL,,3004
KSCOPE767,BLACKFIELD,"OPEN MIND: THE BEST OF BLACKFIELD",CD,1,0,0,Digipack4,8pp,,,,0,"Barcode Stickered KSCOPE606 Overstock",,,3005
SMALP1255,W.A.S.P.,"THE CRIMSON IDOL (2LP)",2LP,2,0,0,Single,,180,33,Black,0,"2023 Half-Speed Master",CSV,,3007
SMALP1254,W.A.S.P.,"THE HEADLESS CHILDREN (LP)",LP,1,0,0,Single,,180,33,Black,0,"2023 Half-Speed Master",CSV,,3008
KSCOPE565,"OZRIC TENTACLES","TREES OF ETERNITY: 1994 - 2000",MixBoxSet,7,0,0,"Ear book",,,,,0,"7CD | 72pp Book",OPTIMAL,,3012
VILELP1056,KATATONIA,"JHVA ELOHIM METH",12``,1,0,0,Single,,140,45,Black,0,,OPTIMAL,,3013
SMABX1213PRO,HORSLIPS,"MORE THAN YOU CAN CHEW SAMPLER",CD,1,0,0,,,,,,0,"CD in wallet",SP,,3015
VILEMC1027,HELLRIPPER,"WARLOCKS GRIM & WITHERED HAGS",Cassette,1,0,0,Jewel,,,,,0,,Fairview,,3016
CDVILEF1027,HELLRIPPER,"WARLOCKS GRIM & WITHERED HAGS",CD,1,0,0,Jewel,12pp,,,,0,,VDC,,3017
VILELP1027,HELLRIPPER,"WARLOCKS GRIM & WITHERED HAGS",LP,1,0,0,Single,,140,33,Black,0,,OPTIMAL,,3018
VILELP1028,HELLRIPPER,"WARLOCKS GRIM & WITHERED HAGS (GOLD VINYL)",LP,1,0,0,Single,,140,33,Gold,0,,OPTIMAL,,3019
VILELP1029,HELLRIPPER,"WARLOCKS GRIM & WITHERED HAGS (GREEN VINYL)",LP,1,0,0,Single,,140,33,Green,0,,OPTIMAL,,3020
KSCOPE768,"NODENS ICTUS",SPACELINES,CD,1,0,0,Digipack4,,,,,0,,SP,,3021
VILELP1032,AUTOPSY,"MORBIDITY TRIUMPHANT (PURPLE VINYL)",LP,1,0,0,Single,,140,33,Purple,0,,OPTIMAL,,3022
SMABX1132,"FRANKIE VALLI & THE FOUR SEASONS","WORKING OUR WAY BACK TO YOU: THE ULTIMATE COLLECTION",MixBoxSet,44,0,0,BoxSet,,140,33,Black,0,"44CD | 144 Page Hardback Book | 72 Page Singles Book | 24 Page Collector`s Notes Book",CSV,,3023
KSCOPE1152,"BRUCE SOORD WITH JONAS RENKSE","WISDOM OF CROWDS",LP,1,0,0,Single,,140,33,Black,0,,OPTIMAL,,3024
KSCOPE1091,"OZRIC TENTACLES","PAPER MONKEYS (2023 ED WYNNE REMASTER)",2LP,2,0,0,Single,,140,33,Black,0,,TAKT,,3025
KSCOPE1135,"OZRIC TENTACLES","PYRAMIDION (2021 ED WYNNE REMASTER)",LP,1,0,0,Single,,140,33,Black,0,,TAKT,,3026
KSCOPE1089,"OZRIC TENTACLES","THE YUMYUM TREE (2023 ED WYNNE REMASTER)",LP,1,0,0,Single,,140,33,Black,0,,TAKT,,3028
KSCOPE754,"OZRIC TENTACLES",ARBORESCENCE,CD,1,0,0,Digipack4,,,,,0,,OPTIMAL,,3029
KSCOPE758,"OZRIC TENTACLES","BECOME THE OTHER",CD,1,0,0,Digipack4,,,,,0,,OPTIMAL,,3030
KSCOPE759,"OZRIC TENTACLES","CURIOUS CORN",CD,1,0,0,Digipack4,,,,,0,,OPTIMAL,,3031
KSCOPE760,"OZRIC TENTACLES","WATERFALL CITIES",CD,1,0,0,Digipack4,,,,,0,,OPTIMAL,,3032
KSCOPE761,"OZRIC TENTACLES","THE HIDDEN STEP",CD,1,0,0,Digipack4,,,,,0,,OPTIMAL,,3033
SMABX1232,"WISHBONE ASH","ARGUS 50th ANNIVERSARY",MixBoxSet,7,0,0,BoxSet,48pp,140,,Coloured,0,"3CD+Black LP+Yellow LP+Red 7``+DVD | Cert",TAKT,,3034
CDVILEDX437,"ANCIENT WISDOM","FOR SNOW COVERED THE NORTHLAND",2CD,2,0,0,Brilliant,12pp,,,,0,,VDC,,3035
SMACD1196,NIRVANA,SECRETS,CD,1,0,0,Digipack4,4pp,,,,0,,SP,,3036
KSCOPE590,ANATHEMA,UNIVERSAL,CD+Blu-ray,2,0,0,Brilliant,8pp,,,,0,,OPTIMAL,,3037
KSCOPE769,GAZPACHO,MOLOK,CD,1,0,0,Digipack4,8pp,,,,0,,SP,,3038
KSCOPE770,GAZPACHO,"FIREWORKER (CD)",CD,1,0,0,Digipack4,16pp,,,,0,,SP,,3039
KSCOPE771,"THE PINEAPPLE THIEF",DISSOLUTION,CD,1,0,0,Digipack4,8pp,,,,0,,OPTIMAL,,3040
VILELP1034,DARKTHRONE,"ASTRAL FORTRESS (Italy Purple)",LP,1,0,0,Single,,140,33,Purple,0,,OPTIMAL,,3041
KSCOPE772,"JON GOMM","THE FAINTEST IDEA",CD,1,0,0,Digipack4,16pp,,,,0,"Barcode Stickered Version of KSCOPE677",,,3042
KSCOPE773,"DANIEL TOMPKINS",CASTLES,CD,1,0,0,Digipack4,8pp,,,,0,"Barcode Stickered Version of KSCOPE635",,,3043
KSCOPE774,"PAUL DRAPER","SPOOKY ACTION",CD,1,0,1,Digipack4,16pp,,,,0,"Barcode Stickered version of KSCOPE340",,SP,3044
KSCOPE775,TRIFECTA,FRAGMENTS,CD,1,0,0,SleevePac,,,,,0,"Barcode Stickered version of KSCOPE720",,,3045
VILELP1022,MORK,"DYPET (Silver Vinyl)",LP,1,0,0,Gatefold,,140,33,Silver,0,,OPTIMAL,,3046
CDVILED1033,HELLRIPPER,"COAGULATING DARKNESS",CD,1,0,0,Jewel,8pp,,,,0,,VDC,,3048
TRANSM331CD,"STEVEN WILSON","COVER VERSION",CD,1,0,0,Digipack4,8pp,,,,0,,SP,,3049
TRANSM332LP,"STEVEN WILSON","COVER VERSION",2LP,2,0,0,Gatefold,,140,33,Black,0,,OPTIMAL,,3050
TRANSM341CD,"STEVEN WILSON",INSURGENTES,CD,1,0,0,Digipack4,8pp,,,,0,,SP,,3051
TRANSM342LP,"STEVEN WILSON","INSURGENTES (REMASTER)",2LP,2,0,0,Gatefold,,140,33,Black,0,,OPTIMAL,,3052
TRANSM352LP,"STEVEN WILSON","GRACE FOR DROWNING",2LP,2,0,0,Gatefold,,140,33,Black,0,,OPTIMAL,,3054
TRANSM361CD,"STEVEN WILSON","THE RAVEN THAT REFUSED TO SING",CD,1,0,0,Digipack4,8pp,,,,0,,SP,,3055
TRANSM362LP,"STEVEN WILSON","THE RAVEN THAT REFUSED TO SING",2LP,2,0,0,Gatefold,,140,33,Black,0,,OPTIMAL,,3056
TRANSM372LP,"STEVEN WILSON","HAND. CANNOT. ERASE.",2LP,2,0,0,Gatefold,,140,33,Black,0,,OPTIMAL,,3057
TRANSM381CD,"STEVEN WILSON","4 1/2",CD,1,0,0,Digipack4,8pp,,,,0,,SP,,3058
TRANSM382LP,"STEVEN WILSON","4 1/2 (LP)",LP,1,0,0,Single,,140,33,Black,0,,OPTIMAL,,3059
TRANSM391CD,"STEVEN WILSON","GET ALL YOU DESERVE",CD+Blu-ray,3,0,0,Digipack6,,,,,0,2CD+BD,SP,,3060
TRANSM351CD,"STEVEN WILSON","GRACE FOR DROWNING",2CD,2,0,0,Digipack6,,,,,0,,SP,,3063
VILELP1043,"VARIOUS ARTISTS","DARK SIDE OF THE SACRED STAR (PEACEVILLE COMPILATION)",LP,1,0,0,Single,,140,33,Black,0,,OPTIMAL,,3064
KSCOPE779,GONG,"HIGH ABOVE THE SUBTERRANEA CLUB, 2000",CD+DVD,2,0,0,Digipack6,12pp,,,,0,"Barcode stickered overstock of SMACD1031","CHINA TRADING",,3065
SMABX1231,"THE PRETTY THINGS","THE COMPLETE STUDIO ALBUMS: 1965 - 2020",MixBoxSet,15,1,0,BoxSet,4pp,140,33,Black,0,"13LP | 2 x 10`` | 2 x Slipcase | 13 x 4pp inserts | Art Print",CSV,,3066
TRANSM412EP,"PORCUPINE TREE","IA / DW / XT",12``,1,0,0,Single,,140,45,Black,0,,OPTIMAL,,3067
KSCOPE1124,"THE ANCHORESS","THE ART OF LOSING: ACOUSTIC EP",12``,1,0,0,Single,,140,45,Black,0,,OPTIMAL,,3068
KSCOPE1128,"ENVY OF NONE","THAT WAS THEN, THIS IS NOW",12``,1,0,0,Single,,140,45,Black,0,,OPTIMAL,,3069
VILELP1045,MYSTICUM,"PLANET SATAN",LP,1,0,0,Single,,140,33,Black,0,,OPTIMAL,,3070
VILELP1046,MAYHEM,"LIVE IN LEIPZIG",LP,1,0,0,Single,,140,33,Black,0,,OPTIMAL,,3071
KSCOPE1126,KLONE,MEANWHILE,LP,1,0,0,Single,,140,33,Black,0,"2pp Insert - previously was a gatefold",OPTIMAL,,3072
VILELP1047,MAYHEM,"LIVE IN JESSHEIM",LP,1,0,0,Single,,140,33,Black,0,,OPTIMAL,,3073
VILELP1044,"MORTA SKULD","DYING REMAINS (30TH ANNIVERSARY EDITION)(RED)",LP,1,0,0,Single,,140,33,Red,0,,OPTIMAL,,3074
VILELP1048,DARKTHRONE,"TRANSILVANIAN HUNGER (Gold Vinyl)",LP,1,0,0,Single,,140,33,Gold,0,"300 to Fnac & 200 to Snapper",OPTIMAL,,3075
CDVILED1049,KATATONIA,"THE FALL OF HEARTS",CD,1,0,0,Digipack4,8pp,,,,0,,SP,,3076
VILELP1024,MAYHEM,"MEDIOLANUM CAPTA EST (non-USA)",LP,1,0,0,Single,,140,33,Black,0,,OPTIMAL,,3077
VILELP1041,DARKTHRONE,"THE WIND OF 666 BLACK HEARTS (VOLUME I)",LP,1,0,0,Single,,140,33,Black,0,,OPTIMAL,,3078
VILELP1042,DARKTHRONE,"THE WIND OF 666 BLACK HEARTS (VOLUME II)",LP,1,0,0,Single,,140,33,Black,0,,OPTIMAL,,3079
VILELP1017,IMPALER,"CHARNEL DEITY",LP,1,0,0,Single,,140,33,Black,0,,OPTIMAL,,3080
CDVILEDX1044,"MORTA SKULD","DYING REMAINS (30TH ANNIVERSARY EDITION)",2CD,2,0,0,Brilliant,16pp,,,,0,,VDC,,3081
SMALP1265,W.A.S.P.,"W.A.S.P. (Red Vinyl)",LP,1,0,0,Single,,140,33,Red,0,"300 to Fnac & 200 to Snapper",OPTIMAL,,3082
SMALP1266,W.A.S.P.,"THE LAST COMMAND (Orange Vinyl)",LP,1,0,0,Single,,140,33,Orange,0,"300 to Fnac & 200 to Snapper",OPTIMAL,,3083
KSCOPE781,EMPYRE,RELENTLESS,CD,1,0,0,Jewel,16pp,,,,0,,SP,,3084
KSCOPE782,EMPYRE,RELENTLESS,CD,1,0,0,Digipack4,16pp,,,,0,,SP,,3085
KSCOPE587,BLACKFIELD,"AN ACCIDENT OF STARS: 2004 - 2017",MixBoxSet,7,0,0,"Ear book",60pp,,,,0,"6CD + BD",TAKT,,3086
VILELP1050,BLOODBATH,"RESURRECTION THROUGH CARNAGE (Orange Vinyl)",LP,1,0,0,Single,,140,33,Orange,0,,OPTIMAL,,3087
VILELP1051,BLOODBATH,"NIGHTMARES MADE FLESH (Red Vinyl)",LP,1,0,0,Single,,140,33,Red,0,,OPTIMAL,,3088
VILELP1052,DARKTHRONE,"TRANSILVANIAN HUNGER (Violet Vinyl)",LP,1,0,0,Single,,140,33,Purple,0,,OPTIMAL,,3089
KSCOPE1199,TESSERACT,"WAR OF BEING",2LP,2,0,0,Gatefold,,140,33,Black,0,,OPTIMAL,,3090
KSCOPE594,TESSERACT,"WAR OF BEING",Blu-ray,1,0,0,Amaray,16pp,,,,0,,SP,,3093
KSCOPE593,TESSERACT,"WAR OF BEING (`THE STRANGELAND` - COLLECTOR`S 3 DISC HARDBACK BOOK EDITION)",MixBoxSet,3,0,0,BoxSet,Other,,0,,0,"CD+Blu-ray+DVD in 68pp hardback book",TAKT,,3094
KSCOPE1205,TESSERACT,"WAR OF BEING (`FEAR` RED & BLACK MARBLE VINYL EDITION)",2LP,2,0,0,Gatefold,,140,33,Marble,0,,OPTIMAL,,3095
KSCOPE1207,TESSERACT,"WAR OF BEING (YELLOW VINYL)",2LP,2,0,0,Gatefold,,140,33,Yellow,0,,OPTIMAL,,3096
KSCOPE1206,TESSERACT,"WAR OF BEING (CLEAR VINYL)",2LP,2,0,0,Gatefold,,140,33,Clear,0,,OPTIMAL,,3097
VILELP1023,KATATONIA,"DETHRONED & UNCROWNED",LP,1,0,0,Single,,140,33,Black,0,,OPTIMAL,,3098
CDVILED819,DARKTHRONE,"GOATLORD: ORIGINAL",CD,1,0,0,Jewel,4pp,,,,0,,VDC,,3099
KSCOPE1203,EMPYRE,RELENTLESS,LP,1,0,0,Single,,140,33,Black,0,,OPTIMAL,,3100
VILELP949,DODHEIMSGARD,"BLACK MEDIUM CURRENT",2LP,2,0,0,Gatefold,,140,33,Black,0,,OPTIMAL,,3101
PIR5003,"THE SOUND OF PHILADELPHIA","VOLUME 3: LOVE IS THE MESSAGE",MixBoxSet,9,1,0,BoxSet,48pp,,,,0,8CD+12``,TAKT,,3102
CDVILED688,MYSTICUM,"IN THE STREAMS OF INFERNO",CD,1,0,0,Jewel,8pp,,,,0,,OPTIMAL,,3103
CDVILED693,AUTOPSY,"PUNCTURING THE GROTESQUE",CD,1,0,0,Jewel,8pp,,,,0,,VDC,,3104
KSCOPE1157,"NODENS ICTUS",SPACELINES,2LP,2,0,0,Single,,140,33,Black,0,,TAKT,,3105
KSCOPE778,KLONE,MEANWHILE,CD,1,0,0,Digipack4,16pp,,,,0,,SP,,3106
CDVILED1017,IMPALER,"CHARNEL DEITY",CD,1,0,0,Jewel,8pp,,,,0,,VDC,,3107
KSCOPE1156,ANATHEMA,"THE OPTIMIST",LP,1,0,0,Single,,140,33,Black,0,,OPTIMAL,,3108
KSCOPE1204,EMPYRE,"RELENTLESS (Red Vinyl)",LP,1,0,0,Single,,140,33,"Clear Red",0,,OPTIMAL,,3109
VILELP1025,"CRADLE OF FILTH","THE MANTICORE & OTHER HORRORS",LP,1,0,0,Single,,140,33,Black,0,,OPTIMAL,,3110
KSCOPE1140,KLONE,"MEANWHILE (Silver Vinyl)",LP,1,0,0,Single,,140,33,Silver,0,"2pp Insert",OPTIMAL,,3111
KSCOPE1139,KLONE,"MEANWHILE (Clear Vinyl)",LP,1,0,0,Single,,140,33,Clear,0,"2pp Insert",OPTIMAL,,3112
KSCOPE783,"PAUL DRAPER","SPOOKY ACTION / CULT LEADER TACTICS",2CD,2,0,0,Digipack4,16pp,,,,0,"Ocard with 2 x 4pp Digi",SP,,3113
CDVILEF949,DODHEIMSGARD,"BLACK MEDIUM CURRENT",CD,1,0,0,Digipack4,16pp,,,,0,,SP,,3114
SMALP1267,"RICK WAKEMAN","A GALLERY OF THE IMAGINATION",2LP,2,0,0,Gatefold,,140,45,Black,0,,OPTIMAL,,3115
SMALP1268,"RICK WAKEMAN","A GALLERY OF THE IMAGINATION (CLEAR VINYL)",2LP,2,0,0,Gatefold,,140,45,Clear,0,,OPTIMAL,,3116
SMACD1267,"RICK WAKEMAN","A GALLERY OF THE IMAGINATION",CD+DVD,2,1,0,Brilliant,16pp,,,,0,,VDC,,3118
SMACD1268,"RICK WAKEMAN","A GALLERY OF THE IMAGINATION",CD,1,0,0,Jewel,12pp,,,,0,,VDC,,3119
SMABX1269,"RICK WAKEMAN","A GALLERY OF THE IMAGINATION",MixBoxSet,4,0,0,BoxSet,,140,45,Black,0,"Lift-off lid box with CD, DVD, 2LP + 28pp Book",TAKT,,3120
TRANSM371CD,"STEVEN WILSON","HAND. CANNOT. ERASE.",CD,1,0,0,Digipack4,8pp,,,,0,,SP,,3121
KSCOPE1202,"ENVY OF NONE","ENVY OF NONE (Picture Disc)",LP,1,0,0,,,,33,"Picture Disc",0,,OPTIMAL,,3122
KSCOPE1129,"THE PINEAPPLE THIEF","ALL THE WARS",LP,1,0,0,Single,,140,33,Black,0,,OPTIMAL,,3123
KSCOPE1130,"THE PINEAPPLE THIEF",MAGNOLIA,LP,1,0,0,Single,,140,33,Black,0,,OPTIMAL,,3124
CDVILED1043,"VARIOUS ARTISTS","DARK SIDE OF THE SACRED STAR (PEACEVILLE COMPILATION)",2CD,2,0,0,Brilliant,20pp,,,,0,,VDC,,3125
KSCOPE1201,MANSUN,"BEFORE THE GREY LANTERN",LP,1,0,0,Single,,140,33,Black,0,,OPTIMAL,,3126
KSCOPE785,"OZRIC TENTACLES","PAPER MONKEYS (2023 ED WYNNE REMASTER)",CD,1,0,0,Digipack4,,,,,0,,SP,,3127
KSCOPE784,"ENVY OF NONE","ENVY OF NONE (Expanded)",2CD,2,0,0,Brilliant,12pp,,,,0,,,,3128
VILELP1053,DARKTHRONE,THULCANDRA,LP,1,0,0,Single,,140,33,Black,0,,OPTIMAL,,3129
VILELP1054,DARKTHRONE,CROMLECH,LP,1,0,0,Single,,140,33,Black,0,,OPTIMAL,,3130
SMALP1243,"MOTT THE HOOPLE","ALL THE YOUNG DUDES (Black - for box set)",2LP,2,0,0,Gatefold,,140,33,Black,0,,OPTIMAL,,3131
KSCOPE1209,TESSERACT,"WAR OF BEING (`THE SCRIBE` BLACK & GOLD CORONA VINYL EDITION)",2LP,2,0,0,Gatefold,,140,33,MultiColour,0,"Black and Gold",OPTIMAL,,3133
KSCOPE1208,TESSERACT,"WAR OF BEING (RED VINYL)",2LP,2,0,0,Gatefold,,140,33,Marble,0,"Red and Black",OPTIMAL,,3134
SMALP966,W.A.S.P.,"W.A.S.P. (PINK)",LP,1,0,0,Single,,140,33,Pink,0,,OPTIMAL,,3135
VILELP1055,RUiM,"BLACK ROYAL SPIRITISM - I.O SINO DA IGREJA",LP,1,0,0,Single,,140,33,Black,0,,OPTIMAL,,3137
CDVILEF1055,RUiM,"BLACK ROYAL SPIRITISM - I.O SINO DA IGREJA",CD,1,0,0,Jewel,4pp,,,,0,,VDC,,3138
SMACD1272,"STEVE HILLAGE","LOS ANGELES FORUM - JAN 31st 1977",CD,1,0,0,Digipack4,16pp,,,,0,,SP,,3139
VILELP997,SIGH,"LIVE: THE EASTERN FORCES OF EVIL 2022",LP,1,0,0,Single,,140,33,Black,0,,OPTIMAL,,3141
KSCOPE1127,GODSTICKS,"THIS IS WHAT A WINNER LOOKS LIKE",LP,1,0,0,Single,,140,33,Black,0,,OPTIMAL,,3142
KSCOPE1148,"THE PINEAPPLE THIEF","10 STORIES DOWN",LP,1,0,0,Single,,140,33,Black,0,,OPTIMAL,,3143
KSCOPE1132,"THE PINEAPPLE THIEF","VARIATIONS ON A DREAM",LP,1,0,0,Single,,140,33,Black,0,,OPTIMAL,,3144
VILELP1067,PENTAGRAM,"BE FOREWARNED",2LP,2,0,0,Single,,140,33,Black,0,,TAKT,,3145
KSCOPE786,TESSERACT,"WAR OF BEING",CD,1,0,0,Digipack4,24pp,,,,0,,SP,,3146
SMACD843,"THE PRETTY THINGS","BALBOA ISLAND",CD,1,0,0,Digipack4,8pp,,,,0,,SP,,3147
SMACD838,"THE PRETTY THINGS","CROSS TALK",CD,1,0,0,Digipack4,8pp,,,,0,,SP,,3148
SMACD830,"PRETTY THINGS","FREEWAY MADNESS",CD,1,0,0,Digipack4,8pp,,,,0,,SP,,3149
SMACD839,"THE PRETTY THINGS","...RAGE BEFORE BEAUTY",CD,1,0,0,Digipack4,8pp,,,,0,,SP,,3150
SMACD837,"THE PRETTY THINGS","SAVAGE EYE",CD,1,0,0,Digipack4,8pp,,,,0,,SP,,3151
SMACD835,"THE PRETTY THINGS","SILK TORPEDO",CD,1,0,0,Digipack4,8pp,,,,0,,SP,,3152
SMACD845,"THE PRETTY THINGS","THE SWEET PRETTY THINGS (ARE IN BED NOW, OF COURSE...)",CD,1,0,0,Digipack4,8pp,,,,0,,SP,,3153
SMABX1249,W.A.S.P.,"THE 7 SAVAGE (BOXSET)",LPBox,8,1,0,BoxSet,60pp,140,33,Black,0,"8LP Box, 60 Page Book, Poster, Numbered Certificate",CSV,,3154
SMALP1250,W.A.S.P.,"W.A.S.P. (LP)",LP,1,0,0,Single,,180,33,Black,0,"2023 Half-Speed Master",CSV,,3155
KSCOPE777,GODSTICKS,"THIS IS WHAT A WINNER LOOKS LIKE",CD,1,0,0,Digipack4,8pp,,,,0,,SP,,3158
CDVILEF997,SIGH,"LIVE: THE EASTERN FORCES OF EVIL 2022",CD+DVD,2,0,0,Brilliant,4pp,,,,0,,VDC,,3159
VILELP1070,RUiM,"BLACK ROYAL SPIRITISM - I.O SINO DA IGREJA (GOLD VINYL)",LP,1,0,0,Single,,140,33,Gold,0,,OPTIMAL,,3160
VILELP1071,MAYHEM,"LIVE IN ZEITZ",LP,1,0,0,Single,,140,33,Black,0,,OPTIMAL,,3161
KSCOPE1210,ULVER,"CHILDHOOD`S END (LP)",LP,1,0,0,Single,,140,33,Black,0,,OPTIMAL,,3162
KSCOPE577,"THE PINEAPPLE THIEF","HOW DID WE FIND OUR WAY: 1999 - 2006",MixBoxSet,8,0,0,"Ear book",60pp,,,,0,"7CD + Blu-Ray + 60pp Booklet",OPTIMAL,,3163
CDVILED486,CANDLEMASS,"CHAPTER VI",CD,1,0,0,Jewel,8pp,,,,0,,VDC,,3164
CDVILED208,"CARPATHIAN FOREST","WE`RE GOING TO HELL FOR THIS",CD,1,0,0,Jewel,16pp,,,,0,,VDC,,3165
VILELP1064,"STATIC ABYSS","ABORTED FROM REALITY",LP,1,0,0,Single,,140,33,Black,0,,OPTIMAL,,3166
SMACD932,"VIVIAN STANSHALL","DOG HOWL IN TUNE",CD,1,0,0,Digipack4,16pp,,,,0,,SP,,3167
SMACD931,"VIVIAN STANSHALL","RAWLINSON`S END",CD,1,0,0,Digipack4,16pp,,,,0,,SP,,3168
SMALP931,"VIVIAN STANSHALL","RAWLINSON`S END",2LP,2,0,0,Gatefold,2pp,140,33,Black,0,,TAKT,,3169
SMALP932,"VIVIAN STANSHALL","DOG HOWL IN TUNE",LP,1,0,0,Single,2pp,140,33,Black,0,,TAKT,,3170
KSCOPE1211,"BRUCE SOORD",LUMINESCENCE,LP,1,0,0,Single,,140,33,Black,0,,OPTIMAL,,3171
KSCOPE1212,"BRUCE SOORD","LUMINESCENCE (BLUE VINYL)",LP,1,0,0,Single,,140,33,Blue,0,,OPTIMAL,,3172
KSCOPE787,"BRUCE SOORD",LUMINESCENCE,CD,1,0,0,Digipack4,8pp,,,,0,,SP,,3173
CDVILEF699,AKERCOCKE,"DECADES OF DEVIL WORSHIP",CD,1,0,0,Digipack6,0pp,,,,0,,SP,,3174
KSCOPE708,GONG,"ZERO TO INFINITY",CD,1,0,0,Digipack4,4pp,,,,0,,SP,,3175
CDVILEF1064,"STATIC ABYSS","ABORTED FROM REALITY",CD,1,0,0,Jewel,8pp,,,,0,,VDC,,3176
VILELP1072,"STATIC ABYSS","ABORTED FROM REALITY (GREEN VINYL)",LP,1,0,0,Single,,140,33,"Light Green",0,,OPTIMAL,,3177
VILELP1073,FLEURETY,"MIN TID SKAL KOMME (WHITE VINYL)",LP,1,0,0,Single,,140,33,White,0,,OPTIMAL,,3178
VILELP1074,BEHEMOTH,"ANTICHRISTIAN PHENOMENON",LP,1,0,0,Single,,140,45,Black,0,,TAKT,,3179
CDVILED659,TORMENTOR,"RECIPE FERRUM!",CD,1,0,0,Jewel,12pp,,,,0,,VDC,,3180
SMAP932,"VIVIAN STANSHALL","SELECTIONS FROM DOG HOWL IN TUNE & RAWLINSON`S END",CD,1,0,0,,,,,,0,"CD in wallet",,,3181
VILELP1066,"MORTUARY DRAPE","BLACK MIRROR (GREY VINYL)",LP,1,0,0,Single,,140,33,,0,,OPTIMAL,,3182
CDVILEF1066,"MORTUARY DRAPE","BLACK MIRROR",CD,1,0,0,Jewel,8pp,,,,0,,VDC,,3183
TRANSM292LP,"PORCUPINE TREE","COMA CODA (2LP)",2LP,2,0,0,Gatefold,,180,33,Red,0,,,,3184
VILELP1018,FIMBULWINTER,"SERVANTS OF SORCERY (WHITE LP)",LP,1,0,0,Gatefold,4pp,140,33,White,0,,OPTIMAL,,3185
CDVILED1018,FIMBULWINTER,"SERVANTS OF SORCERY",CD,1,0,0,Jewel,16pp,,,,0,,VDC,,3186
SMALP975,W.A.S.P.,"INSIDE THE ELECTRIC CIRCUS (BLUE)",LP,1,0,0,Single,,140,33,Blue,0,,OPTIMAL,,3187
KSCOPE789,GODSTICKS,"CRUSHED (CD)",CD,1,0,0,Other,,,,,0,"Cardboard Sleeve",OPTIMAL,,3188
KSCOPE1215,"TANGERINE DREAM","RECURRING DREAMS (2LP)",2LP,2,0,0,Single,,140,33,Black,0,,TAKT,,3190
VILELP1084,"CRADLE OF FILTH","DARKLY DARKLY VENUS AVERSA (2LP)",2LP,2,0,0,Gatefold,,140,33,Black,0,,TAKT,,3191
SMALP1081,"PETER GREEN SPLINTER GROUP","SOHO LIVE - AT RONNIE SCOTT`S (2LP)",2LP,2,0,0,Single,,140,33,Black,0,,TAKT,,3192
TRANSM252LPC,"PORCUPINE TREE","FEAR OF A BLANK PLANET (Curacao 2LP)",2LP,2,0,0,Gatefold,,140,33,Blue,0,,OPTIMAL,,3193
KSCOPE1213,"OZRIC TENTACLES","LOTUS UNFOLDING (LP)",LP,1,0,0,Single,,140,33,Black,0,,TAKT,,3194
KSCOPE1214,"OZRIC TENTACLES","LOTUS UNFOLDING (BLUE LP)",LP,1,0,0,Single,,140,33,Blue,0,,TAKT,,3195
KSCOPE788,"OZRIC TENTACLES","LOTUS UNFOLDING (CD)",CD,1,0,0,Digipack4,12pp,,,,0,,SP,,3196
CDVILED1087,AUTOPSY,"CRITICAL MADNESS (CD)",CD,1,0,0,Jewel,4pp,,,,0,,VDC,,3197
CDVILED1086,"MORTA SKULD","AS HUMANITY FADES (CD)",CD,1,0,0,Jewel,4pp,,,,0,,VDC,,3198
CDVILED424,UNHOLY,"THE SECOND RING OF POWER (CD)",CD,1,0,0,Jewel,4pp,,,,0,,VDC,,3199
CDVILED239,OPHTHALAMIA,"A JOURNEY IN DARKNESS (CD)",CD,1,0,0,Jewel,4pp,,,,0,,VDC,,3200
VILELP1076,AUTOPSY,"ASHES, ORGANS, BLOOD AND CRYPTS (LP)",LP,1,0,0,Single,,140,33,Black,0,,OPTIMAL,,3201
VILELP1077,AUTOPSY,"ASHES, ORGANS, BLOOD AND CRYPTS (YELLOW LP)",LP,1,0,0,Single,,140,33,Yellow,0,,OPTIMAL,,3202
CDVILEF1076,AUTOPSY,"ASHES, ORGANS, BLOOD AND CRYPTS (CD)",CD,1,0,0,Jewel,16pp,,,,0,,VDC,,3203
KSCOPE1080,"OZRIC TENTACLES","THE HIDDEN STEP (2022 ED WYNNE REMASTER)",LP,1,0,0,Single,,140,33,Black,0,,TAKT,,3204
VILELP1078,AUTOPSY,"ASHES, ORGANS, BLOOD AND CRYPTS (RED LP)",LP,1,0,0,Single,,140,33,Red,0,,OPTIMAL,,3205
VILELP1088,SIGH,"SHIKI (LP)",LP,1,0,0,Single,,140,33,Black,0,,OPTIMAL,,3206
SMACDX1282,W.A.S.P.,"THE STING (CD/DVD",CD+DVD,2,0,0,Brilliant,4pp,,,,0,,SP,,3207
VILELP1269,DARKTHRONE,"UNDER A FUNERAL MOON (Handmade Sleeve)",LP,1,0,0,,,140,33,,0,,OPTIMAL,,3208
VILELP660,"ROTTING CHRIST","THY MIGHTY CONTRACT (30TH ANNIVERSARY 2LP)",2LP,2,0,0,Gatefold,,140,33,Red,0,"1st LP Red, 2nd LP Black",OPTIMAL,,3209
VILELP1268,DARKTHRONE,"UNDER A FUNERAL MOON (30TH ANNIVERSARY)",LP,1,0,0,Single,,140,33,Marble,0,"Silver + White",OPTIMAL,,3210
CDVILED325,"THORNS VS EMPEROR","THORNS VS EMPEROR (CD)",CD,1,0,0,Jewel,8pp,,,,0,,VDC,,3211
KSCOPE1182,LID,"IN THE MUSHROOM (LP)",LP,1,0,0,Single,,140,33,Black,0,,OPTIMAL,,3212
CDVILED823,"MY DYING BRIDE","TOWARDS THE SINISTER (CD)",CD,1,0,0,Jewel,8pp,,,,0,,VDC,,3213
KSCOPE595,"BRUCE SOORD","LUMINESCENCE (2CD/DVD)",2CD+DVD,3,0,0,"Ear book",48pp,,,,0,,TAKT,,3214
TRANSM242LPG,"PORCUPINE TREE","DEADWING (GREEN 2LP)",2LP,2,0,0,Gatefold,,140,33,Green,0,,OPTIMAL,,3215
TRANSM232LPB,"PORCUPINE TREE","IN ABSENTIA (BLUE 2LP)",2LP,2,0,0,Gatefold,,140,33,Blue,0,,OPTIMAL,,3216
TRANSM192LPY,"PORCUPINE TREE","SIGNIFY (YELLOW 2LP)",2LP,2,0,0,Gatefold,,140,33,Yellow,0,,OPTIMAL,,3217
TRANSM262LPT,"PORCUPINE TREE","THE INCIDENT (TRANSPARENT 2LP)",2LP,2,0,0,Gatefold,,140,33,Clear,0,,OPTIMAL,,3218
TRANSM372LPM,"STEVEN WILSON","HAND. CANNOT. ERASE. (MAGENTA 2LP)",2LP,2,0,0,Gatefold,,140,33,Magenta,0,,OPTIMAL,,3219
TRANSM362LPO,"STEVEN WILSON","THE RAVEN THAT REFUSED TO SING (ORANGE 2LP)",2LP,2,0,0,Gatefold,,140,33,Orange,0,,OPTIMAL,,3220
CDVILED875,MORTEM,"RAVNSVART (CD)",CD,1,0,0,Jewel,12pp,,,,0,,OPTIMAL,,3221
CDVILED1089,"MORTA SKULD","SUFFER FOR NOTHING (CD)",CD,1,0,0,Jewel,8pp,,,,0,,VDC,,3222
KSCOPE798,LID,"IN THE MUSHROOM (CD)",CD,1,0,0,Jewel,4pp,,,,0,,VDC,,3223
SMAV935,"BOB MARLEY","SELASSIE IS THE CHAPEL (LP)",7``,1,0,0,Single,,42,45,Black,0,,OPTIMAL,,3224
KSCOPE1290,"MARIUSZ DUDA","AFR AI D (LP)",LP,1,0,0,Single,,140,33,Black,0,,OPTIMAL,,3225
VILELP1090,KATATONIA,"DANCE OF DECEMBER SOULS (30TH ANNIVERSARY LP)",LP,1,0,0,Single,,140,33,Marble,0,"Black + Pink",OPTIMAL,,3226
VILELP1091,ANATHEMA,"ALTERNATIVE 4 (25TH ANNIVERSARY LP)",LP,1,0,0,Single,,140,33,Marble,0,"Crystal Clear + White",OPTIMAL,,3227
VILELP1092,KATATONIA,"DISCOURAGED ONES (25TH ANNIVERSARY LP)",LP,1,0,0,Single,,140,33,Marble,0,"Black + Orange",OPTIMAL,,3228
VILELP1093,ANATHEMA,"SERENADES (30TH ANNIVERSARY LP)",LP,1,0,0,Single,,140,33,Marble,0,"Cream White + Brown",OPTIMAL,,3229
VILELP1094,"AT THE GATES","WITH FEAR I KISS THE BURNING DARKNESS (30TH ANNIVERSARY LP)",LP,1,0,0,Single,,140,33,Marble,0,"Black + Blue",OPTIMAL,,3230
VILELP1095,"MY DYING BRIDE","TURN LOOSE THE SWANS (30TH ANNIVERSARY LP)",LP,1,0,0,Single,,140,33,Marble,0,"Grey + Black",CSV,,3231
VILELP1096,AUTOPSY,"ASHES, ORGANS, BLOOD AND CRYPTS (ORANGE LP)",LP,1,0,0,Single,,140,33,Orange,0,,OPTIMAL,,3232
CDVILED344,"DHG (DODHEIMSGARD)","SUPERVILLAIN OUTCAST (CD)",CD,1,0,0,Jewel,12pp,,,,0,,VDC,,3233
KSCOPE1292,GONG,"UNENDING ASCENDING (LP)",LP,1,0,0,Single,,140,33,Black,0,,OPTIMAL,,3234
KSCOPE714,"NODENS ICTUS","THE COZMIC KEY (CD)",CD,1,0,0,Digipack4,0pp,,,,0,"BARCODE STICKER OF SMACDX1128",SP,,3235
KSCOPE1291,"MARIUSZ DUDA","AFR AI D (MAGENTA LP)",LP,1,0,0,Single,,140,33,Magenta,0,,OPTIMAL,,3236
CDVILEDX326,UNHOLY,"FROM THE SHADOWS (2CD)",2CD,2,0,0,Brilliant,12pp,,,,0,,SP,,3237
VILELP1097,UDAD,"UDAD (TRANSPARENT LP)",LP,1,0,0,Single,,140,33,Clear,0,,OPTIMAL,,3238
CDVILEF1097,UDAD,"UDAD (CD)",CD,1,0,0,Digipack4,4pp,,,,0,,SP,,3239
KSCOPE1293,GONG,"UNENDING ASCENDING (GREEN LP)",LP,1,0,0,Single,,140,33,Green,0,,OPTIMAL,,3240
KSCOPE1217,"OZRIC TENTACLES","LOTUS UNFOLDING (MARBLE LP)",LP,1,0,0,Single,,140,33,Marble,0,"Black + Transparent Turquoise",TAKT,,3241
KSCOPE792,GONG,"UNENDING ASCENDING (CD)",CD,1,0,0,Digipack4,8pp,,,,0,,SP,,3242
KSCOPE791,GODSTICKS,"THIS IS GODSTICKS (CD)",CD,1,0,0,Other,,,,,0,"Cardboard Sleeve",OPTIMAL,,3243
KSCOPE793,"THE PINEAPPLE THIEF","10 STORIES DOWN (CD)",CD,1,0,0,Digipack4,4pp,,,,0,,SP,,3244
CDVILEF1065,AVMAKT,"SATANIC INVERSION OF.... (CD)",CD,1,0,0,Jewel,8pp,,,,0,,VDC,,3245
VILELP1065,AVMAKT,"SATANIC INVERSION OF.... (LP)",LP,1,0,0,Single,,140,33,Black,0,,OPTIMAL,,3246
TRANSM202LP,"PORCUPINE TREE","COMA DIVINE",3LP,3,0,0,Gatefold,,140,33,Black,0,,OPTIMAL,,3247
SMACDX1283,"PRETTY THINGS","S.F. SORROW (CD)",CD,1,0,0,Digipack4,16pp,,,,0,,VDC,,3248
VILELP1085,"MORTA SKULD","CREATION UNDONE (LP)",LP,1,0,0,Single,,140,33,Black,0,,OPTIMAL,,3249
CDVILEF1085,"MORTA SKULD","CREATION UNDONE (CD)",CD,1,0,0,Jewel,8pp,,,,0,,VDC,,3250
KSCOPE1216,"HEAD CONTROL SYSTEM","MURDER NATURE (LP)",LP,1,0,0,Single,,140,33,Black,0,,OPTIMAL,,3251
KSCOPE796,"HEAD CONTROL SYSTEM","MURDER NATURE (2CD)",2CD,2,0,0,Brilliant,12pp,,,,0,,VDC,,3252
VILELP1100,"MORTA SKULD","CREATION UNDONE (GREEN LP)",LP,1,0,0,Single,,140,33,"Dark Green",0,,OPTIMAL,,3253
VILELP1101,ULVER,"VARGNATT (OXBLOOD LP)",LP,1,0,0,Single,,140,33,Red,0,,OPTIMAL,,3254
VILELP1102,ULVER,"VARGNATT (LP)",LP,1,0,0,Single,,140,33,Black,0,,OPTIMAL,,3255
VILELP1103,DARKTHRONE,"IT BECKONS US ALL (FAULTY BLACK LP)",LP,1,0,0,Single,,140,33,Black,0,,OPTIMAL,,3257
VILELP1098,CANDLEMASS,"EPICUS DOOMICUS METALLICUS (LIVE LP)",LP,1,0,0,Single,,140,33,Black,0,,TAKT,,3258
VILELP1099,CANDLEMASS,"NIGHTFALL (LIVE 2LP)",2LP,2,0,0,Gatefold,,140,33,Black,0,"D side etching",TAKT,,3259
KSCOPE790,"MARIUSZ DUDA","AFR AI D (CD)",CD,1,0,0,Jewel,12pp,,,,0,,SP,,3260
CDVILED1101,ULVER,"VARGNATT (CD)",CD,1,0,0,Jewel,8pp,,,,0,,VDC,,3261
VILELP1104,FIMBULWINTER,"SERVANTS OF SORCERY (GOLD LP)",LP,1,0,0,Gatefold,4pp,140,33,Gold,0,,OPTIMAL,,3262
VILELP1106,CANDLEMASS,"ANCIENT DREAMS (35TH ANNIVERSARY LP)",LP,1,0,0,Single,,140,33,Marble,0,"Transparent + Green",CSV,,3263
VILELP1107,"CARPATHIAN FOREST","MORBID FASCINATION OF DEATH (LP)",LP,1,0,0,Single,,140,33,Black,0,,OPTIMAL,,3264
KSCOPE794,BLACKFIELD,"BLACKFIELD II (CD)",CD,1,0,0,Digipack4,8pp,,,,0,,SP,,3265
CDVILED1108,"AUTOPSY v CANCER v MORTA SKULD v STATIC ABYSS","PEACE TILL DEATH (PEACEVILLE COMPILATION 2CD)",2CD,2,0,0,Brilliant,20pp,,,,0,,VDC,,3266
VILELP1108,"AUTOPSY v CANCER v MORTA SKULD v STATIC ABYSS","PEACE TILL DEATH (PEACEVILLE COMPILATION LP)",LP,1,0,0,Single,,140,33,Black,0,,OPTIMAL,,3267
KSCOPE795,BLACKFIELD,"BLACKFIELD (CD)",CD,1,0,0,Digipack4,8pp,,,,0,,SP,,3268
KSCOPE1221,"THE PINEAPPLE THIEF","IT LEADS TO THIS (CREAM WHITE LP)",LP,1,0,0,Single,,140,33,White,0,,OPTIMAL,,3269
KSCOPE1220,"THE PINEAPPLE THIEF","IT LEADS TO THIS (GREEN LP)",LP,1,0,0,Single,,140,33,Green,0,,OPTIMAL,,3271
KSCOPE1219,"THE PINEAPPLE THIEF","IT LEADS TO THIS (BRICK RED LP)",LP,1,0,0,Single,,140,33,Red,0,,OPTIMAL,,3272
KSCOPE1218,"THE PINEAPPLE THIEF","IT LEADS TO THIS (LP)",LP,1,0,0,Single,,140,33,Black,0,,OPTIMAL,,3274
KSCOPE3000,"THE PINEAPPLE THIEF","IT LEADS TO THIS (CD)",CD,1,0,0,Digipack4,12pp,,,,0,,OPTIMAL,,3275
KSCOPE3001,"THE PINEAPPLE THIEF","IT LEADS TO THIS (EARBOOK)",MixBoxSet,4,0,0,"Ear book",Other,,,,0,"2CD+Blu-ray+DVD in 52pp hardback book",TAKT,,3276
KSCOPE3002,"THE PINEAPPLE THIEF","IT LEADS TO THIS (Blu-ray)",Blu-ray,1,0,0,Amaray,12pp,,,,0,,TAKT,,3278
SMALP1285,"PRETTY THINGS","S.F. SORROW (YELLOW LP)",LP,1,0,0,Gatefold,,140,33,Yellow,0,,OPTIMAL,,3280
KSCOPE1222,BLACKFIELD,"BLACKFIELD (ORANGE LP)",LP,1,0,0,Single,,140,33,Orange,0,,OPTIMAL,,3281
SMALP1286,"LOVE WITH ARTHUR LEE","THE FOREVER CHANGES CONCERT (RED 2LP)",2LP,2,0,0,Gatefold,,140,33,Red,0,,OPTIMAL,,3282
TRANSM362LPS,"STEVEN WILSON","THE RAVEN THAT REFUSED TO SING (SILVER 2LP)",2LP,2,0,0,Gatefold,,140,33,Silver,0,,OPTIMAL,,3283
KSCOPE1299,TRIFECTA,"THE NEW NORMAL (2LP)",2LP,2,0,0,Single,,140,33,Black,0,,TAKT,,3284
VILELP1109,AUTOPSY,"SEVERED SURVIVAL (RED LP)",LP,1,0,0,Single,,140,33,Red,0,,OPTIMAL,,3285
VILELP1110,"PARADISE LOST","LOST PARADISE (BLUE LP)",LP,1,0,0,Single,,140,33,Blue,0,,OPTIMAL,,3286
VILELP1112,PENTAGRAM,"RELENTLESS (GREEN LP)",LP,1,0,0,Single,,140,33,Green,0,,OPTIMAL,,3288
VILELP1111,DARKTHRONE,"GOATLORD: ORIGINAL (YELLOW LP)",LP,1,0,0,Single,,140,33,Yellow,0,,OPTIMAL,,3290
CDVILEF1098,CANDLEMASS,"EPICUS DOOMICUS METALLICUS (LIVE CD)",CD,1,0,0,Jewel,8pp,,,,0,,VDC,,3292
CDVILEF1099,CANDLEMASS,"NIGHTFALL (LIVE CD)",CD,1,0,0,Jewel,8pp,,,,0,,VDC,,3293
SMACD1273,"STEVE HILLAGE","PARIS BATACLAN 11.12.79",2CD,2,0,0,Digipack6,12pp,,,,0,,SP,,3294
VILELP1115,DARKTHRONE,"A BLAZE IN THE NORTHERN SKY (CLEAR LP)",LP,1,0,0,Single,,140,33,Clear,0,"Overstock vinyl from VILELP954",TAKT,,3295
VILELP1116,"AURA NOIR","THE MERCILESS (20TH ANNIVERSARY LP)",LP,1,0,0,Single,,140,33,Silver,0,,OPTIMAL,,3296
KSCOPE597,"TANGERINE DREAM","SONIC POEMS (5CD EARBOOK)",MixBoxSet,5,0,0,"Ear book",60pp,,,,0,5CD,OPTIMAL,,3297
KSCOPE1225,"TANGERINE DREAM","EDGAR ALLAN POE`S THE ISLAND OF THE FAY (2LP)",2LP,2,0,0,Gatefold,,140,33,Black,0,"Etching on the D side.",OPTIMAL,,3298
KSCOPE1226,"TANGERINE DREAM","THE ANGEL OF THE WEST WINDOW (2LP)",2LP,2,0,0,Gatefold,,140,33,Black,0,"Etching on the D side.",OPTIMAL,,3299
KSCOPE1227,"TANGERINE DREAM","FINNEGANS WAKE (2LP)",2LP,2,0,0,Gatefold,,140,33,Black,0,"Etching on the D side.",OPTIMAL,,3300
KSCOPE1228,"TANGERINE DREAM","MONA DA VINCI (LP)",LP,1,0,0,Single,,140,33,Black,0,,OPTIMAL,,3301
CDVILED1117,DARKTHRONE,"ETERNAL HAILS...... (CD)",CD,1,0,0,Jewel,8pp,,,,0,,OPTIMAL,,3302
VILELP1012,CANDLEMASS,"NIGHTFALL (ORANGE LP)",LP,1,0,0,Single,,140,33,Orange,0,"2022 Remaster",TAKT,,3303
VILELP1013,CANDLEMASS,"THE COMING OF NIGHTFALL - STUDIO OUTTAKES (TURQUOISE LP)",LP,1,0,0,Single,,140,33,Green,0,,TAKT,,3304
VILELP1014,CANDLEMASS,"DARK ARE THE VEILS OF DEATH - NIGHTFALL REHEARSALS & DEMOS (DARK GREEN LP)",LP,1,0,0,Single,,140,33,Green,0,,TAKT,,3305
VILELP1113,"COFFIN STORM","ARCANA RISING (LP)",LP,1,0,0,Single,,140,33,Black,0,,OPTIMAL,,3306
CDVILEF1118,DOEDSMAGHIRD,"OMNIVERSE CONSCIOUSNESS (CD)",CD,1,0,0,Jewel,8pp,,,,0,,VDC,,3307
SMABX1241,CARAVAN,"THE SHOWS OF OURS... LIVE (BOXSET)",MixBoxSet,10,1,0,BoxSet,60pp,140,,Black,0,10LP,TAKT,,3308
EBVILE031,CANDLEMASS,"TRITONUS NIGHTS (LIVE 3LP BOX)",3LP,3,1,0,Single,8pp,140,33,MultiColour,0,"White + Red + Black",TAKT,,3309
KSCOPE1229,MANSUN,"LITTLE KIX (TRANSPARENT LP)",LP,1,0,0,Single,,180,33,,0,Transparent,OPTIMAL,,3313
KSCOPE1231,OCEANSIZE,"HOME & MINOR (ORANGE LP)",LP,1,0,0,Single,,140,33,Orange,0,,OPTIMAL,,3315
KSCOPE1232,MANSUN,"THE DEAD FLOWERS REJECT (LP)",LP,1,0,0,Single,,140,33,Black,0,,OPTIMAL,,3316
KSCOPE797,MANSUN,"THE DEAD FLOWERS REJECT (CD)",CD,1,0,0,Digipack4,16pp,,,,0,,SP,,3317
VILELP1122,AUTOPSY,"SKULL GRINDER (LP)",LP,1,0,0,Single,,140,33,Black,0,,OPTIMAL,,3318
VILELP1123,KATATONIA,"LAST FAIR DEAL GONE DOWN (LP)",LP,1,0,0,Single,,140,33,Black,0,,OPTIMAL,,3319
VILELP1125,AUTOPSY,"SEVERED SURVIVAL (35TH ANNIVERSARY GREEN COVER LP)",LP,1,0,0,Single,4pp,140,33,Marble,0,"Red + Black",OPTIMAL,,3321
CDVILEF1113,"COFFIN STORM","ARCANA RISING (CD)",CD,1,0,0,Jewel,8pp,,,,0,,VDC,,3322
KSCOPE799,TRIFECTA,"THE NEW NORMAL (CD)",CD,1,0,0,Digipack6,,,,,0,,SP,,3323
CDVILEF1124,"ORANGE GOBLIN","SCIENCE, NOT FICTION (JEWEL CD)",CD,1,0,0,Jewel,16pp,,,,0,,VDC,,3324
CDVILED1127,ISENGARD,"VARJEVNDOGN (CD)",CD,1,0,0,Jewel,8pp,,,,0,,VDC,,3325
KSCOPE1298,TRIFECTA,"THE NEW NORMAL (WHITE 2LP)",2LP,2,0,0,Single,,140,33,White,0,,TAKT,,3326
VILELP1126,"COFFIN STORM","ARCANA RISING (ORANGE LP)",LP,1,0,0,Single,,140,33,Orange,0,,OPTIMAL,,3327
VILELP1128,GGFH,"DISEASE (RED LP)",LP,1,0,0,Single,,140,33,Red,0,,OPTIMAL,,3328
SMABX1288,W.A.S.P.,"THE 7 SAVAGE - SECOND EDITION (BOXSET)",LPBox,8,1,0,BoxSet,60pp,140,33,Black,0,"8LP Box, 60 Page Book, Poster",CSV,,3329
KSCOPE3005,GONG,"I SEE YOU (10TH ANNIVERSARY CD)",CD,1,0,0,Digipack4,12pp,,,,0,,SP,,3330
VILELP1129,AVMAKT,"SATANIC INVERSION OF.... (WHITE LP)",LP,1,0,0,Single,,140,33,,0,,OPTIMAL,,3331
VILELP1130,DARKTHRONE,"IT BECKONS US ALL (FAULTY CREAM WHITE LP)",LP,1,0,0,Single,,140,33,White,0,,OPTIMAL,,3332
VILELP1131,DARKTHRONE,"IT BECKONS US ALL (FAULTY PURPLE LP)",LP,1,0,0,Single,,140,33,Purple,0,,OPTIMAL,,3333
VILELP1132,DARKTHRONE,"IT BECKONS US ALL (FAULTY CRYSTAL CLEAR LP)",LP,1,0,0,Single,,140,33,,0,"Crystal Clear",OPTIMAL,,3334
VILELP1133,DARKTHRONE,"IT BECKONS US ALL (FAULTY PETROL LP)",LP,1,0,0,Single,,140,33,Blue,0,,OPTIMAL,,3335
VILELP1134,DARKTHRONE,"IT BECKONS US ALL (FAULTY BLUE MARBLE LP)",LP,1,0,0,Single,,140,33,Marble,0,"Transparent Blue + Black + White",OPTIMAL,,3336
VILELP1135,DARKTHRONE,"IT BECKONS US ALL (FAULTY GREY MARBLE LP)",LP,1,0,0,Single,,140,33,Marble,0,,OPTIMAL,,3337
KSCOPE3006,"THE PINEAPPLE THIEF","ABDUCTED AT BIRTH (CD)",CD,1,0,0,Digipack4,4pp,,,,0,,SP,,3339
KSCOPE3007,"THE PINEAPPLE THIEF","ONE THREE SEVEN (CD)",CD,1,0,0,Digipack4,4pp,,,,0,,SP,,3340
KSCOPE3003,"THE PINEAPPLE THIEF","8 DAYS & 8 DAYS LATER (2CD)",2CD,2,0,0,SleevePac,0pp,,,,0,,SP,,3341
KSCOPE3008,"THE PINEAPPLE THIEF","LITTLE MAN (CD)",CD,1,0,0,Digipack4,4pp,,,,0,,SP,,3342
TRANSM133CD,"PORCUPINE TREE","OCTANE TWISTED (2CD/DVD)",2CD+DVD,3,0,0,Digipack6,,,,,0,,SP,,3343
VILELP1137,"KEEP OF KALESSIN","AGNEN : A JOURNEY THROUGH THE DARK (25TH ANNIVERSARY LP)",LP,1,0,0,Single,,140,33,Green,0,,OPTIMAL,,3344
VILELP1138,MORK,"KATEDRALEN (LP)",LP,1,0,0,Single,,140,33,Black,0,,TAKT,,3345
VILELP1139,"AURA NOIR","DREAMS LIKE DESERTS (LP)",LP,1,0,0,Single,,140,33,Black,0,,OPTIMAL,,3346
VILELP1140,SHINING,"SHINING - III: ANGST (ANNIVERSARY EDITION LP)",LP,1,0,0,Single,,140,33,,0,"Crystal Clear",OPTIMAL,,3347
VILELP1141,GEHENNA,"MURDER (25TH ANNIVERSARY RED LP)",LP,1,0,0,Single,,140,33,Red,0,Transparent,OPTIMAL,,3350
KSCOPE1131,"THE PINEAPPLE THIEF","ONE THREE SEVEN (LP)",LP,1,0,0,Single,,140,33,Black,0,,OPTIMAL,,3351
KSCOPE1149,"THE PINEAPPLE THIEF","LITTLE MAN",LP,1,0,0,Single,,140,33,Black,0,,OPTIMAL,,3352
KSCOPE3009,"BRUCE SOORD","BRUCE SOORD (CD)",CD,1,0,0,Digipack4,4pp,,,,0,,SP,,3353
KSCOPE3010,"BRUCE SOORD","ALL THIS WILL BE YOURS (CD)",CD,1,0,0,Digipack4,4pp,,,,0,,SP,,3354
KSCOPE1230,"THE PINEAPPLE THIEF","LAST TO RUN (DARK GREEN LP)",LP,1,0,0,Single,,140,45,Black,0,,OPTIMAL,,3355
KSCOPE1233,BLACKFIELD,"BLACKFIELD (20TH ANNIVERSARY LP)",LP,1,0,0,Single,,140,33,Marble,0,"Transparent Orange + Black",OPTIMAL,,3356
TRANSM253BX,"PORCUPINE TREE","FEAR OF A BLANK PLANET (BOXSET)",MixBoxSet,6,1,0,BoxSet,,,,,0,"5CD + Blu-ray | 112 page hardback book",OPTIMAL,,3357
KSCOPE1181,GONG,"LIVE TO INFINITEA - ON TOUR SPRING 2000 (2LP)",2LP,2,0,0,Single,,140,33,Black,0,,TAKT,,3358
KSCOPE3011,GONG,"THE UNIVERSE ALSO COLLAPSES (CD)",CD,1,0,0,Digipack4,,,,,0,,SP,,3359
KSCOPE3012,GONG,"LIVE TO INFINITEA - ON TOUR SPRING 2000 (CD)",CD,1,0,0,Digipack4,4pp,,,,0,,SP,,3360
VILELP1144,KATATONIA,"DISCOURAGED ONES (LP)",LP,1,0,0,Single,,140,33,Black,0,,OPTIMAL,,3361
SMACD1291,"STEVE HILLAGE","DUSSELDORF (2CD)",2CD,2,0,0,Brilliant,16pp,,,,0,,SP,,3363
SMABX1281,"WISHBONE ASH","AT THE BBC 1970 - 1988 (BOXSET)",MixBoxSet,12,1,0,BoxSet,,,,,0,"11CD + DVD 72pp Hardback Book",TAKT,,3364
SMABK1182,"WISHBONE ASH","NO EASY ROAD - WISHBONE ASH LIVE IN THE SEVENTIES (COFFEE TABLE BOOK)",MixBoxSet,1,0,0,,,,,,0,"Coffee Table Book + CD",SP,,3365
TRANSM363LPL,"STEVEN WILSON","THE RAVEN THAT REFUSED TO SING (10TH ANNIVERSARY 2LP)",2LP,2,0,0,Gatefold,8pp,140,33,Coloured,0,Luminous,OPTIMAL,,3367
VILELP1145,SETH,"LES BLESSURES DE L`AME (25TH ANNIVERSARY LP)",LP,1,0,0,Single,,140,33,Clear,0,,OPTIMAL,,3368
CDVILED1145,SETH,"LES BLESSURES DE L`AME (CD)",CD,1,0,0,Jewel,,,,,0,,VDC,,3369
CDVILED1146,HELLRIPPER,"COMPLETE AND TOTAL FUCKING MAYHEM (CD)",CD,1,0,0,Jewel,8pp,,,,0,,VDC,,3370
CDVILED1147,HELLRIPPER,"BLACK ARTS & ALCHEMY (CD)",CD,1,0,0,Jewel,4pp,,,,0,,VDC,,3371
VILELP1147,HELLRIPPER,"BLACK ARTS & ALCHEMY (ORANGE LP)",LP,1,0,0,Single,,140,45,Orange,0,,OPTIMAL,,3372
SMABX1141,"BONZO DOG DOO-DAH BAND","STILL BARKING (BOXSET)",MixBoxSet,20,0,0,BoxSet,Other,,,,0,"148pp Hardcover Book / 17CD + 3DVD",CSV,,3373
CDVILED1149,SHINING,"SHINING - IV: THE EERIE COLD (CD)",CD,1,0,0,Jewel,8pp,,,,0,,SP,,3374
CDVILED1148,SETH,"ERA DECAY (CD)",CD,1,0,0,Jewel,12pp,,,,0,,VDC,,3375
VILELP1148,SETH,"ERA DECAY (LP)",LP,1,0,0,Single,,140,,Black,0,,OPTIMAL,,3376
EBVILE032,DARKTHRONE,"IT BECKONS US ALL (BOXSET)",MixBoxSet,3,0,0,BoxSet,,140,33,MultiColour,0,"Corona LP, CD, Cassette, Art Prints",TAKT,,3377
EBVILE032LP,DARKTHRONE,"IT BECKONS US ALL (CORONA LP)",LP,1,0,0,Single,,140,33,MultiColour,0,"Black + Light Blue",OPTIMAL,,3378
VILELP1136,OPETH,"STILL LIFE (25TH ANNIVERSARY 2LP)",2LP,2,0,0,Gatefold,,140,33,Splatter,0,"Black + Red",OPTIMAL,,3379
KSCOPE3013,"GAVIN HARRISON","CHEATING THE POLYGRAPH (CD)",CD,1,0,0,Digipack4,8pp,,,,0,,VDC,,3380
CDVILED1152,"CRADLE OF FILTH","EVERMORE DARKLY (CD)",CD,1,0,0,Jewel,8pp,,,,0,,SP,,3381
VILELP1153,KATATONIA,"TONIGHT`S DECISION (25TH ANNIVERSARY LP)",LP,1,0,0,Single,,140,33,Marble,0,"Half-Speed Transparent Blue + White + Black",OPTIMAL,,3382
CDVILEF1154,"ORANGE GOBLIN","SCIENCE, NOT FICTION (DIGI CD)",CD,1,0,0,Digipack4,20pp,,,,0,,SP,,3383
VILELP1124,"ORANGE GOBLIN","SCIENCE, NOT FICTION (2LP)",2LP,2,0,0,Gatefold,,140,45,Black,0,,OPTIMAL,,3385
VILELP1142,"ORANGE GOBLIN","SCIENCE, NOT FICTION (CRYSTAL CLEAR 2LP)",2LP,2,0,0,Gatefold,,140,45,Clear,0,,OPTIMAL,,3386
VILELP1143,"ORANGE GOBLIN","SCIENCE, NOT FICTION (MARBLE 2LP)",2LP,2,0,0,Gatefold,,140,45,Marble,0,"Transparent Coke Bottle Green + Black",OPTIMAL,,3387
KSCOPE3014,"STEVE HOGARTH & RICHARD BARBIERI","NOT THE WEAPON BUT THE HAND (CD)",CD,1,0,0,Jewel,8pp,,,,0,,SP,,3390
CDVILED1155,DODHEIMSGARD,"SATANIC ART (CD)",CD,1,0,0,Jewel,8pp,,,,0,,VDC,,3391
VILELP1156,DODHEIMSGARD,"KRONET TIL KONGE (WHITE LP)",LP,1,0,0,Single,,140,33,White,0,,OPTIMAL,,3392
KSCOPE1234,"STORM CORROSION","STORM CORROSION (2LP)",2LP,2,0,0,Gatefold,,140,33,Black,0,,OPTIMAL,,3393
SMABX1261,"IAN ANDERSON","8314 BOXED (10LP BOX SET)",MixBoxSet,10,1,0,BoxSet,,140,33,Black,0,"10LP Set / 96 page book",TAKT,,3394
KSCOPE1058,"THE RADICANT","WE ASCEND (EP)",LP,1,0,0,Single,,140,33,Black,0,,OPTIMAL,,3395
VILELP1157,DARKTHRONE,"TRANSILVANIAN HUNGER (30TH ANNIVERSARY LP)",LP,1,0,0,Single,,140,33,MultiColour,0,"White + Black Corona",OPTIMAL,,3396
CDVILED1158,VALKYRJA,"THE INVOCATION OF DEMISE (CD)",CD,1,0,0,Jewel,12pp,,,,0,,OPTIMAL,,3397
VILELP1146,HELLRIPPER,"COMPLETE AND TOTAL FUCKING MAYHEM (WHITE LP)",LP,1,0,0,Single,,140,33,White,0,,OPTIMAL,,3398
VILELP1162,CANDLEMASS,"TALES OF CREATION (35TH ANNIVERSARY LP)",LP,1,0,0,Single,,140,33,Marble,0,"Transparent + Brown",OPTIMAL,,3400
VILELP1160,"AT THE GATES","TERMINAL SPIRIT DISEASE (30TH ANNIVERSARY LP)",LP,1,0,0,Single,,140,33,Marble,0,"Transparent Yellow + Red",OPTIMAL,,3401
VILELP1163,BLOODBATH,"GRAND MORBID FUNERAL (10TH ANNIVERSARY LP)",LP,1,0,0,Single,,140,33,Marble,0,"Silver + Black",OPTIMAL,,3402
VILELP1161,BEHEMOTH,"SATANICA (non-USA)(25TH ANNIVERSARY LP)",LP,1,0,0,Single,,140,33,Marble,0,"Smoke Grey",OPTIMAL,,3403
VILELP1164,DODHEIMSGARD,"666 INTERNATIONAL (25TH ANNIVERSARY LP)",LP,1,0,0,Single,,140,33,Marble,0,"Transparent Red + Black",TAKT,,3404
VILELP1159,KATATONIA,"NIGHT IS THE NEW DAY (15TH ANNIVERSARY LP)",LP,1,0,0,Single,,140,33,Marble,0,"Half-Speed Transparent Red + Black",OPTIMAL,,3405
SMABX1287,"FAIRPORT CONVENTION","IT ALL CAME ROUND AGAIN (BOXSET)",MixBoxSet,12,0,0,BoxSet,60pp,,,,0,11CD/DVD,TAKT,,3406
VILELP1118,DOEDSMAGHIRD,"OMNIVERSE CONSCIOUSNESS (LP)",LP,1,0,0,Single,,140,33,Black,0,,OPTIMAL,,3407
KSCOPE3015,"STORM CORROSION","STORM CORROSION (CD)",CD,1,0,0,Digipack4,8pp,,,,0,,SP,,3408
SMALP1264,"IAN ANDERSON","HOMO ERRATICUS (LP)",LP,1,0,0,Single,,140,33,Black,0,,TAKT,,3411
CDVILEF1167,MORK,"SYV (CD)",CD,1,0,0,Jewel,12pp,,,,0,,VDC,,3412
VILELP1167,MORK,"SYV (LP)",LP,1,0,0,Gatefold,,140,33,Black,0,,OPTIMAL,,3413
KSCOPE1235,"STORM CORROSION","STORM CORROSION (YELLOW 2LP)",2LP,2,0,0,Gatefold,8pp,140,33,Yellow,0,,OPTIMAL,,3414
KSCOPE3016,"STORM CORROSION","STORM CORROSION (BluRay)",Blu-ray,1,0,0,Amaray,12pp,,,,0,,SP,,3415
VILELP1175,MORK,"SYV (CREAM WHITE LP)",LP,1,0,0,Gatefold,,140,33,,0,,OPTIMAL,,3416
KSCOPE3017,"TIM BOWNESS","POWDER DRY (CD)",CD,1,0,0,Digipack4,8pp,,,,0,,SP,,3417
CDVILEF1103,DARKTHRONE,"IT BECKONS US ALL (CD)",CD,1,0,0,Jewel,12pp,,,,0,,VDC,,3418
VILELP1166,AUTOPSY,"SEVERED SURVIVAL (35TH ANNIVERSARY RED COVER LP)",LP,1,0,0,Single,4pp,140,33,Marble,0,"Red + Black",OPTIMAL,,3419
VILELP1176,DOEDSMAGHIRD,"OMNIVERSE CONSCIOUSNESS (MARBLE LP)",LP,1,0,0,Single,,140,33,Marble,0,"White + Black",OPTIMAL,,3420
SMABX1295,"BONZO DOG DOO-DAH BAND","STILL BARKING - SUPER DELUXE EDITION (BOXSET)",MixBoxSet,22,0,0,BoxSet,Other,,,,0,"148pp Hardcover Book / 17CD + 3DVD + signed print and additional inserts",CSV,,3421
VILELP316,GALLHAMMER,"THE END (LP)",LP,1,0,0,Single,,140,33,Black,0,,OPTIMAL,,3422
SMABX1284,"LAURA NYRO","HEAR MY SONG: THE COLLECTION 1966-1995 (BOXSET)",MixBoxSet,19,0,0,BoxSet,,,,,0,"Lift-off Lid Box, 92pp Hardback Book",TAKT,,3423
KSCOPE1240,"STORM CORROSION","STORM CORROSION (ORANGE & PURPLE 2LP)",2LP,2,0,0,Gatefold,8pp,140,33,,0,"Orange & Purple",OPTIMAL,,3424
KSCOPE1236,"TIM BOWNESS","POWDER DRY (LP)",LP,1,0,0,Single,,140,33,Black,0,,OPTIMAL,,3425
KSCOPE3020,"TIM BOWNESS","POWDER DRY (CD/DVD)",CD+DVD,2,0,0,Digipack6,8pp,,,,0,,SP,,3426
KSCOPE1241,"TIM BOWNESS","POWDER DRY (PINK LP)",LP,1,0,0,Single,,140,33,Pink,0,,OPTIMAL,,3427
KSCOPE1242,"TIM BOWNESS","POWDER DRY (YELLOW LP)",LP,1,0,0,Single,,140,33,Yellow,0,,OPTIMAL,,3428
KSCOPE3021,"GLEB KOLYADIN","MOBULA (CD)",CD,1,0,0,Digipack4,16pp,,,,0,,SP,,3429
KSCOPE3022,"JONATHAN HULTEN","EYES OF THE LIVING NIGHT (CD)",CD,1,0,0,Digipack4,12pp,,,,0,,SP,,3430
KSCOPE3018,"ENVY OF NONE","STYGIAN WAVES (CD)",CD,1,0,0,Digipack4,16pp,,,,0,,SP,,3431
SMALP1297,HORSLIPS,"AT THE BBC (2LP)",2LP,2,0,0,Gatefold,,140,33,Black,0,,TAKT,,3432
SMABX1296,HORSLIPS,"AT THE BBC (5 DISC SET)",MixBoxSet,5,0,0,,,,,,0,"4CD + DVD / 84 pages",TAKT,,3433
CDVILED1179,AUTOPSY,"MORBIDITY TRIUMPHANT (CD)",CD,1,0,0,Jewel,12pp,,,,0,,VDC,,3434
CDVILED1180,"NAPALM DEATH","ORDER OF THE LEECH (CD)",CD,1,0,0,Jewel,16pp,,,,0,,SP,,3435
VILELP1181,"MY DYING BRIDE","LIKE GODS OF THE SUN (LP)",LP,1,0,0,Single,,140,33,Black,0,,OPTIMAL,,3436
VILELP1182X,DARKTHRONE,"IT BECKONS US ALL (NEW BLACK LP)",LP,1,0,0,Single,,140,33,Black,0,,OPTIMAL,,3437
VILELP1187X,DARKTHRONE,"IT BECKONS US ALL (NEW BLUE MARBLE LP)",LP,1,0,0,Single,,140,33,Marble,0,"Transparent Blue + Black + White",OPTIMAL,,3438
VILELP1186X,DARKTHRONE,"IT BECKONS US ALL (NEW PETROL LP)",LP,1,0,0,Single,,140,33,Coloured,0,,OPTIMAL,,3439
VILELP1185X,DARKTHRONE,"IT BECKONS US ALL (NEW CRYSTAL CLEAR LP)",LP,1,0,0,Single,,140,33,Clear,0,,OPTIMAL,,3440
VILELP1184X,DARKTHRONE,"IT BECKONS US ALL (NEW PURPLE LP)",LP,1,0,0,Single,,140,33,Purple,0,,OPTIMAL,,3441
VILELP1183X,DARKTHRONE,"IT BECKONS US ALL (NEW CREAM WHITE LP)",LP,1,0,0,Single,,140,33,Coloured,0,,OPTIMAL,,3442
VILELP1188X,DARKTHRONE,"IT BECKONS US ALL (NEW GREY MARBLE LP)",LP,1,0,0,Single,,140,33,Marble,0,,OPTIMAL,,3443
VILELP1033,HELLRIPPER,"COAGULATING DARKNESS (GOLD LP)",LP,1,0,0,Single,,140,33,Gold,0,,OPTIMAL,,3444
VILELP1158,VALKYRJA,"THE INVOCATION OF DEMISE (LP)",LP,1,0,0,Single,,140,33,Black,0,,OPTIMAL,,3445
CDVILED1189,FLEURETY,"DEPARTMENT OF APOCALYPTIC AFFAIRS (CD)",CD,1,0,0,Jewel,12pp,,,,0,,VDC,,3446
KSCOPE3023,IHLO,"UNION (CD)",CD,1,0,0,Digipack4,8pp,,,,0,,SP,,3447
SMALP1253,"IAN ANDERSON","WALK INTO LIGHT (LP)",LP,1,0,0,Single,,140,33,Black,0,"Half-Speed Master",TAKT,,3448
SMALP1256,"IAN ANDERSON","DIVINITIES: TWELVE DANCES WITH GOD (LP)",LP,1,0,0,Single,,140,33,Black,0,"Half-Speed Master",TAKT,,3449
SMALP1261,"IAN ANDERSON","ROAMING IN THE GLOAMING (LP)",LP,1,0,0,Single,,140,33,Black,0,,TAKT,,3450
SMALP1292,"IAN ANDERSON","THE SECRET LANGUAGE OF BIRDS (2LP)",2LP,2,0,0,Single,,140,33,Black,0,"D Side Etching",TAKT,,3451
SMALP1293,"IAN ANDERSON","RUPI`S DANCE (2LP)",2LP,2,0,0,Single,,140,33,Black,0,"D Side Etching",TAKT,,3452
SMALP1294,"JETHRO TULL`S IAN ANDERSON","THICK AS A BRICK 2 (2LP)",2LP,2,0,0,Single,,140,33,Black,0,,TAKT,,3453
KSCOPE3024,"LUNATIC SOUL","LUNATIC SOUL (CD)",CD,1,0,0,Digipack4,4pp,,,,0,,OPTIMAL,,3454
CDVILED1190,"DHG (DODHEIMSGARD)","A UMBRA OMEGA (CD)",CD,1,0,0,Jewel,16pp,,,,0,,SP,,3455
VILELP934,CANDLEMASS,"WITCHCRAFT DEMO / OAL TRACKS (LP)",LP,1,0,0,Single,,140,,Black,0,,TAKT,,3456
CDVILEF1191,"NEW SKELETAL FACES","UNTIL THE NIGHT (CD)",CD,1,0,0,Jewel,4pp,,,,0,,VDC,,3458
VILELP1191,"NEW SKELETAL FACES","UNTIL THE NIGHT (LP)",LP,1,0,0,Single,,140,33,Black,0,,OPTIMAL,,3459
KSCOPE1245,IHLO,"UNION (2LP)",2LP,2,0,0,Single,,140,33,Black,0,,TAKT,,3460
CDVILED1192,GODKILLER,"THE END OF THE WORLD (CD)",CD,1,0,0,Jewel,8pp,,,,0,,VDC,,3461
VILELP1192,GODKILLER,"THE END OF THE WORLD (LP)",LP,1,0,0,Single,,140,33,Black,0,,OPTIMAL,,3462
VILELP1189,FLEURETY,"DEPARTMENT OF APOCALYPTIC AFFAIRS (25TH ANNIVERSARY LP)",LP,1,0,0,Single,,140,33,Marble,0,"White + Black",OPTIMAL,,3463
VILELP1193,"NEW SKELETAL FACES","UNTIL THE NIGHT (STARLIGHT LP)",LP,1,0,0,Single,,140,33,,0,Sparkle,OPTIMAL,,3464
KSCOPE1237,"ENVY OF NONE","STYGIAN WAVES (LP)",LP,1,0,0,Single,,140,33,Black,0,,TAKT,,3465
KSCOPE1065,"OZRIC TENTACLES","ERPLAND (2020 ED WYNNE REMASTER 2LP)",2LP,2,0,0,Single,,140,33,Black,0,,TAKT,,3466
KSCOPE3025,"OZRIC TENTACLES","SPACE FOR THE EARTH (CD)",CD,1,0,0,Digipack4,,,,,0,,SP,,3467
KSCOPE1070,"RICHARD BARBIERI","STRANGER INSIDE (2LP)",2LP,2,0,0,Single,,140,33,Black,0,,TAKT,,3468
KSCOPE1246,ANATHEMA,"UNTOUCHABLE (2LP)",2LP,2,0,0,Single,,140,33,Black,0,,TAKT,,3469
VILELP1194,EVOKEN,"QUIETUS (25TH ANNIVERSARY 2LP) (non-USA)",2LP,2,0,0,Gatefold,,140,33,,0,Grey,TAKT,,3470
KSCOPE1247,ANATHEMA,"DISTANT SATELLITES (10TH ANNIVERSARY 2LP)",2LP,2,0,0,Gatefold,,140,33,,0,Sparkle,OPTIMAL,,3471
SMALP1275,W.A.S.P.,"LIVE... IN THE RAW (LP)",LP,1,0,0,Single,,140,33,Black,0,,CSV,,3474
SMALP1251,W.A.S.P.,"INSIDE THE ELECTRIC CIRCUS (LP)",LP,1,0,0,Single,,140,33,Black,0,"2023 Half-Speed Master",CSV,,3475
SMALP1252,W.A.S.P.,"THE LAST COMMAND (LP)",LP,1,0,0,Single,,180,33,Black,0,"2023 Half-Speed Master",CSV,,3476
SMALP1298,W.A.S.P.,"W.A.S.P. (40TH ANNIVERSARY LP)",LP,1,0,0,Single,,180,33,Marble,0,"2023 Half-Speed Red + Black",CSV,,3477
KSCOPE3026,GONG,"UNENDING ASCENDING (TOUR EDITION)(CD)",CD,1,0,0,Digipack4,8pp,,,,0,,SP,,3478
CDVILED1195,MAYHEM,"LIVE IN SARPSBORG (CD)",CD,1,0,0,Jewel,16pp,,,,0,,SP,,3479
TRANSM421CD,"STEVEN WILSON","DECEMBER SKIES (CD)",CD,1,0,0,,,,,,0,"DVD sized Digifile with 3 Christmas Cards",TAKT,,3481
KSCOPE585,"TANGERINE DREAM","FROM VIRGIN TO QUANTUM YEARS: COVENTRY CATHEDRAL 22 (EARBOOK)",MixBoxSet,4,0,0,"Ear book",48pp,,,,0,3CD/BD,OPTIMAL,,3482
KSCOPE1244,"JONATHAN HULTEN","EYES OF THE LIVING NIGHT (LP)",LP,1,0,0,Single,,140,33,Black,0,,OPTIMAL,,3483
KSCOPEVOL12,"VARIOUS ARTISTS","KSCOPE SAMPLER - VOLUME 12 (CD)",CD,1,0,0,Single,,,,,0,Wallet,,,3484
SMABX1259,"MARTIN CARTHY","ALONG THE ROAD FOREVER: LIVE AT THE BBC (20CD BOXSET)",MixBoxSet,20,0,0,BoxSet,,,,,0,"20CD, 80pp Hardback Book & Signed Band Picture - Initial order: 1,600 units",TAKT,,3485
KSCOPE3027,"THE PINEAPPLE THIEF","LAST TO RUN (CD)",CD,1,0,0,Digipack4,,,,,0,,SP,,3486
SMALP1300,W.A.S.P.,"THE LAST COMMAND (WASP LP)",LP,1,0,0,Single,,180,33,,0,"Half-speed Yellow + Black",CSV,,3487
CDVILED865,MORK,"ROTA TIL ONDSKAP (CD)",CD,1,0,0,Jewel,4pp,,,,0,,VDC,,3488
SMALP967,W.A.S.P.,"THE LAST COMMAND (YELLOW LP)",LP,1,0,0,Single,,140,33,Yellow,0,,OPTIMAL,,3489
KSCOPE1248,"JONATHAN HULTEN","EYES OF THE LIVING NIGHT (PEARL BLUE LP)",LP,1,0,0,Single,,140,33,,0,,OPTIMAL,,3490
TRANSM422S,"STEVEN WILSON","DECEMBER SKIES (7``)",7``,1,0,0,Gatefold,,40,45,Black,0,"3 Christmas Cards",TAKT,,3491
CDVILED1204,FLEURETY,"LAST-MINUTE LIES / I LEFT THE PLANET (CD)",CD,1,0,0,Jewel,8pp,,,,0,,VDC,,3492
VILELP1204,FLEURETY,"LAST-MINUTE LIES / I LEFT THE PLANET (LP)",LP,1,0,0,Single,,140,33,Black,0,,OPTIMAL,,3493
KSCOPE1249,OCEANSIZE,"FRAMES (3LP)",3LP,3,0,0,Gatefold,8pp,140,33,Black,0,,TAKT,,3494
VILELP1205,"MY DYING BRIDE","THE ANGEL & THE DARK RIVER (30TH ANNIVERSARY LP)",LP,1,0,0,Single,,140,33,White,0,"Half-Speed Pearl Sunrise",OPTIMAL,,3495
CDVILED1206,MAYHEM,"PFA DEMO (CD)",CD,1,0,0,Jewel,12pp,,,,0,,VDC,,3496
VILELP1206,MAYHEM,"PFA DEMO (WHITE LP)",LP,1,0,0,Single,,140,33,,0,,OPTIMAL,,3497
VILELP1207,MAYHEM,"COMMAND FOR BLOOD, COMMAND FOR WAR (2LP)",2LP,2,0,0,Gatefold,,140,33,Black,0,,OPTIMAL,,3498
CDVILEDX1207,MAYHEM,"COMMAND FOR BLOOD, COMMAND FOR WAR (2CD)",2CD,2,0,0,Brilliant,16pp,,,,0,,VDC,,3499
KSCOPE1250,GONG,"I SEE YOU (10TH ANNIVERSARY 2LP)",2LP,2,0,0,Gatefold,,140,33,Black,0,,TAKT,,3500
KSCOPE1251,TESSERACT,"WAR OF BEING & LIVE AT RADAR (MARBLE 2LP TOUR EDITION)",2LP,1,0,0,Gatefold,8pp,140,33,Marble,0,,TAKT,,3501
SMABX1301,W.A.S.P.,"THE 7 SAVAGE (CD BOXSET)",CDBox,7,0,0,"Ear book",60pp,,,,0,"60pp Hardback Book in Slipcase",TAKT,,3502
SMALP1302,CARAVAN,"KEELE UNIVERSITY 1976 (LP)",LP,1,0,0,Single,,140,,,0,,TAKT,,3503
SMALP1303,CARAVAN,"BOBINO PARIS 1980 (2LP)",2LP,2,0,0,,,140,,,0,,TAKT,,3504
SMALP1304,CARAVAN,"OLD BUCKENHAM HALL SCHOOL 1990 (2LP)",2LP,2,0,0,,,140,,,0,,TAKT,,3505
SMALP1305,CARAVAN,"PARK HOTEL DISS 1998 (3LP)",3LP,3,0,0,,,140,,,0,,TAKT,,3506
SMALP1306,CARAVAN,"STABLES THEATRE WAVENDON 2001 (2LP)",2LP,2,0,0,,,140,,,0,,TAKT,,3507
KSCOPE599,"OZRIC TENTACLES","THROUGH THE MAGICK VALLEY (EARBOOK)",MixBoxSet,10,0,0,"Ear book",,,,,0,"9CD+DVD / 84pp - Initial order: 2,000 units",TAKT,,3508
KSCOPE3028,TESSERACT,"WAR OF BEING & LIVE AT RADAR (2CD TOUR EDITION)",2CD,2,1,0,Digipack4,36pp,,,,0,"KSCOPE786 + New Digi in Ocard",SP,,3509
CDVILEDX1208,CANDLEMASS,"TRITONUS NIGHTS (LIVE 2CD)",2CD,2,0,0,Brilliant,12pp,,,,0,,VDC,,3510
KSCOPE3029,O.R.K.,"FIREHOSE OF FALSEHOODS (CD)",CD,1,0,0,SleevePac,8pp,,,,0,,SP,,3511
KSCOPE1252,O.R.K.,"FIREHOSE OF FALSEHOODS (LP)",LP,1,0,0,Single,,140,33,Black,0,,OPTIMAL,,3512
VILELP1212,FIMBULWINTER,"SERVANTS OF SORCERY (LP)",LP,1,0,0,Single,,140,33,,0,,OPTIMAL,,3513
VILELP1213,"MORTA SKULD","AS HUMANITY FADES (30TH ANNIVERSARY LP)",LP,1,0,0,Single,,140,33,Green,0,,OPTIMAL,,3514
KSCOPE1243,"GLEB KOLYADIN","MOBULA (LP)",LP,1,0,0,Single,,140,33,Black,0,,OPTIMAL,,3515
CDVILEF1214,SIGH,"I SAW THE WORLD`S END [HANGMAN`S HYMN MMXXV] (CD)",CD,1,0,0,Jewel,16pp,,,,0,,VDC,,3516
VILELP1214,SIGH,"I SAW THE WORLD`S END [HANGMAN`S HYMN MMXXV] (LP)",LP,1,0,0,Single,,140,33,Black,0,,OPTIMAL,,3518
KSCOPE3019,"ENVY OF NONE","STYGIAN WAVES (BOXSET)",MixBoxSet,3,0,0,BoxSet,,140,33,Marble,0,"CD + BD + Transparent Green & Black LP",TAKT,,3519
VILELP1217,MAYHEM,"LIVE IN SKI (OXBLOOD LP)",LP,1,0,0,Single,,140,33,Red,0,"Etching on the B side.",OPTIMAL,,3520
SMALP1309,"MY RUIN","SPEAK & DESTROY (MARBLE 2LP)",2LP,2,0,0,Gatefold,,140,33,Marble,0,"White + Black",TAKT,,3521
KSCOPE1238,"ENVY OF NONE","STYGIAN WAVES (PINK LP)",LP,1,0,0,Single,,140,33,Pink,0,,TAKT,,3523
KSCOPE1239,"ENVY OF NONE","STYGIAN WAVES (BLUE LP)",LP,1,0,0,Single,,140,,Blue,0,,TAKT,,3524
SMALP1310,"THE PRETTY THINGS","THE PRETTY THINGS + LIVE AT THE 100 CLUB (60TH ANNIVERSARY 2LP)",2LP,2,0,0,"Wide Spine",,140,33,MultiColour,0,"Transparent Yellow + Transparent Red",OPTIMAL,,3525
KSCOPE1253,"GLEB KOLYADIN","MOBULA (PURPLE LP)",LP,1,0,0,Single,,140,33,Purple,0,,OPTIMAL,,3526
VILELP1215,CANCER,"INVERTED WORLD (LP)",LP,1,0,0,Single,,140,33,Black,0,,OPTIMAL,,3527
CDVILEF1215,CANCER,"INVERTED WORLD (CD)",CD,1,0,0,Jewel,12pp,,,,0,,VDC,,3528
KSCOPE1254,GAZPACHO,"SOYUZ (LP)",LP,1,0,0,Single,,140,33,Black,0,,TAKT,,3529
VILELP1218,SIGH,"I SAW THE WORLD`S END [HANGMAN`S HYMN MMXXV] (MARBLE LP)",LP,1,0,0,Single,,140,33,Marble,0,"White + Gold",OPTIMAL,,3530
KSCOPE3031,"LUNATIC SOUL","TBC (CD) unlikely to happen, he`s gone elsewhere",2CD,2,0,0,Digipack6,,,,,0,,SP,,3531
CDVILED1219,KATATONIA,"LAST FAIR DEAL GONE DOWN (CD)",CD,1,0,0,Digipack4,8pp,,,,0,,SP,,3532
CDVILED1220,THORNS,"THORNS (CD)",CD,1,0,0,Digipack4,8pp,,,,0,,SP,,3533
KSCOPE3030,"ENVY OF NONE","STYGIAN WAVES (BluRay)",Blu-ray,1,0,0,Amaray,12pp,,,,0,,TAKT,,3534
KSCOPE672,GAZPACHO,"NIGHT (CD)",CD,1,0,0,Jewel,8pp,,,,0,,SP,,3535
CDVILED1221,"MY DYING BRIDE","A LINE OF DEATHLESS KINGS (CD)",CD,1,0,0,Digipack4,8pp,,,,0,,VDC,,3536
CDVILED1225,KATATONIA,"VIVA EMPTINESS (ANNIVERSARY CD)",CD,1,0,0,Digipack4,,,,,0,,VDC,,3539
CDVILEDX1226,MAYHEM,"HENHOUSE RECORDINGS (CD/DVD)",CD+DVD,2,0,0,Brilliant,4pp,,,,0,,SP,,3540
CDVILED1227,DARKTHRONE,"ASTRAL FORTRESS (CD)",CD,1,0,0,Jewel,8pp,,,,0,,VDC,,3541
KSCOPE1258,"JONATHAN HULTEN","CHANTS FROM ANOTHER PLACE (LP)",LP,1,0,0,Single,,140,33,Black,0,,OPTIMAL,,3542
CDVILED1222,"AURA NOIR","DEEP TRACTS OF HELL (CD)",CD,1,0,0,Jewel,8pp,,,,0,,VDC,,3543
CDVILED1223,KHOLD,"MORKE GRAVERS KAMMER (CD)",CD,1,0,0,Jewel,8pp,,,,0,,OPTIMAL,,3544
CDVILED1224,"MORTA SKULD","FOR ALL ETERNITY (CD)",CD,1,0,0,Jewel,8pp,,,,0,,VDC,,3545
KSCOPE1259,O.R.K.,"FIREHOSE OF FALSEHOODS (COKE BOTTLE GREEN LP)",LP,1,0,0,Single,,140,,Green,0,,OPTIMAL,,3546
VILELP1216,CANCER,"INVERTED WORLD (PURPLE LP)",LP,1,0,0,Single,,140,33,Purple,0,,OPTIMAL,,3547
SMABX1242,"JEFF WAYNE","JEFF WAYNE`S MUSICAL VERSION OF THE WAR OF THE WORLDS - THE DELUXE COLLECTORS` EDITION (BOX SET)",MixBoxSet,18,0,0,BoxSet,,,,,0,"16 CD + 2 BD, 3 books, Map, 2 Art Prints, Certificate",CSV,,3548
SMABX1240,"JOHN MAYALL","THE SECOND GENERATION: LIVE MAGIC 1968-1993 (BOXSET)",CDBox,30,0,0,BoxSet,,,,,0,"30 CDs, 120pp Hardcover Casebound Book, 2x Inserts",,,3549
SMALP1312,"THE SENSATIONAL ALEX HARVEY BAND","FRAMED (LP)",LP,1,0,0,Single,,140,,,0,,TAKT,,3550
SMALP1313,"THE SENSATIONAL ALEX HARVEY BAND","THE IMPOSSIBLE DREAM (LP)",LP,1,0,0,Single,,140,,,0,,,,3551
SMALP1314,"THE SENSATIONAL ALEX HARVEY BAND","TOMORROW BELONGS TO ME (LP)",LP,1,0,0,Single,,140,,,0,,,,3552
SMALP1311,"THE SENSATIONAL ALEX HARVEY BAND","NEXT (LP)",LP,1,0,0,Single,,140,33,,0,,TAKT,,3553
KSCOPE1260,"BRUCE SOORD (The Pineapple Thief)","BRUCE SOORD (10TH ANNIVERSARY LP)",LP,1,0,0,Single,4pp,140,33,,0,"Half-Speed Pearl Blue",OPTIMAL,,3554
KSCOPE1261,"STEVE HOGARTH & RICHARD BARBIERI","NOT THE WEAPON BUT THE HAND (LP)",LP,1,0,0,Single,,140,33,Black,0,,TAKT,,3555
KSCOPE1192,GAZPACHO,"NIGHT (2LP)",2LP,2,0,0,Single,,140,33,Black,0,"D Side Etching",TAKT,,3557
VILELP1225,KATATONIA,"VIVA EMPTINESS (ANNIVERSARY LP)",LP,1,0,0,Single,,140,33,Marble,0,"Half-Speed Pearl Deep Ocean + Transparent + Black",OPTIMAL,,3558
CDVILED1229,SIGH,"SHIKI (CD)",CD,1,0,0,Jewel,12pp,,,,0,,VDC,,3559
KSCOPEVOL12-B,"VARIOUS ARTISTS","KSCOPE SAMPLER - VOLUME 12 - B (CD)",CD,1,0,0,Single,,,,,0,Wallet,SP,,3560
SMABX1308,"THE SENSATIONAL ALEX HARVEY BAND","GOOD EVENING BOYS & GIRLS (BOXSET)",MixBoxSet,21,0,0,BoxSet,,,,,0,"21CD, 144pp Hardback Book, 16pp Stitched Book & Signed Band Picture - Initial order: 2,000 units",TAKT,,3561
VILELP1230,DARKTHRONE,"PANZERFAUST (30TH ANNIVERSARY LP)",LP,1,0,0,Single,,140,33,Splatter,0,"Black + White",OPTIMAL,,3562
CDVILED1230X,DARKTHRONE,"PANZERFAUST (30TH ANNIVERSARY 2CD)",2CD,2,0,0,Brilliant,4pp,,,,0,,VDC,,3563
CDVILED1231,MYSTICUM,"PLANET SATAN (CD)",CD,1,0,0,Jewel,16pp,,,,0,,VDC,,3564
VILELP1232,CANCER,"TO THE GORY END (35TH ANNIVERSARY LP)",LP,1,0,0,Single,,140,33,,0,"Transparent Red + Silver Galaxy",SP,,3565
KSCOPE1264,"ENVY OF NONE","STYGIAN WAVES (EON EDITION PURPLE LP)",LP,1,0,0,Single,,140,33,Purple,0,,TAKT,,3567
SMALP1316,"THE SENSATIONAL ALEX HARVEY BAND","NEXT (PICTURE DISC)",LP,1,0,0,Single,,140,,"Picture Disc",0,,,,3568
SMALP1317,"THE SENSATIONAL ALEX HARVEY BAND","FRAMED (PICTURE DISC)",LP,1,0,0,Single,,140,,"Picture Disc",0,,,,3569
SMALP1318,"THE SENSATIONAL ALEX HARVEY BAND","THE IMPOSSIBLE DREAM (PICTURE DISC)",LP,1,0,0,Single,,140,,"Neon Yellow",0,,,,3570
SMALP1319,"THE SENSATIONAL ALEX HARVEY BAND","TOMORROW BELONGS TO ME (PICTURE DISC)",LP,1,0,0,Single,,140,,"Picture Disc",0,,,,3571
VILELP1233,"PARADISE LOST","LOST PARADISE (35TH ANNIVERSARY LP)",LP,1,0,0,Single,,140,33,Marble,0,"Magenta + White",OPTIMAL,,3572
VILELP1236,MAYHEM,"LIVE IN LEIPZIG (35TH ANNIVERSARY LP)",LP,1,0,0,Single,,140,33,Marble,0,"Crystal Clear + Purple + Black",OPTIMAL,,3573
KSCOPE3033,TEXTURES,"GENOTYPE (CD)",CD,1,0,0,Digipack6,,,,,0,,SP,,3574
CDVILED1239X,DARKTHRONE,"A BLAZE IN THE NORTHERN SKY (2CD)",2CD,2,0,0,Brilliant,4pp,,,,0,,VDC,,3575
CDVILED1240X,DARKTHRONE,"TRANSILVANIAN HUNGER (2CD)",2CD,2,0,0,Brilliant,4pp,,,,0,,VDC,,3576
CDVILED1241X,DARKTHRONE,"UNDER A FUNERAL MOON (2CD)",2CD,2,0,0,Brilliant,4pp,,,,0,,VDC,,3577
KSCOPE1263,"NORDIC GIANTS","AMPLIFY HUMAN VIBRATION (LP)",LP,1,0,0,Single,,140,33,Black,0,,OPTIMAL,,3578
KSCOPE1262,"NORDIC GIANTS","A SEANCE OF DARK DELUSIONS (LP)",LP,1,0,0,Single,,140,33,Black,0,,OPTIMAL,,3579
VILELP417,ISENGARD,HOSTMORKE,LP,1,0,0,Single,,140,33,Black,0,,OPTIMAL,,3580
KSCOPE3034,"CRIPPLED BLACK PHOENIX","THE RESURRECTIONISTS (CD)",CD,1,0,0,Digipack4,8pp,,,,0,,OPTIMAL,,3581
KSCOPE1269,"CRIPPLED BLACK PHOENIX","I, VIGILANTE (LP)",LP,1,0,0,Single,,140,33,Black,0,,TAKT,,3582
VILELP1243,ISENGARD,"HOSTMORKE (30TH ANNIVERSARY LP)",LP,1,0,0,Single,,140,33,Marble,0,"Transparent Crystal Amber + Transparent Crystal Orange + Black",OPTIMAL,,3584
CDVILED1244,DODHEIMSGARD,"666 INTERNATIONAL (CD)",CD,1,0,0,Digipack4,12pp,,,,0,,SP,,3585
CDVILED1245,BLOODBATH,"THE FATHOMLESS MASTERY (CD)",CD,1,0,0,Jewel,16pp,,,,0,,VDC,,3586
VILELP1237,ANATHEMA,"THE SILENT ENIGMA (30TH ANNIVERSARY LP)",LP,1,0,0,Single,,140,33,Marble,0,"Crystal Transparent + Black",TAKT,,3587
CDVILED1246,BLOODBATH,"THE ARROW OF SATAN IS DRAWN (CD)",CD,1,0,0,Jewel,16pp,,,,0,,VDC,,3588
KSCOPE1200,"TANGERINE DREAM","FROM VIRGIN TO QUANTUM YEARS: COVENTRY CATHEDRAL 22 (3LP)",3LP,3,0,0,Gatefold,8pp,140,33,Black,0,,TAKT,,3589
CDVILED36,ANATHEMA,"SERENADES (2CD)",2CD,2,0,0,Brilliant,,,,,0,,,,3590
CDVILED1247,MORK,"KATEDRALEN (CD)",CD,1,0,0,Jewel,12pp,,,,0,,VDC,,3591
CDVILED1243X,ISENGARD,"HOSTMORKE (30TH ANNIVERSARY 2CD)",2CD,2,0,0,Brilliant,8pp,,,,0,,SP,,3592
CDVILED1248,"DARK SANCTUARY","EXAUDI VOCEM MEAM, PART 1 (CD)",CD,1,0,0,Jewel,16pp,,,,0,,VDC,,3593
CDVILED1249,"DARK SANCTUARY","EXAUDI VOCEM MEAM, PART 2 (CD)",CD,1,0,0,Jewel,16pp,,,,0,,VDC,,3594
SMALP1320,NIRVANA,"SECRETS (LP)",LP,1,0,0,Single,,140,33,Black,0,,OPTIMAL,,3595
TRANSM373LP,"STEVEN WILSON","HAND. CANNOT. ERASE. (10TH ANNIVERSARY 2LP)",2LP,2,0,0,Gatefold,,140,33,Splatter,0,"Half-Speed / Neon Pink + Purple",OPTIMAL,,3596
CDVILED108,"VITAL REMAINS","INTO COLD DARKNESS (30TH ANNIVERSARY CD)",CD,1,0,0,Jewel,8pp,,,,0,,VDC,,3597
VILELP1251,AUTOPSY,"SHITFUN (30TH ANNIVERSARY LP)",LP,1,0,0,Single,,140,33,Marble,0,"Brown + Black",OPTIMAL,,3599
VILELP1238,BEHEMOTH,"THELEMA.6 (25TH ANNIVERSARY LP)",LP,1,0,0,Single,,180,33,Splatter,0,"White + Dark Green + Black",OPTIMAL,,3600
CDVILED1250,"AURA NOIR","DREAMS LIKE DESERTS (30TH ANNIVERSARY CD)",CD,1,0,0,Jewel,8pp,,,,0,,VDC,,3601
CDVILED1253,ANATHEMA,"CRESTFALLEN (CD)",CD,1,0,0,Jewel,4pp,,,,0,,VDC,,3602
CDVILED1255,BEHEMOTH,"ZOS KIA CULTUS (CD)",CD,1,0,0,Jewel,16pp,,,,0,,VDC,,3603
CDVILED1252,"CARPATHIAN FULL MOON","SERENADES IN BLOOD MINOR (CD)",CD,1,0,0,Jewel,8pp,,,,0,,VDC,,3604
CDVILED1254,ANATHEMA,"PENTECOST III (CD)",CD,1,0,0,Jewel,8pp,,,,0,,VDC,,3605
CDVILED370,"AURA NOIR","DEEP TRACTS OF HELL",CD,1,0,0,Jewel,12pp,,,,0,,OPTIMAL,,3606
CDVILED1233,"PARADISE LOST","LOST PARADISE (35TH ANNIVERSARY CD)",CD,1,0,0,Jewel,8pp,,,,0,,VDC,,3608
VILELP1234,PENTAGRAM,"RELENTLESS (40TH ANNIVERSARY LP)",LP,1,0,0,Single,,140,33,Marble,0,"Pear Arctic + Black",OPTIMAL,,3609
KSCOPE1265,TESSERACT,"POLARIS (10TH ANNIVERSARY LP)",LP,1,0,0,Single,,180,33,Clear,0,"Half-Speed Crystal Clear",OPTIMAL,,3610
CDVILED1235,"MY DYING BRIDE","THE ANGEL AND THE DARK RIVER (CD)",CD,1,0,0,Digipack4,8pp,,,,0,,VDC,,3611
KSCOPE3037,GAZPACHO,"MARCH OF GHOSTS (CD)",CD,1,0,0,Digipack4,4pp,,,,0,,VDC,,3612
VILELP1258,DODHEIMSGARD,"666 INTERNATIONAL (LP)",LP,1,0,0,Single,,140,33,Black,0,,TAKT,,3613
CDVILED1257X,ANATHEMA,"SERENADES (2CD)",2CD,2,0,0,Brilliant,8pp,,,,0,,VDC,,3614
CDVILED1259,BLOODBATH,"UNBLESSING THE PURITY (CD)",CD,1,0,0,Jewel,8pp,,,,0,,VDC,,3615
VILELP1254,ANATHEMA,"PENTECOST III (30TH ANNIVERSARY LP)",LP,1,0,0,Single,,140,33,Marble,0,"Gold + Red",OPTIMAL,,3616
VILELP1257,ANATHEMA,"SERENADES (LP)",LP,1,0,0,Single,,140,33,Black,0,,OPTIMAL,,3617
VILELP1253,ANATHEMA,"CRESTFALLEN (LP)",LP,1,0,0,Single,,140,33,Black,0,,OPTIMAL,,3618
KSCOPE3039,IHLO,"LEGACY (CD)",CD,1,0,0,Digipack4,12pp,,,,0,,SP,,3619
KSCOPE1276,"OZRIC TENTACLES","CURIOUS CORN (2020 ED WYNNE REMASTER LP)",LP,1,0,0,Single,,140,33,Black,0,,OPTIMAL,,3620
KSCOPE3040,"ENVY OF NONE","THAT WAS THEN, THIS IS NOW (CD)",CD,1,0,0,Digipack4,,,,,0,,,,3621
KSCOPE1274,IHLO,"LEGACY (2LP)",2LP,2,0,0,Single,,140,33,Black,0,,TAKT,,3622
KSCOPE1275,IHLO,"LEGACY (DARK GREEN 2LP)",2LP,2,0,0,Single,,140,33,"Dark Green",0,,TAKT,,3623
SMALP1321,"LAURA NYRO","LIVE IN SAN FRANCISCO, 28TH APRIL 1994 (CLEAR 2LP)",2LP,2,0,0,Single,,140,33,Clear,0,,TAKT,,3624
SMABX1290,NIRVANA,"THE SHOW MUST GO ON: THE COMPLETE NIRVANA COLLECTION (BOXSET)",MixBoxSet,12,0,0,BoxSet,,,,,0,"Lift-off Lid Box, 84pp Hardback Book",TAKT,,3625
KSCOPE588,"TANGERINE DREAM","FROM VIRGIN TO QUANTUM YEARS: COVENTRY CATHEDRAL 22 (2CD)",2CD,2,0,0,Digipack6,8pp,,,,0,,SP,,3626
VILELP1260,KATATONIA,"TONIGHT`S DECISION (LP)",LP,1,0,0,Single,,140,33,Black,0,Half-Speed,OPTIMAL,,3627
KSCOPE1277,"THE PINEAPPLE THIEF","10 STORIES DOWN (20TH ANNIVERSARY LP)",LP,1,0,0,Single,,140,33,Marble,0,"Apricot + Black",OPTIMAL,,3628
SMABX1307,"JEFF WAYNE","JEFF WAYNE`S MUSICAL VERSION OF THE WAR OF THE WORLDS - THE ULTIMATE COLLECTORS` EDITION (BOX SET)",MixBoxSet,20,0,0,BoxSet,,140,33,,0,"16 CD + 2 BD + 2x Coloured 2LP, 3 books, Map, 2 Art Prints, Certificate",CSV,,3629
KSCOPE1278,OCEANSIZE,"SELF PRESERVED WHILE THE BODIES FLOAT UP (15TH ANNIVERSARY 3LP)",3LP,3,0,0,Gatefold,,140,33,Black,0,,TAKT,,3630
VILELP1276,RUiM,"BLACK ROYAL SPIRITISM - I.O SINO DA IGREJA (TRANSPARENT RED LP)",LP,1,0,0,Single,,140,,Red,0,,OPTIMAL,,3631
KSCOPE3041,TRIFECTA,"FRAGMENTS + THE NEW NORMAL (2CD)",2CD,2,0,0,Other,,,,,0,,SP,,3632
CDVILEF1263,"SCORPION MILK","SLIME OF THE TIMES (CD)",CD,1,0,0,Jewel,12pp,,,,0,,VDC,,3633
CDVILED1268,KATATONIA,"SOUNDS OF DECAY (CD)",CD,1,0,0,Digipack4,0pp,,,,0,,VDC,,3634
CDVILED1267,KATATONIA,"BRAVE MURDER DAY (CD)",CD,1,0,0,Jewel,8pp,,,,0,,VDC,,3635
KSCOPE3038,NOSOUND,"TO THE CORE (CD)",CD,1,0,0,Digipack4,12pp,,,,0,,VDC,,3636
CDVILED1271,DOOM,"TOTAL DOOM (CD)",CD,1,0,0,Jewel,4pp,,,,0,,VDC,,3637
CDVILED1272,TAAKE,"OVER BJOERGVIN GRAATER HIMMERIK (CD)",CD,1,0,0,Jewel,4pp,,,,0,,SP,,3638
CDVILED1273,BLOODBATH,"GRAND MORBID FUNERAL (CD)",CD,1,0,0,Jewel,16pp,,,,0,,VDC,,3640
CDVILED1274,AUTOPSY,"THE HEADLESS RITUAL (CD)",CD,1,0,0,Jewel,16pp,,,,0,,VDC,,3641
CDVILED1275,AKERCOCKE,"THE GOAT OF MENDES (CD)",CD,1,0,0,Jewel,16pp,,,,0,,SP,,3642
CDVILED1277,DODHEIMSGARD,"MONUMENTAL POSSESSION (CD)",CD,1,0,0,Jewel,8pp,,,,0,,SP,,3643
VILELP1278,"SCORPION MILK","SLIME OF THE TIMES (TRANSPARENT RED LP)",LP,1,0,0,Single,,140,33,Red,0,,OPTIMAL,,3644
VILELP1263,"SCORPION MILK","SLIME OF THE TIMES (LP)",LP,1,0,0,Single,,140,33,Black,0,,OPTIMAL,,3645
KSCOPE598,"THE PINEAPPLE THIEF","RETRACING OUR STEPS (EARBOOK)",MixBoxSet,8,0,0,"Ear book",,,,,0,"7CD+BD in 76pp Hardback Book - Initial order: 3,000 units",OPTIMAL,,3646
CDVILED1280,AXEGRINDER,"THE RISE OF THE SERPENT MEN (CD)",CD,1,0,0,Jewel,,,,,0,,VDC,,3647
CDVILED1282,"ELECTRO HIPPIES","THE ONLY GOOD PUNK IS A DEAD ONE (CD)",CD,1,0,0,Jewel,4pp,,,,0,,VDC,,3649
CDVILED1283,"EXTRA HOT SAUCE","TACO OF DEATH (CD)",CD,1,0,0,Jewel,4pp,,,,0,,VDC,,3650
CDVILED1284,"DEVIATED INSTINCT","ROCK `N` ROLL CONFORMITY (CD)",CD,1,0,0,Jewel,8pp,,,,0,,VDC,,3653
CDVILED1285,"DEVIATED INSTINCT","GUTTURAL BREATH (CD)",CD,1,0,0,Jewel,4pp,,,,0,,VDC,,3654
CDVILED1279P,"VARIOUS ARTISTS","PEACEVILLE SAMPLER - VOLUME 25 (CD)",CD,1,0,0,Other,,,,,0,Wallet,OPTIMAL,,3655
VILELP1287,DARKTHRONE,"DARK THRONES & BLACK FLAGS (LP)",LP,1,0,0,Single,,,33,Black,0,,CSV,,3656
KSCOPE3043,TESSERACT,"POLARIS (CD)",CD,1,0,0,Digipack4,12pp,,,,0,,SP,,3657
VILELP1290,SIGH,"SCORN DEFEAT (LP)",LP,1,0,0,Single,,140,33,Black,0,,OPTIMAL,,3658
CDVILED1290,SIGH,"SCORN DEFEAT (CD)",CD,1,0,0,Jewel,16pp,,,,0,,VDC,,3659
SMACDX1323,"PRETTY THINGS","PARACHUTE (CD)",CD,1,0,0,Digipack4,8pp,,,,0,,VDC,,3660
SMALP1324,"PRETTY THINGS","PARACHUTE (LP)",LP,1,0,0,Gatefold,,140,33,Black,0,,OPTIMAL,,3661
VILELP1291,MORK,"ISEBAKKE (ANNIVERSARY LP)",LP,1,0,0,Single,,140,33,,0,"Transparent Blue",TAKT,,3662
KSCOPE1266,TEXTURES,"GENOTYPE (LP)",LP,1,0,0,Gatefold,2pp,140,33,Black,0,,TAKT,,3663
KSCOPE1267,TEXTURES,"GENOTYPE (MARBLE LP)",LP,1,0,0,Gatefold,2pp,140,33,Marble,0,"Cystal Clear + White + Blue",TAKT,,3664
KSCOPE1268,TEXTURES,"GENOTYPE (SPLATTER LP)",LP,1,0,0,Gatefold,2pp,140,33,Splatter,0,"Coke Bottle Green + Yellow",TAKT,,3665
SMALP1322,W.A.S.P.,"INSIDE THE ELECTRIC CIRCUS (40TH ANNIVERSARY LP)",LP,1,0,0,Single,,180,33,,0,"Half-speed Transparent Blue + White Galaxy",CSV,,3666
SMACDX1327,"FLEETWOOD MAC","BOSTON VOLUME 1 (CD)",CD,1,0,0,Digipack4,8pp,,,,0,,VDC,,3667
VILELP1288,NOVEMBRE,"WORDS OF INDIGO (LP)",LP,1,0,0,Single,,140,33,Black,0,,OPTIMAL,,3668
VILELP1289,NOVEMBRE,"WORDS OF INDIGO (CURACAO LP)",LP,1,0,0,Single,,140,33,,0,,OPTIMAL,,3669
CDVILEF1288,NOVEMBRE,"WORDS OF INDIGO (CD)",CD,1,0,0,Jewel,16pp,,,,0,,VDC,,3670
VILELP1292,ULVER,"THEMES FROM WILLIAM BLAKE`S THE MARRIAGE OF HEAVEN AND HELL (2LP)",2LP,2,0,0,Gatefold,,140,33,Black,0,,TAKT,,3671
KSCOPE3044,ULVER,"CHILDHOOD`S END (CD)",CD,1,0,0,Digipack4,12pp,,,,0,,SP,,3672
SMACD1328,W.A.S.P.,"THE BEST OF THE BEST (CD)",CD,1,0,0,Digipack4,8pp,,,,0,,SP,,3673
CDVILED1293,DARKTHRONE,"F.O.A.D. (CD)",CD,1,0,0,Jewel,20pp,,,,0,,SP,,3674
CDVILED1294,PENTAGRAM,"CURIOUS VOLUME (CD)",CD,1,0,0,Digipack4,12pp,,,,0,,SP,,3675
CDVILED1295,AKERCOCKE,"RENAISSANCE IN EXTREMIS (CD)",CD,1,0,0,Jewel,12pp,,,,0,,SP,,3676
VILELP1296,"NAPALM DEATH","ORDER OF THE LEECH (LP)",LP,1,0,0,Single,,140,33,Black,0,,OPTIMAL,,3677
SMACDX1329,W.A.S.P.,"DOUBLE LIVE ASSASSINS (2CD)",2CD,2,0,0,Brilliant,12pp,,,,0,,SP,,3678
SMALP1328,W.A.S.P.,"THE BEST OF THE BEST (2LP)",2LP,2,0,0,Gatefold,,140,33,Black,0,,OPTIMAL,,3679
SMALP1330,"RICK WAKEMAN","MELANCHOLIA (LP)",LP,1,0,0,Single,,140,33,Black,0,,TAKT,,3680
SMALP1331,"RICK WAKEMAN","MELANCHOLIA (SILVER LP)",LP,1,0,0,Single,,140,33,Silver,0,,TAKT,,3681
KSCOPE3045,"TANGERINE DREAM","RAUM (CD)",CD,1,0,0,Digipack4,12pp,,,,0,,SP,,3682
KSCOPE3035,TESSERACT,"RADAR O.S.T. (2CD)",2CD,2,0,0,Digipack6,16pp,,,,0,,SP,,3683
KSCOPE1273,TESSERACT,"RADAR O.S.T. (2LP)",2LP,2,0,0,Gatefold,,140,33,Black,0,,TAKT,,3684
VILELP1252,"CARPATHIAN FULL MOON","SERENADES IN BLOOD MINOR (LP)",LP,1,0,0,Single,,140,33,Black,0,,OPTIMAL,,3685
CDVILEF1270,MORTEM,"MORKETID (CD)",CD,1,0,0,Jewel,12pp,,,,0,,VDC,,3686
SMABX1278,"THE PRETTY THINGS","PRETTY RARE (EARBOOK)",MixBoxSet,12,0,0,"Ear book",,,,,0,,TAKT,,3687
VILELP1300,THERGOTHON,"STREAM FROM THE HEAVENS (30TH ANNIVERSARY LP)",LP,1,0,0,Single,,140,33,Marble,0,"Purple + Red Gold",OPTIMAL,,3688
KSCOPE3036,GAZPACHO,"MAGIC 8 BALL (CD)",CD,1,0,0,Digipack4,24pp,,,,0,,SP,,3689
SMACD1330,"RICK WAKEMAN","MELANCHOLIA (CD)",CD,1,0,0,Digipack4,6pp,,,,0,,SP,,3690
KSCOPE1271,GAZPACHO,"MAGIC 8 BALL (LP)",LP,1,0,0,Single,,140,33,Black,0,,OPTIMAL,,3691
KSCOPE1272,GAZPACHO,"MAGIC 8 BALL (SPARKLE LP)",LP,1,0,0,Single,,140,33,,0,Sparkle,OPTIMAL,,3692
SMACD1325,"SPOCK`S BEARD","THE ARCHAEOPTIMIST (CD)",CD,1,0,0,Digipack4,12pp,,,,0,,SP,,3693
SMALP1325,"SPOCK`S BEARD","THE ARCHAEOPTIMIST (2LP)",2LP,2,0,0,Gatefold,,140,33,Black,0,,TAKT,,3694
SMALP1326,"SPOCK`S BEARD","THE ARCHAEOPTIMIST (RED 2LP)",2LP,2,0,0,Gatefold,,140,33,Red,0,,TAKT,,3695
VILELP1304,ABSCESS,"DAWN OF INHUMANITY (RED LP)",LP,1,0,0,Single,,140,33,Red,0,,OPTIMAL,,3696
KSCOPE3046,TESSERACT,"RADAR (BD/2CD)",MixBoxSet,3,0,0,"Media book",48pp,,,,0,"Initial order: 2,000 units",TAKT,,3697
KSCOPE1279,TESSERACT,"RADAR O.S.T. (TRANS ORANGE 2LP)",2LP,2,0,0,Gatefold,,140,33,Orange,0,,TAKT,,3698
KSCOPE3047,TESSERACT,"RADAR (BluRay)",Blu-ray,1,0,0,Amaray,16pp,,,,0,,TAKT,,3699
VILELP1302,CANCER,"DEATH SHALL RISE (LP)",LP,1,0,0,Single,,140,33,Black,0,,SP,,3700
VILELP1303,CANCER,"TO THE GORY END (LP)",LP,1,0,0,Single,,140,33,Black,0,,SP,,3701
CDVILEF1305,DARKTHRONE,"PRE-HISTORIC METAL (CD)",CD,1,0,0,Jewel,12pp,,,,0,,VDC,,3702
VILELP1305,DARKTHRONE,"PRE-HISTORIC METAL (LP)",LP,1,0,0,Single,,140,33,Black,0,,TAKT,,3703
VILELP108,"VITAL REMAINS","INTO COLD DARKNESS (30TH ANNIVERSARY LP)",LP,1,0,0,Single,,140,33,"Dark Green",0,,OPTIMAL,,3704
VILELP1317,GODKILLER,"DELIVERANCE (25TH ANNIVERSARY LP)",LP,1,0,0,Single,,140,33,,0,Oxblood,OPTIMAL,,3705
CDVILED1317,GODKILLER,"DELIVERANCE (25TH ANNIVERSARY CD)",CD,1,0,0,Jewel,8pp,,,,0,,VDC,,3706
KSCOPE1281,TESSERACT,"RADAR O.S.T. (LAGOON 2LP)",2LP,2,0,0,Gatefold,,140,33,,0,"Transparent Violet + Transparent Blue + Black + White",TAKT,,3707
VILELP1311,SIGH,"INFIDEL ART (LP)",LP,1,0,0,Single,4pp,140,33,Black,0,,OPTIMAL,,3708
VILELP1314,SIGH,"INFIDEL ART (MARBLE LP)",LP,1,0,0,Single,4pp,140,33,Marble,0,"White + Light Blue + Blue",OPTIMAL,,3709
CDVILED1311X,SIGH,"INFIDEL ART (2CD)",2CD,2,0,0,Brilliant,12pp,,,,0,,VDC,,3710
SMACD1333,"SPOCK`S BEARD","THE ARCHAEOPTIMIST (CD/DVD)",CD+DVD,2,0,0,Digipack6,8pp,,,,0,,SP,,3711
KSCOPE1280,"TANGERINE DREAM","50 YEARS OF PHAEDRA: AT THE BARBICAN (3LP)",3LP,3,0,0,Gatefold,8pp,140,33,Black,0,,TAKT,,3712
KSCOPE776,"PAUL DRAPER","MANSUN RETOLD (CD)",CD,1,0,0,Digipack4,8pp,,,,0,,VDC,,3713
KSCOPE1125,"PAUL DRAPER","MANSUN RETOLD (SPLATTER LP)",LP,1,0,0,Single,,140,33,,0,,OPTIMAL,,3714
KSCOPE3048,"TANGERINE DREAM","50 YEARS OF PHAEDRA: AT THE BARBICAN (2CD)",2CD,2,0,0,Digipack6,12pp,,,,0,,SP,,3715
KSCOPE1282,"PAUL DRAPER","MANSUN RETOLD (CRYSTAL CLEAR)",LP,1,0,0,Single,,140,33,Clear,0,,OPTIMAL,,3716
KSCOPE1283,"TANGERINE DREAM","50 YEARS OF PHAEDRA: AT THE BARBICAN (COKE 3LP)",3LP,3,0,0,Gatefold,8pp,140,33,Green,0,,TAKT,,3717
VILELP1323,NOVEMBRE,"THE BLUE (LP)",LP,1,0,0,Single,,140,33,,0,,OPTIMAL,,3718
CDVILEF1312,"STATIC ABYSS","THE DYING HUNT (CD)",CD,1,0,0,Jewel,12pp,,,,0,,VDC,,3719
VILELP1312,"STATIC ABYSS","THE DYING HUNT (LP)",LP,1,0,0,Single,,140,33,Black,0,,OPTIMAL,,3720
CDVILED1324X,SIGH,"GHASTLY FUNERAL THEATRE (2CD)",2CD,2,0,0,Brilliant,8pp,,,,0,,VDC,,3721
VILELP1324,SIGH,"GHASTLY FUNERAL THEATRE (LP)",LP,1,0,0,Single,,140,45,Black,0,,OPTIMAL,,3722
SMACD1334,"RICK WAKEMAN","MELANCHOLIA (CD/DVD)",CD+DVD,1,0,0,Digipack6,6pp,,,,0,,SP,,3723
CDVILED1304,ABSCESS,"DAWN OF INHUMANITY (CD)",CD,1,0,0,Jewel,16pp,,,,0,,VDC,,3724
CDVILED1308,ABSCESS,"HORRORHAMMER (CD)",CD,1,0,0,Jewel,12pp,,,,0,,VDC,,3725
CDVILED1307,ABSCESS,"THROUGH THE CRACKS OF DEATH (CD)",CD,1,0,0,Jewel,,,,,0,,VDC,,3726
KSCOPE3049,"PAUL DRAPER","MANSUN RETOLD (Blu-ray)",Blu-ray,1,0,0,Amaray,,,,,0,,OPTIMAL,,3727
CDVILED1325,DOLORIAN,"WHEN ALL THE LAUGHTER HAS GONE (CD)",CD,1,0,0,Jewel,8pp,,,,0,,VDC,,3728
VILELP1325,DOLORIAN,"WHEN ALL THE LAUGHTER HAS GONE (LP)",LP,1,0,0,Single,,140,33,Black,0,,OPTIMAL,,3729
VILELP1326,DARKTHRONE,"AS WOLVES AMONG SHEEP - LIVE IN OSLO `90 (PETROL LP)",LP,1,0,0,Single,,180,33,Blue,0,,TAKT,,3730
VILELP1313,"STATIC ABYSS","THE DYING HUNT (MARBLE LP)",LP,1,0,0,Single,,140,33,Marble,0,"Sun Yellow + Black",OPTIMAL,,3731
VILELP1328,"PARADISE LOST","GOTHIC (35TH ANNIVERSARY LP)",LP,1,0,0,Single,4pp,140,33,MultiColour,0,"Gold + Black Corona",OPTIMAL,,3732
CDVILED1328X,"PARADISE LOST","GOTHIC (35TH ANNIVERSARY 2CD)",2CD,2,0,0,Brilliant,12pp,,,,0,,VDC,,3733
CDVILED1327,"OCTOBER TIDE","GREY DAWN (CD)",CD,1,0,0,Jewel,8pp,,,,0,,SP,,3734
VILELP1327,"OCTOBER TIDE","GREY DAWN (LP)",LP,1,0,0,Single,,140,33,Black,0,,OPTIMAL,,3735
EBVILE034,DARKTHRONE,"THE FIST IN THE FACE OF GOD (9LP/DVD BOXSET)",MixBoxSet,10,1,0,BoxSet,48pp,180,33,Black,0,"9LPs in Twin Slipcase, DVD, Perfect Bound Book and art prints - Initial order: 2,000 units",TAKT,,3736
EBVILE035,DARKTHRONE,"PRE-HISTORIC METAL (BOXSET)",MixBoxSet,3,0,0,BoxSet,,180,33,Splatter,0,"Black + Transparent + Silver + Orange LP, CD, Cassette & Art Prints - Initial order: 1,500 units",TAKT,,3737
VILEMC1311,SIGH,"INFIDEL ART (CASSETTE)",Cassette,1,0,0,Jewel,,,,,0,,,,3738
EBVILE033,"MY DYING BRIDE","ANTHOLOGY OF SOMBRE REFLECTIONS (8LP BOX)",MixBoxSet,8,1,0,BoxSet,48pp,180,33,Black,0,"8LPs in Twin Slipcase, Perfect Bound Book and art prints",TAKT,,3739
KSCOPE1303,MANSUN,"ATTACK OF THE GREY LANTERN (PEARL ARCTIC LP)",LP,1,0,0,Single,,140,33,,0,"Half-Speed Master",OPTIMAL,,3740
VILELP1340,DODHEIMSGARD,"KRONET TIL KONGE (30TH ANNIVERSARY LP)",LP,1,0,0,Single,,140,33,Marble,0,"White + Black",OPTIMAL,,3741
VILELP1341,"CARPATHIAN FOREST","THROUGH CHASM, CAVES & TITAN WOODS (30TH ANNIVERSARY LP)",LP,1,0,0,Single,,140,33,,0,,OPTIMAL,,3742
KSCOPE3060,"ENVY OF NONE","ENVY OF NONE + STYGIAN WAVZ (2CD)",CD,2,0,0,Other,,,,,0,,SP,,3743
KSCOPE3059,"PAUL DRAPER","MANSUN RETOLD (2CD/BD)",MixBoxSet,3,0,0,"Ear book",48pp,,,,0,"Initial order: 1,500 units",TAKT,,3744
CDVILED1350X,SIGH,"HAIL HORROR HAIL (2CD)",2CD,2,0,0,Brilliant,12pp,,,,0,,VDC,,3745
VILELP1350,SIGH,"HAIL HORROR HAIL (LP)",LP,1,0,0,Single,4pp,140,33,Black,0,,OPTIMAL,,3746
SMACD1332,HORSLIPS,"TELL `EM ABOUT IT JOHNNY - LIVE AT WINTERLAND 1978 (CD)",CD,1,0,0,Digipack4,16pp,,,,0,,SP,,3747
SMALP1332,HORSLIPS,"TELL `EM ABOUT IT JOHNNY - LIVE AT WINTERLAND 1978 (CRYSTAL CLEAR LP)",LP,1,0,0,Single,,180,33,Clear,0,,TAKT,,3748
KSCOPE3061,GONG,"BRIGHT SPIRIT (CD)",CD,1,0,0,Digipack4,8pp,,,,0,,SP,,3749
CDVILED1351,THERGOTHON,"STREAM FROM THE HEAVENS (CD)",CD,1,0,0,Jewel,4pp,,,,0,,SP,,3750
CDVILED1352,THERION,"OF DARKNESS (35TH ANNIVERSARY CD)",CD,1,0,0,Jewel,8pp,,,,0,,VDC,,3751
CDVILED1353,TAAKE,"NATTESTID... (CD)",CD,1,0,0,Jewel,8pp,,,,0,,VDC,,3752
VILELP1354,"PARADISE LOST","GOTHIC (GIMME METAL RED LP)",LP,1,0,0,Single,,140,33,Red,0,,OPTIMAL,,3755
VILELP1355,HELLRIPPER,"THE AFFAIR OF THE POISONS (GIMME METAL BLUE LP)",LP,1,0,0,Single,,140,33,Blue,0,,OPTIMAL,,3756
VILELP1270,MORTEM,"MORKETID (LP)",LP,1,0,0,Single,,140,33,Black,0,,OPTIMAL,,3757
CDVILED1356,"AURA NOIR","THE MERCILESS (CD)",CD,1,0,0,Jewel,8pp,,,,0,,SP,,3758
CDVILED1357H,DARKTHRONE,"SEMPITERNAL PAST (2CD)",2CD,1,0,0,Jewel,,,,,0,,OPTIMAL,,3759
CDVILED1358,"THE GATHERING","ALMOST A DANCE (CD)",CD,1,0,0,Jewel,8pp,,,,0,,VDC,,3760
VILELP1329,DARKTHRONE,"A BLAZE IN THE NORTHERN SKY (LP)",LP,1,0,0,Single,,180,33,Black,0,,TAKT,,3762
VILELP1330,DARKTHRONE,"UNDER A FUNERAL MOON (LP)",LP,1,0,0,Single,,180,33,Black,0,,TAKT,,3763
VILELP1331,DARKTHRONE,"TRANSILVANIAN HUNGER (LP)",LP,1,0,0,Single,,180,33,Black,0,,TAKT,,3764
VILELP1332,DARKTHRONE,"PANZERFAUST (LP)",LP,1,0,0,Single,,180,33,Black,0,,TAKT,,3765
VILELP1333,DARKTHRONE,"TOTAL DEATH (LP)",LP,1,0,0,Gatefold,,180,33,Black,0,,TAKT,,3766
VILELP1334,DARKTHRONE,"RAVISHING GRIMNESS (LP)",LP,1,0,0,Single,,140,33,Black,0,"was 180g in EBVILE034",TAKT,,3767
VILELP1335,DARKTHRONE,"PLAGUEWIELDER (LP)",LP,1,0,0,Gatefold,,180,33,Black,0,,TAKT,,3768
VILELP1336,DARKTHRONE,"HATE THEM (LP)",LP,1,0,0,Gatefold,,180,33,Black,0,,TAKT,,3769
VILELP1337,DARKTHRONE,"SARDONIC WRATH (LP)",LP,1,0,0,Single,,140,33,Black,0,"was Gatefold & 180g in EBVILE034",TAKT,,3770
VILELP1360,SIGH,"GHASTLY FUNERAL THEATRE (MARBLE LP)",LP,1,0,0,Single,,140,45,Marble,0,"Crystal Transparent + Silver + Black",OPTIMAL,,3771
CDVILED1361,HELLRIPPER,"WARLOCKS GRIM & WITHERED HAGS (CD)",CD,1,0,0,Jewel,12pp,,,,0,,VDC,,3772
KSCOPE3062,GODSTICKS,"VOiD (CD)",CD,1,0,0,Digipack4,12pp,,,,0,,SP,,3773
SMACD1351,"LOVE WITH JOHNNY ECHOLS","LOVE AND LET LIVE - LIVE AT THE BEACHLAND BALLROOM & TAVERN, CLEVELAND, OHIO - APRIL 30, 2025 (CD)",CD,1,0,0,Digipack4,16pp,,,,0,,SP,,3774
SMALP1351,"LOVE WITH JOHNNY ECHOLS","LOVE AND LET LIVE - LIVE AT THE BEACHLAND BALLROOM & TAVERN, CLEVELAND, OHIO - APRIL 30, 2025 (CREAM WHITE LP)",LP,1,0,0,Single,,180,33,White,0,,OPTIMAL,,3775
KSCOPE1296,"PAUL DRAPER","MANSUN RETOLD (PICTURE DISC)",LP,1,0,0,Single,,180,33,"Picture Disc",0,,TAKT,,3776
KSCOPE1295,"PAUL DRAPER","MANSUN RETOLD (MAGENTA LP)",LP,1,0,0,Single,,140,33,Magenta,0,,OPTIMAL,,3777
KSCOPE1307,GODSTICKS,"VOiD (PEARL SUNRISE LP)",LP,1,0,0,Single,,140,33,White,0,,OPTIMAL,,3778
KSCOPE3064,"PAUL DRAPER","MANSUN RETOLD (ALTERNATE CD)",CD,1,0,0,Digipack4,8pp,,,,0,,VDC,,3780
SMALP1352,"THE PRETTY THINGS","FROM THE OTHER SIDE (COKE BOTTLE GREEN 10``)",10``,1,0,0,Single,,100,45,,0,"Coke Bottle Green",OPTIMAL,,3781
KSCOPE3065,"RICHARD BARBIERI","HAUNTINGS (CD)",CD,1,0,0,Digipack6,,,,,0,,SP,,3782
KSCOPE1309,"RICHARD BARBIERI","HAUNTINGS (2LP)",2LP,1,0,0,Gatefold,,140,45,Black,0,,TAKT,,3783
KSCOPE1310,"THE PINEAPPLE THIEF","YOUR WILDERNESS (10TH ANNIVERSARY 2LP)",2LP,2,0,0,Gatefold,,140,33,Clear,0,,TAKT,,3784
KSCOPE1297,"PAUL DRAPER","MANSUN RETOLD (SPECIAL LP)",LP,1,0,0,Single,,200,33,Black,0,"Signed & Hand Numbered",TAKT,,3785
KSCOPE1311,"RICHARD BARBIERI","HAUNTINGS (RED 2LP)",2LP,1,0,0,Gatefold,,140,45,Red,0,,TAKT,,3786
VILELP1309,"BLINDEAD 23","DEUTERIUM (2LP)",2LP,2,0,0,Gatefold,,140,33,Black,0,"D Side Etching",,,3787
KSCOPE1304,GONG,"BRIGHT SPIRIT (LP)",LP,1,0,0,Single,,140,33,Black,0,,TAKT,,3788
KSCOPE1305,GONG,"BRIGHT SPIRIT (TRANSPARENT TURQUOISE LP)",LP,1,0,0,Single,,140,33,Turquoise,0,,TAKT,,3789
KSCOPE1312,"PAUL DRAPER","MANSUN RETOLD (LP)",LP,1,0,0,Single,,140,33,Black,0,,OPTIMAL,,3790
SMALP1353,"THE SENSATIONAL ALEX HARVEY BAND","LIVE IN THE NEW WORLD - BERLIN `76 (TRANSPARENT TURQUOISE LP)",LP,1,0,0,Single,,180,33,Turquoise,0,,TAKT,,3791
VILELP1362,SIGH,"HAIL HORROR HAIL (MARBLE LP)",LP,1,0,0,Single,4pp,140,33,Marble,0,"Gold + Red",OPTIMAL,,3792
VILELP1342,"MY DYING BRIDE","TOWARDS THE SINISTER DEMOS AND RARITIES (LP)",LP,1,0,0,Single,,180,33,Black,0,,TAKT,,3793
VILELP1343,"MY DYING BRIDE","SYMPHONAIRE INFERNUS EP (LP)",LP,1,0,0,Single,,140,45,Black,0,,TAKT,,3794
VILELP1344,"MY DYING BRIDE","AS THE FLOWER WITHERS (LP)",LP,1,0,0,Single,,180,33,Black,0,"Half-Speed Master",TAKT,,3795
VILELP1345,"MY DYING BRIDE","THE THRASH OF NAKED LIMBS (LP)",LP,1,0,0,Single,,180,45,Black,0,,TAKT,,3796
VILELP1346,"MY DYING BRIDE","TURN LOOSE THE SWANS (LP)",LP,1,0,0,Single,,180,33,Black,0,"Half-Speed Master",TAKT,,3797
VILELP1347,"MY DYING BRIDE","I AM THE BLOODY EARTH (LP)",LP,1,0,0,Single,,180,33,Black,0,,TAKT,,3798
VILELP1348,"MY DYING BRIDE","THE ANGEL AND THE DARK RIVER (LP)",LP,1,0,0,Single,,180,33,Black,0,"Half-Speed Master",TAKT,,3799
VILELP1349,"MY DYING BRIDE","LIKE GODS OF THE SUN (LP)",LP,1,0,0,Single,,180,33,Black,0,,TAKT,,3800
KSCOPE1313,"PAUL DRAPER","MANSUN RETOLD (LP TPs)",LP,1,0,0,,,,,,0,,TAKT,,3801
SMABX1147,GONG,"VISITS TO THE PLANET GONG (BOXSET)",MixBoxSet,29,0,0,BoxSet,,,,,0,,TAKT,,3802
VILELP1363,"AURA NOIR","BLACK THRASH ATTACK (RED 30TH ANNIVERSARY LP)",LP,1,0,0,Single,,140,33,Marble,0,"Transparent Red + Black + White",OPTIMAL,,3803
TRANSM462LP,"PORCUPINE TREE","WE LOST THE SKYLINE (CRYSTAL CLEAR LP)",LP,1,0,0,Single,,180,,Clear,0,"Half-Speed Master",TAKT,,3804
VILELP1339,KVIST,"FOR KUNSTEN MAA VI EVIG VIKE (30TH ANNIVERSARY LP)",LP,1,0,0,Single,,140,33,Marble,0,"Olive + Brown",OPTIMAL,,3805
KSCOPE3066,"JONATHAN HULTEN","CHANTS FROM ANOTHER PLACE (CD)",CD,1,0,0,Digipack4,16pp,,,,0,,OPTIMAL,,3806
CDVILED1366,"AT THE GATES","THE RED IN THE SKY IS OURS (CD)",CD,1,0,0,Jewel,4pp,,,,0,,VDC,,3807
CDVILED1365,"MY DYING BRIDE","THE LIGHT AT THE END OF THE WORLD (CD)",CD,1,0,0,Digipack6,,,,,0,,VDC,,3808
CDVILED1364,"AT THE GATES","TERMINAL SPIRIT DISEASE (CD)",CD,1,0,0,Jewel,8pp,,,,0,,VDC,,3809
CDVILED1367,"AURA NOIR","HADES RISE (CD)",CD,1,0,0,Jewel,8pp,,,,0,,VDC,,3812
VILELP1368,DODHEIMSGARD,"SATANIC ART (LP)",LP,1,0,0,Single,,140,33,Black,0,,TAKT,,3813
VILELP1369,"DIABOLICAL MASQUERADE","THE PHANTOM LODGE (30TH ANNIVERSARY LP)",LP,1,0,0,Single,,140,33,,0,,OPTIMAL,,3814
VILELP1370,"DIABOLICAL MASQUERADE","NIGHTWORK (30TH ANNIVERSARY LP)",LP,1,0,0,Single,,140,33,,0,,OPTIMAL,,3815
CDVILED1371,DARKTHRONE,"THE UNDERGROUND RESISTANCE (CD)",CD,1,0,0,Jewel,12pp,,,,0,,VDC,,3816
KSCOPE1256,"PRINCE OF FAILURE","PRINCE OF FAILURE (CREAM WHITE LP)",LP,1,0,0,Single,,140,33,White,0,,OPTIMAL,,3818
KSCOPE1255,"PRINCE OF FAILURE","PRINCE OF FAILURE (LP)",LP,1,0,0,Single,,140,33,Black,0,,OPTIMAL,,3819
KSCOPE3042,"PRINCE OF FAILURE","PRINCE OF FAILURE (CD)",CD,1,0,0,Digipack4,8pp,,,,0,,SP,,3820
CDVILED1372X,SIGH,"SCENARIO IV: DREAD DREAMS (2CD)",2CD,1,0,0,Brilliant,,,,,0,,VDC,,3821
VILELP1372,SIGH,"SCENARIO IV: DREAD DREAMS (LP)",LP,1,0,0,Single,4pp,140,33,Black,0,,OPTIMAL,,3822
VILELP1373,SIGH,"SCENARIO IV: DREAD DREAMS (MARBLE LP)",LP,1,0,0,Single,4pp,140,33,Marble,0,"Orange + Purple",OPTIMAL,,3823
VILELP1374,"AURA NOIR","OUT TO DIE (LP)",LP,1,0,0,Single,,140,33,Black,0,,TAKT,,3824
CDVILED1374,"AURA NOIR","OUT TO DIE (CD)",CD,1,0,0,Jewel,12pp,,,,0,,VDC,,3825
CDVILED1375,"AURA NOIR","AURA NOIRE (CD)",CD,1,0,0,Jewel,4pp,,,,0,,VDC,,3827
VILELP1376,"AURA NOIR","OUT TO DIE (MARBLE LP)",LP,1,0,0,Single,,140,33,,0,"Black + Transparent + White",TAKT,,3828
VILELP1377,"AURA NOIR","AURA NOIRE (MARBLE LP)",LP,1,0,0,Single,,140,33,,0,"Clear + Black",TAKT,,3829
CDVILEF1383,MORK,"MONOLITT (CD)",CD,1,0,0,Jewel,8pp,,,,0,,VDC,,3830
SMALP1347,"THE SENSATIONAL ALEX HARVEY BAND","A NEW VICTORIAN CHRISTMAS (LP)",LP,1,0,0,Single,,140,33,Black,0,,TAKT,,3831
SMALP1348,"THE SENSATIONAL ALEX HARVEY BAND","LIVE IN THE NEW WORLD - BERLIN `76 (LP)",LP,1,0,0,Single,,140,33,Black,0,,TAKT,,3832
SMALP1349,"THE SENSATIONAL ALEX HARVEY BAND","AFFIRMATIVE - LIVE AT THE VICTORIA GROUND 1975 (LP)",2LP,2,0,0,,,140,33,Black,0,,TAKT,,3833
SMALP1350,"THE SENSATIONAL ALEX HARVEY BAND","FAITH HEALING ON PETER STREET - MANCHESTER `76 (LP)",LP,1,0,0,Single,,140,33,Black,0,,TAKT,,3834
SMALP1346,"THE SENSATIONAL ALEX HARVEY BAND","LIVE IN STEEL CITY (LP)",2LP,2,0,0,,,140,33,Black,0,,TAKT,,3835
EBVILE036,CANDLEMASS,"TBC (40TH ANNIVERSARY 8LP BOX)",MixBoxSet,8,0,0,,,,33,Black,0,,TAKT,,3836
SMABX1354,"PETER MURPHY","TBC (9LP BOX)",MixBoxSet,9,0,0,,,140,33,Black,0,,TAKT,,3838
SMABX1355,"PETER MURPHY","TBC (9CD/DVD)",MixBoxSet,10,0,0,,,,,,0,"9CDs+DVD in Twin Slipcase with 60pp Hardcover Book",TAKT,,3839
VILELP1383,MORK,"MONOLITT (LP)",LP,1,0,0,Gatefold,,140,33,Black,0,,OPTIMAL,,3840
VILELP1384,MORK,"MONOLITT (MARBLE LP)",LP,1,0,0,Gatefold,,140,33,,0,"Pearl Arctic + Black",OPTIMAL,,3841
VILELP1387,KATATONIA,"VIVA EMPTINESS (LP)",LP,1,0,0,Single,,140,33,Black,0,"Half-Speed Master",OPTIMAL,,3842
SMALP1345,"THE SENSATIONAL ALEX HARVEY BAND","A NIGHT AT THE RAINBOW (LP)",LP,1,0,0,Single,,140,33,Black,0,,TAKT,,3843
VILELP1297,MORTEM,"MORKETID (OXBLOOD LP)",LP,1,0,0,Single,,140,33,Red,0,Oxblood,OPTIMAL,,3844
VILELP1388,ANATHEMA,"ETERNITY (30TH ANNIVERSARY LP)",LP,1,0,0,Single,,140,33,,0,"Red + White Sunburst",TAKT,,3845
KSCOPE3069,"RICHARD BARBIERI","HAUNTINGS (CD/BD)",CD+Blu-ray,2,0,0,,,,,,0,"DVD sized Digifile",TAKT,,3846
VILELP1391,ANATHEMA,"PENTECOST III (LP)",LP,1,0,0,Single,,140,33,Black,0,,OPTIMAL,,3847
KSCOPE1314,"BRUCE SOORD","GHOSTS IN THE PARK (LP)",LP,1,0,0,Single,,140,33,Black,0,,TAKT,,3848
KSCOPE3063,"BRUCE SOORD","GHOSTS IN THE PARK (CD)",CD,1,0,0,Digipack4,16pp,,,,0,,SP,,3849
KSCOPE1315,"BRUCE SOORD","GHOSTS IN THE PARK (DARK GREEN LP)",LP,1,0,0,Single,,140,33,"Dark Green",0,,TAKT,,3850
VILELP1306,DARKTHRONE,"PRE-HISTORIC METAL (COKE BOTTLE GREEN LP)",LP,1,0,0,Single,,140,33,,0,"Coke Bottle Green",TAKT,,3851
VILELP1378,DARKTHRONE,"PRE-HISTORIC METAL (SILVER LP)",LP,1,0,0,Single,,140,33,Silver,0,,TAKT,,3852
VILELP1379,DARKTHRONE,"PRE-HISTORIC METAL (TRANSPARENT ORANGE LP)",LP,1,0,0,Single,,140,33,Orange,0,,TAKT,,3853
VILELP1380,DARKTHRONE,"PRE-HISTORIC METAL (WHITE LP)",LP,1,0,0,Single,,140,33,White,0,,TAKT,,3854
VILELP1381,DARKTHRONE,"PRE-HISTORIC METAL (MARBLE LP)",LP,1,0,0,Single,,140,33,Marble,0,Purple,TAKT,,3855
VILELP1382,DARKTHRONE,"PRE-HISTORIC METAL (SPLATTER LP)",LP,1,0,0,Single,,140,33,Splatter,0,"White + Black",TAKT,,3856
KSCOPE1316,"BRUCE SOORD","GHOSTS IN THE PARK (CREAM WHITE LP)",LP,1,0,0,Single,,140,33,Clear,0,"Cream White",TAKT,,3858
KSCOPE3068,"BRUCE SOORD","GHOSTS IN THE PARK (3CD/BD EARBOOK)",MixBoxSet,4,0,0,"Ear book",48pp,,,,0,"- Initial order: 1,500 units",VDC,,3859
VILELP1392,"PARADISE LOST","GOTHIC (OMERCH PEARL RED LP)",LP,1,0,0,Single,4pp,140,33,,0,"Pearl Red",OPTIMAL,,3860
VILELP1393,DARKTHRONE,"PRE-HISTORIC METAL (DARK GREEN LP)",LP,1,0,0,Single,,140,33,"Dark Green",0,,TAKT,,3861
VILELP1310,"BLINDEAD 23","DEUTERIUM (TRANSPARENT RED 2LP)",2LP,2,0,0,Gatefold,,140,33,,0,"D Side Etching",,,3862
VILELP1394,"PARADISE LOST","LOST PARADISE (LP)",LP,1,0,0,Single,,140,33,Black,0,,OPTIMAL,,3863
VILELP1395,"AURA NOIR","BLACK THRASH ATTACK (SILVER 30TH ANNIVERSARY LP)",LP,1,0,0,Single,,140,33,Marble,0,"Silver + Black",OPTIMAL,,3864
CDVILED1396,MAYHEM,"MEDIOLANUM CAPTA EST (CD)",CD,1,0,0,Jewel,4pp,,,,0,,VDC,,3865
CDVILED1398,"AT THE GATES","WITH FEAR I KISS THE BURNING DARKNESS (CD)",CD,1,0,0,Jewel,4pp,,,,0,,VDC,,3866
KSCOPE3053,"THE PINEAPPLE THIEF","SOMEONE HERE IS MISSING (2025 REMASTER CD)",CD,1,0,0,Digipack4,8pp,,,,0,,OPTIMAL,,3867
VILELP1352,THERION,"OF DARKNESS (35TH ANNIVERSARY LP)",LP,1,0,0,Single,,140,33,Marble,0,"Natural + Purple + Blue + White",TAKT,,3868
CDVILEF1309,"BLINDEAD 23","DEUTERIUM (CD)",CD,1,0,0,Digipack4,,,,,0,,,,3869
SMABX1335,"GENTLE GIANT","FRONT ROW CENTER (US Dates 1976-1980)(8CD EARBOOK)",MixBoxSet,8,0,0,"Ear book",,,,,0,,,,3870
KSCOPE1288,"THE PINEAPPLE THIEF","ALL THE WARS (2025 MIX 2LP)",2LP,2,0,0,Single,,140,33,Black,0,,TAKT,,3871
KSCOPE1289,"THE PINEAPPLE THIEF","MAGNOLIA (2025 MIX 2LP)",2LP,2,0,0,Single,,140,33,Black,0,,TAKT,,3872
KSCOPE1287,"THE PINEAPPLE THIEF","SOMEONE HERE IS MISSING (2025 MIX 2LP)",2LP,2,0,0,Single,,140,33,Black,0,,TAKT,,3873
KSCOPE1285,"THE PINEAPPLE THIEF","TIGHTLY UNWOUND (2025 MIX 2LP)",2LP,2,0,0,Single,,140,33,Black,0,,TAKT,,3874
KSCOPE1286,"THE PINEAPPLE THIEF","THE DAWN RAIDS AND RARITIES (2025 MIX 2LP)",2LP,2,0,0,Single,,140,33,Black,0,,TAKT,,3875
KSCOPE1284,"THE PINEAPPLE THIEF","WHAT WE HAVE SOWN (2025 MIX 2LP)",2LP,2,0,0,Single,,140,33,Black,0,,TAKT,,3876
VILELP1401,AUTOPSY,"ACTS OF THE UNSPEAKABLE (LP)",LP,1,0,0,Single,,140,33,Black,0,,OPTIMAL,,3877
VILELP1402,AUTOPSY,"MENTAL FUNERAL (35TH ANNIVERSARY LP)",LP,1,0,0,Single,,140,33,,0,"Red + Dark Green Ink Spot",OPTIMAL,,3878
CDVILED1402X,AUTOPSY,"MENTAL FUNERAL (35TH ANNIVERSARY 2CD)",2CD,2,0,0,Brilliant,4pp,,,,0,,VDC,,3879
VILELP1404,ANATHEMA,"THE SILENT ENIGMA (LP)",LP,1,0,0,,,140,33,Black,0,,TAKT,,3880
VILELP1375,"AURA NOIR","AURA NOIRE (LP)",LP,1,0,0,Single,,140,33,Black,0,,TAKT,,3881
SMALP1337,"RICK WAKEMAN","LIVE IN MELBOURNE - 4TH FEBRUARY 1975 (3LP)",3LP,3,0,0,Gatefold,,140,33,Black,0,,TAKT,,3882
SMALP1339,"RICK WAKEMAN","KING ARTHUR ON ICE - LIVE AT WEMBLEY 1975 (2LP)",2LP,2,0,0,Gatefold,,140,33,Black,0,,TAKT,,3883
SMALP1338,"RICK WAKEMAN","THE OTHER HALF (2LP)",2LP,2,0,0,Gatefold,,140,33,Black,0,,TAKT,,3884
SMALP1340,"RICK WAKEMAN","WHITE ROCK + REFLECTIONS OF WINTER (2LP)",2LP,2,0,0,Gatefold,,140,33,Black,0,,TAKT,,3885
SMALP1341,"RICK WAKEMAN","LIVE AT BOSTON MUSIC HALL, MASSACHUSETTS - 11TH OCTOBER 1975 (3LP)",3LP,3,0,0,Gatefold,,140,33,Black,0,,TAKT,,3886
SMALP1342,"RICK WAKEMAN","THE THREE WIVES - RADIO SESSIONS, 27TH FEBRUARY 1973 (LP)",LP,1,0,0,Single,,140,33,Black,0,,TAKT,,3887
SMALP1343,"RICK WAKEMAN","LIVE IN ANAHEIM - 11TH NOVEMBER 1975 (3LP)",3LP,3,0,0,Gatefold,,140,33,Black,0,,TAKT,,3888
KSCOPE1317,"MICK KARN","EACH EYE A PATH (LP)",LP,1,0,0,Single,,140,33,Black,0,,,,3889
KSCOPE1318,"MICK KARN","MORE BETTER DIFFERENT (LP)",LP,1,0,0,Single,,140,33,Black,0,,,,3890
KSCOPE1319,"MICK KARN","THE CONCRETE TWIN (LP)",LP,1,0,0,Single,,140,33,Black,0,,,,3891
KSCOPE1320,"MICK KARN","THREE PART SPECIES (2LP)",2LP,2,0,0,,,140,33,Black,0,,,,3892
VILELP1397,KATATONIA,"THE FALL OF HEARTS (10TH ANNIVERSARY 2LP)",2LP,2,0,0,Gatefold,,140,33,,0,"Pearl Flip Dawn",OPTIMAL,,3893
SMACD1358,"GENTLE GIANT","IN A GLASS HOUSE (CD)",CD,1,0,0,Digipack4,4pp,,,,0,,SP,,3894
SMALP1358,"GENTLE GIANT","IN A GLASS HOUSE (LP)",LP,1,0,0,Single,,140,33,Black,0,,TAKT,,3895
SMALP1359,"GENTLE GIANT","IN A GLASS HOUSE (ULTRA CLEAR LP)",LP,1,0,0,Single,,140,33,Clear,0,,TAKT,,3896
KSCOPE1306,"LUNATIC SOUL","TRANSITION II (LP)",LP,1,0,0,Single,,140,33,Black,0,,TAKT,,3897
KSCOPE3071,"OZRIC TENTACLES","HARMONIC MIND (CD)",CD,1,0,0,Digipack4,,,,,0,,SP,,3898
KSCOPE3054,"THE PINEAPPLE THIEF","ALL THE WARS (2025 MIX CD)",CD,1,0,0,Digipack4,,,,,0,,OPTIMAL,,3899
KSCOPE3055,"THE PINEAPPLE THIEF","MAGNOLIA (2025 MIX CD)",CD,1,0,0,Digipack4,,,,,0,,OPTIMAL,,3900
KSCOPE3051,"THE PINEAPPLE THIEF","TIGHTLY UNWOUND (2025 MIX CD)",CD,1,0,0,Digipack4,,,,,0,,OPTIMAL,,3901
VILELP1409,KATATONIA,"THE GREAT COLD DISTANCE (20TH ANNIVERSARY LP)",LP,1,0,0,Single,,140,33,Splatter,0,"Half-Speed Master",OPTIMAL,,3902
CDVILED1405P,"VARIOUS ARTISTS","PEACEVILLE SAMPLER - MMXXVI (CD)",CD,1,0,0,Other,,,,,0,,OPTIMAL,,3903
KSCOPE3070,GODSTICKS,"NOWHERE TO BE SEEN (CD)",CD,1,0,0,Other,,,,,0,,OPTIMAL,,3904
KSCOPE1324,"LUNATIC SOUL","TRANSITION II (OLIVE LP)",LP,1,0,0,Single,,140,33,,0,Olive,TAKT,,3906
KSCOPE3072,"LUNATIC SOUL","TRANSITION II (CD)",CD,1,0,0,Jewel,12pp,,,,0,,VDC,,3907
CDVILED1359,CANDLEMASS,"DACTYLIS GLOMERATA (CD)",CD,1,0,0,Jewel,4pp,,,,0,,VDC,,3908
KSCOPE1321,"OZRIC TENTACLES","HARMONIC MIND (LP)",LP,1,0,0,Single,,140,33,Black,0,,TAKT,,3909
KSCOPE1327,MANSUN,"ATTACK OF THE GREY LANTERN (LP)",LP,1,0,0,Single,,140,33,Black,0,"Half-Speed Master",OPTIMAL,,3910
KSCOPE1322,"OZRIC TENTACLES","HARMONIC MIND (COLOUR 1 LP)",LP,1,0,0,Single,,140,33,,0,,TAKT,,3911
KSCOPE1323,"OZRIC TENTACLES","HARMONIC MIND (COLOUR 2 LP)",LP,1,0,0,Single,,140,33,,0,,TAKT,,3912
CDVILEF1410,AVRAK,"AVRAK (CD)",CD,1,0,0,Jewel,,,,,0,,VDC,,3913
VILELP1410,AVRAK,"AVRAK (LP)",LP,1,0,0,Single,,140,33,Black,0,,TAKT,,3914
VILELP1411,AVRAK,"AVRAK (COLOUR LP)",LP,1,0,0,Single,,140,33,,0,,TAKT,,3915
CDVILED1414,CANCER,"DEATH SHALL RISE (35TH ANNIVERSARY CD)",CD,1,0,0,Jewel,,,,,0,,VDC,,3916
VILELP1414,CANCER,"DEATH SHALL RISE (35TH ANNIVERSARY LP)",LP,1,0,0,Single,,140,33,,0,"Green + Blue Galaxy",SP,,3917
SMACD1356,"RICK WAKEMAN","RETURN TO THE RED PLANET (CD)",CD,1,0,0,Digipack4,,,,,0,,SP,,3919
SMALP1356,"RICK WAKEMAN","RETURN TO THE RED PLANET (2LP)",2LP,1,0,0,Gatefold,,140,45,Black,0,,,,3920
KSCOPE3074,GAZPACHO,"MISSA ATROPOS (CD)",CD,1,0,0,Digipack4,4pp,,,,0,,OPTIMAL,,3921
KSCOPE3075,"DALIS CAR","INGLADALONENESS (CD)",CD,1,0,0,Digipack4,,,,,0,,SP,,3922
KSCOPE3076,GAZPACHO,"TICK TOCK (CD)",CD,1,0,0,Digipack4,8pp,,,,0,,VDC,,3923
CDVILED1419,"CRADLE OF FILTH","DARKLY DARKLY VENUS AVERSA (CD)",CD,1,0,0,Jewel,12pp,,,,0,,VDC,,3924
CDVILED1420,"THE GATHERING","ALWAYS... (CD)",CD,1,0,0,Jewel,8pp,,,,0,,OPTIMAL,,3925
CDVILED1421,"THE GATHERING","HOME (CD)",CD,1,0,0,Jewel,8pp,,,,0,,VDC,,3926
SMACDX1363,"PETER GREEN WITH NIGEL WATSON","HOT FOOT POWDER (CD)",CD,1,0,0,Digipack4,8pp,,,,0,,OPTIMAL,,3927
SMALP1364,"CARL PERKINS & FRIENDS","BLUE SUEDE SHOES - A ROCKABILLY SESSION (40TH ANNIVERSARY LP)",LP,1,0,0,Single,,140,33,,0,,VDC,,3928
VILELP1400,ANATHEMA,"ALTERNATIVE 4 (LP)",LP,1,0,0,Single,,140,33,Black,0,,TAKT,,3929
VILELP1359,CANDLEMASS,"DACTYLIS GLOMERATA (PEARL ARCTIC LP)",LP,1,0,0,Single,,140,33,,0,"Pear Arctic",OPTIMAL,,3930
CDVILED1404,ANATHEMA,"THE SILENT ENIGMA (CD)",CD,1,0,0,Jewel,8pp,,,,0,,VDC,,3931
CDVILED1400,ANATHEMA,"ALTERNATIVE 4 (CD)",CD,1,0,0,Jewel,8pp,,,,0,,VDC,,3932
CDVILED1388,ANATHEMA,"ETERNITY (30TH ANNIVERSARY CD)",CD,1,0,0,Jewel,8pp,,,,0,,VDC,,3933
VILELP1338,THORNS,"THORNS (35TH ANNIVERSARY LP)",LP,1,0,0,Single,,140,33,,0,"Red + Black Corona",,,3934
VILELP1423,MYSTICUM,"IN THE STREAMS OF INFERNO (30TH ANNIVERSARY LP)",LP,1,0,0,Single,,140,33,Marble,0,"Transparent Blue + Black",OPTIMAL,,3935
KSCOPE3073,"LUNATIC SOUL","THROUGH SHADED WOODS (CD)",CD,1,0,0,Digipack4,16pp,,,,0,,SP,,3936
KSCOPE1328,"LUNATIC SOUL","THROUGH SHADED WOODS (PEARL FLIP HORIZON LP)",LP,1,0,0,Single,,140,33,,0,,OPTIMAL,,3937
VILELP1415,SIGH,"GOH-KA (LP)",2LP,2,0,0,Gatefold,,140,33,Black,0,,TAKT,,3938
VILELP1416,SIGH,"GOH-KA (COLOUR 1 LP)",2LP,2,0,0,Gatefold,,140,33,,0,,TAKT,,3939
VILELP1417,SIGH,"GOH-KA (COLOUR 2 LP)",2LP,2,0,0,Gatefold,,140,33,,0,,TAKT,,3940
VILELP1418,SIGH,"GOH-KA (COLOUR 3 LP)",2LP,2,0,0,Gatefold,,140,33,,0,,TAKT,,3941
CDVILEF1415,SIGH,"GOH-KA (CD)",CD,1,0,0,Digipack4,12pp,,,,0,,SP,,3942
CDVILED1428,DARKTHRONE,"ETERNAL HAILS...... (CD)",CD,1,0,0,Jewel,,,,,0,,,,3943
VILELP1403,"MY DYING BRIDE","LIKE GODS OF THE SUN (30TH ANNIVERSARY LP)",LP,1,0,0,Single,,140,33,,0,"Transparent Violet + Transparent Blue + Black + White Lagoon",TAKT,,3944
SMACD1357,"RICK WAKEMAN","RETURN TO THE RED PLANET (POP UP CD/BD)",CD,2,0,0,,,,,,0,,,,3945
SMALP1365,"RICK WAKEMAN","RETURN TO THE RED PLANET (POP UP 2LP)",2LP,2,0,0,Gatefold,,180,,,0,,,,3946
CDVILED1427,FIMBULWINTER,"SERVANTS OF SORCERY (CD)",CD,1,0,0,Jewel,12pp,,,,0,,VDC,,3947
SMACD1362,"GENTLE GIANT","IN A GLASS HOUSE (CD/BD)",CD+Blu-ray,2,0,0,Digipack6,,,,,0,,TAKT,,3948
KSCOPE1332,"RICHARD BARBIERI","PLANETS + PERSONA (2LP)",2LP,2,0,0,Single,,140,33,Black,0,,TAKT,,3949
KSCOPE3078,"RICHARD BARBIERI","PLANETS + PERSONA (CD)",CD,1,0,0,Digipack4,,,,,0,,SP,,3950
KSCOPE3079,"RICHARD BARBIERI","THINGS BURIED (CD)",CD,1,0,0,Digipack4,,,,,0,,,,3951
KSCOPE3080,"RICHARD BARBIERI","STRANGER INSIDE (CD)",CD,1,0,0,Digipack4,,,,,0,,,,3952
KSCOPE3077,"MAIAH WYNNE","INTO THE WAVES (CD)",CD,1,0,0,Digipack4,,,,,0,,SP,,3953
SMALP1368,"PETER MURPHY","DUST (2LP)",2LP,2,0,0,Gatefold,,140,33,Black,0,,TAKT,,3954
SMALP1369,"PETER MURPHY","UNSHATTERED (LP)",LP,1,0,0,Single,,140,33,Black,0,,TAKT,,3955
SMALP1370,"PETER MURPHY","NINTH (LP)",LP,1,0,0,Single,,140,33,Black,0,,TAKT,,3956
SMALP1371,"PETER MURPHY","LION (LP)",LP,1,0,0,Single,,140,33,Black,0,,TAKT,,3957
SMALP1372,"PETER MURPHY","BARE-BONES AND SCARED (2LP)",2LP,2,0,0,Gatefold,,140,33,Black,0,,TAKT,,3958
SMALP1373,"PETER MURPHY","ALIVE JUST FOR LOVE (2LP)",2LP,2,0,0,Gatefold,,140,33,Black,0,,TAKT,,3959
KSCOPE1333,ANATHEMA,"WEATHER SYSTEMS (2LP)",2LP,2,0,0,Single,,140,33,Black,0,,TAKT,,3960
CDVILED1429,"MORTA SKULD","DYING REMAINS (CD)",CD,1,0,0,Jewel,16pp,,,,0,,VDC,,3961
CDVILEF1426,"SCORPION MILK","FLESH MASKS FOR SKULLS (CD)",CD,1,0,0,Jewel,,,,,0,,VDC,,3962
VILELP1426,"SCORPION MILK","FLESH MASKS FOR SKULLS (LP)",LP,1,0,0,Single,,140,33,Black,0,,,,3963
